case,module,local_node,global_node,is_bridge_endpoint,distance_to_bridge_endpoint_before,top10_shell,degree_before,degree_after,tau_before,tau_after,delta_tau,tau_before_minus_S_before,tau_after_minus_S_after,delta_tau_centered,tau_ratio,shell,case_label,case_order
shell0-shell0,1,0,0,0,2,0,44,44,480.948346111457,937.46018410199804,456.51183799054002,72.686605658444606,135.464204021619,62.777598363174597,1.9491909925078399,0,shell0-shell0,0
shell0-shell0,1,1,1,0,2,0,34,34,486.888986617466,949.20675706916904,462.31777045170401,78.627246164452899,147.210776988791,68.583530824338098,1.9495342535133899,0,shell0-shell0,0
shell0-shell0,1,4,4,0,1,0,38,38,487.81589622272901,956.90150551118802,469.08560928845901,79.554155769716402,154.90552543081,75.351369661093102,1.96160377905004,0,shell0-shell0,0
shell0-shell0,1,5,5,0,1,0,27,27,466.52160310527103,916.86742841451803,450.34582530924803,58.259862652258001,114.87144833414,56.611585681881799,1.9653268408400499,0,shell0-shell0,0
shell0-shell0,1,6,6,1,0,0,60,61,476.96563144723598,1094.8656624392199,617.900030991986,68.703890994223102,292.86968235884302,224.16579136461999,2.2954812469760499,0,shell0-shell0,0
shell0-shell0,1,7,7,0,2,0,37,37,495.24988884545002,967.305450815624,472.05556197017398,86.988148392437694,165.30947073524601,78.321322342808102,1.95316641679749,0,shell0-shell0,0
shell0-shell0,1,11,11,0,1,0,27,27,492.42816495923699,972.52997483679496,480.10180987755803,84.166424506224203,170.53399475641601,86.367570250191804,1.9749682167698499,0,shell0-shell0,0
shell0-shell0,1,16,16,0,2,0,28,28,481.29197856471802,936.53628873261403,455.244310167896,73.030238111705401,134.54030865223601,61.5100705405303,1.9458796955758499,0,shell0-shell0,0
shell0-shell0,1,19,19,0,2,0,33,33,478.93754509668003,934.82110795318101,455.88356285650099,70.675804643667604,132.82512787280299,62.149323229135,1.9518643245320699,0,shell0-shell0,0
shell0-shell0,1,29,29,0,2,0,28,28,434.24889387384098,849.60757447869901,415.35868060485802,25.987153420828299,47.611594398320001,21.624440977491702,1.95649911022117,0,shell0-shell0,0
shell0-shell0,2,0,1000,0,2,0,44,44,480.948346111457,937.46018410199702,456.51183799054002,72.686605658444606,135.464204021619,62.777598363174299,1.9491909925078399,0,shell0-shell0,0
shell0-shell0,2,1,1001,0,2,0,34,34,486.888986617466,949.20675706916904,462.31777045170401,78.627246164452899,147.210776988791,68.5835308243377,1.9495342535133799,0,shell0-shell0,0
shell0-shell0,2,4,1004,0,1,0,38,38,487.81589622272901,956.90150551118802,469.08560928845901,79.554155769716402,154.90552543080901,75.351369661092903,1.96160377905004,0,shell0-shell0,0
shell0-shell0,2,5,1005,0,1,0,27,27,466.52160310527103,916.86742841451803,450.345825309247,58.259862652258001,114.87144833414,56.6115856818816,1.9653268408400499,0,shell0-shell0,0
shell0-shell0,2,6,1006,1,0,0,60,61,476.96563144723598,1094.8656624392199,617.900030991986,68.703890994223102,292.86968235884302,224.16579136461999,2.2954812469760499,0,shell0-shell0,0
shell0-shell0,2,7,1007,0,2,0,37,37,495.24988884545002,967.305450815624,472.05556197017398,86.988148392437694,165.30947073524499,78.321322342807804,1.95316641679749,0,shell0-shell0,0
shell0-shell0,2,11,1011,0,1,0,27,27,492.42816495923699,972.52997483679405,480.101809877557,84.166424506224203,170.53399475641501,86.367570250191207,1.9749682167698499,0,shell0-shell0,0
shell0-shell0,2,16,1016,0,2,0,28,28,481.29197856471802,936.53628873261403,455.244310167896,73.030238111705401,134.54030865223501,61.510070540529902,1.9458796955758499,0,shell0-shell0,0
shell0-shell0,2,19,1019,0,2,0,33,33,478.93754509668003,934.82110795318101,455.88356285650002,70.675804643667604,132.825127872802,62.149323229134602,1.9518643245320699,0,shell0-shell0,0
shell0-shell0,2,29,1029,0,2,0,28,28,434.24889387384098,849.60757447869798,415.358680604857,25.987153420828299,47.611594398319397,21.624440977491101,1.95649911022117,0,shell0-shell0,0
shell0-shell0,1,2,2,0,-1,1,10,10,479.01356420634801,933.96838917299397,454.95482496664602,70.751823753335501,131.972409092616,61.220585339280397,1.9497744092496301,1,shell0-shell0,0
shell0-shell0,1,3,3,0,2,1,18,18,483.74570238777301,942.83050139404202,459.08479900626901,75.483961934760401,140.834521313663,65.350559378902901,1.9490209354630399,1,shell0-shell0,0
shell0-shell0,1,8,8,0,2,1,23,23,491.16281128304001,957.150178797438,465.98736751439901,82.901070830026896,155.15419871706001,72.253127887032903,1.9487431800814099,1,shell0-shell0,0
shell0-shell0,1,9,9,0,2,1,19,19,461.334565934664,897.58986230374296,436.25529636907902,53.072825481651499,95.593882223364901,42.521056741713302,1.94563756670872,1,shell0-shell0,0
shell0-shell0,1,10,10,0,2,1,19,19,483.84619947836597,945.48630459299397,461.640105114628,75.584459025353496,143.49032451261601,67.905865487262304,1.95410505572292,1,shell0-shell0,0
shell0-shell0,1,12,12,0,-1,1,17,17,483.73419747084301,941.77838590082501,458.044188429982,75.472457017829896,139.782405820446,64.309948802616304,1.9468923033037999,1,shell0-shell0,0
shell0-shell0,1,14,14,0,1,1,22,22,458.99885149428002,912.816022926036,453.81717143175598,50.737111041266999,110.820042845657,60.082931804390199,1.9887109084354899,1,shell0-shell0,0
shell0-shell0,1,15,15,0,-1,1,7,7,434.80649747239198,848.22739772158104,413.420900249189,26.544757019379698,46.231417641202903,19.6866606218233,1.9508158287709101,1,shell0-shell0,0
shell0-shell0,1,18,18,0,-1,1,12,12,454.65372594419102,880.41918562401497,425.765459679824,46.391985491178403,78.423205543636797,32.031220052458401,1.9364609490346201,1,shell0-shell0,0
shell0-shell0,1,20,20,0,-1,1,20,20,470.47632735003202,914.32189009283104,443.84556274279998,62.214586897018897,112.32591001245299,50.111323115433798,1.9433961645695701,1,shell0-shell0,0
shell0-shell0,1,21,21,0,-1,1,5,5,435.94769045824199,843.95954268030005,408.011852222058,27.685950005228801,41.963562599921303,14.2776125946924,1.93591928837421,1,shell0-shell0,0
shell0-shell0,1,22,22,0,2,1,17,17,441.17920911544701,859.45404837395404,418.274839258508,32.917468662433897,57.4580682935756,24.540599631141699,1.94808375058548,1,shell0-shell0,0
shell0-shell0,1,23,23,0,2,1,9,9,428.13622242567902,847.77874965188005,419.6425272262,19.8744819726667,45.782769571501298,25.908287598834601,1.98016123197576,1,shell0-shell0,0
shell0-shell0,1,24,24,0,-1,1,12,12,473.087582386527,916.999109034865,443.911526648338,64.825841933514198,115.003128954487,50.1772870209725,1.9383284262271101,1,shell0-shell0,0
shell0-shell0,1,26,26,0,1,1,12,12,470.32110908997902,934.55874382706497,464.23763473708698,62.059368636965999,132.56276374668701,70.503395109720799,1.9870652746914499,1,shell0-shell0,0
shell0-shell0,1,27,27,0,1,1,7,7,439.002610754476,882.60617828707905,443.60356753260299,30.740870301463499,80.610198206700602,49.8693279052371,2.01048047703001,1,shell0-shell0,0
shell0-shell0,1,28,28,0,2,1,15,15,479.51337413668301,934.79436735225602,455.28099321557397,71.251633683669894,132.798387271878,61.546753588207899,1.9494646401370199,1,shell0-shell0,0
shell0-shell0,1,30,30,0,1,1,7,7,467.27763033963498,937.52126775674606,470.24363741711198,59.015889886621899,135.52528767636801,76.509397789745904,2.0063474193603499,1,shell0-shell0,0
shell0-shell0,1,31,31,0,2,1,4,4,402.01304871065503,788.22721607341805,386.21416736276302,-6.2486917423578898,-13.7687640069603,-7.5200722646023896,1.9607005757684699,1,shell0-shell0,0
shell0-shell0,1,32,32,0,1,1,3,3,407.43227611955899,849.99359751961094,442.56132140005201,-0.82946433345341597,47.9976174392324,48.827081772685801,2.0862205753924701,1,shell0-shell0,0
shell0-shell0,1,33,33,0,-1,1,20,20,459.706897969843,892.05322261179197,432.34632464194902,51.4451575168302,90.057242531413095,38.612085014582902,1.94048256954872,1,shell0-shell0,0
shell0-shell0,1,34,34,0,2,1,23,23,444.556267213794,875.57480716262398,431.01853994882998,36.294526760781203,73.578827082245496,37.284300321464301,1.96954777547101,1,shell0-shell0,0
shell0-shell0,1,36,36,0,1,1,13,13,477.31638189213601,944.42564232009101,467.10926042795597,69.054641439122904,142.429662239713,73.375020800589894,1.97861560622806,1,shell0-shell0,0
shell0-shell0,1,37,37,0,2,1,19,19,453.39376124574301,882.13160595599697,428.73784471025402,45.1320207927307,80.135625875618501,35.003605082887802,1.94561919760928,1,shell0-shell0,0
shell0-shell0,1,38,38,0,-1,1,17,17,459.24279274387902,891.95317278118898,432.71038003730899,50.9810522908666,89.957192700810097,38.976140409943497,1.94222573957439,1,shell0-shell0,0
shell0-shell0,1,41,41,0,-1,1,9,9,468.47606068887302,912.81005100393895,444.33399031506599,60.214320235860399,110.814070923561,50.599750687700499,1.94846680033488,1,shell0-shell0,0
shell0-shell0,1,42,42,0,-1,1,7,7,456.33202492242998,886.499137544208,430.16711262177802,48.070284469416897,84.503157463829396,36.432872994412499,1.9426625551754799,1,shell0-shell0,0
shell0-shell0,1,45,45,0,-1,1,3,3,445.44673570761501,872.72079236412605,427.27405665651099,37.184995254601901,70.724812283747198,33.539817029145297,1.9592034746371301,1,shell0-shell0,0
shell0-shell0,1,46,46,0,1,1,8,8,427.081274472421,856.14880785465402,429.06753338223302,18.8195340194086,54.1528277742756,35.333293754867,2.0046507749895301,1,shell0-shell0,0
shell0-shell0,1,47,47,0,1,1,3,3,420.61986904740701,878.69926987384895,458.07940082644097,12.358128594394699,76.703289793470006,64.345161199075406,2.0890579226888901,1,shell0-shell0,0
shell0-shell0,1,49,49,0,2,1,5,5,437.13967538583802,850.61703100059503,413.47735561475702,28.8779349328256,48.621050920216597,19.743115987391,1.9458701163416601,1,shell0-shell0,0
shell0-shell0,1,50,50,0,2,1,9,9,459.926147713246,898.92121048612796,438.99506277288202,51.664407260233602,96.9252304057499,45.260823145516298,1.95449033492783,1,shell0-shell0,0
shell0-shell0,1,51,51,0,2,1,2,2,404.44846192442299,792.55670051163895,388.10823858721602,-3.8132785285899899,-9.4392795687397193,-5.6260010401497302,1.9595987502104499,1,shell0-shell0,0
shell0-shell0,1,53,53,0,-1,1,8,8,463.80230217717201,903.66226344166796,439.85996126449498,55.540561724159701,101.666283361289,46.125721637129303,1.9483781326649601,1,shell0-shell0,0
shell0-shell0,1,55,55,0,2,1,9,9,438.603368833248,856.75093553923898,418.14756670599098,30.341628380235399,54.7549554588606,24.413327078625201,1.9533615024853299,1,shell0-shell0,0
shell0-shell0,1,56,56,0,-1,1,7,7,470.86163793009302,916.57706968407399,445.71543175398102,62.599897477080297,114.581089603696,51.981192126615603,1.9465953389478601,1,shell0-shell0,0
shell0-shell0,1,57,57,0,1,1,3,3,446.32574598850402,923.38065234293003,477.05490635442698,38.064005535490899,121.384672262552,83.320666727060797,2.06884917718082,1,shell0-shell0,0
shell0-shell0,1,60,60,0,2,1,10,10,453.34029763020902,906.11551823158402,452.775220601375,45.0785571771966,104.119538151206,59.040980974009202,1.9987535257029001,1,shell0-shell0,0
shell0-shell0,1,64,64,0,-1,1,17,17,490.261108409504,952.37205282334696,462.11094441384301,81.9993679564909,150.37607274296801,68.376704786477404,1.94258128268223,1,shell0-shell0,0
shell0-shell0,1,66,66,0,-1,1,5,5,492.19267602178599,958.326453905054,466.13377788326699,83.930935568773705,156.33047382467501,72.399538255901206,1.9470554938989699,1,shell0-shell0,0
shell0-shell0,1,71,71,0,1,1,6,6,426.93960099671301,880.27710527464205,453.33750427792899,18.677860543700401,78.281125194263694,59.603264650563297,2.0618305334515399,1,shell0-shell0,0
shell0-shell0,1,72,72,0,2,1,7,7,444.86843581413802,872.31662979617397,427.44819398203498,36.606695361125702,70.320649715795,33.713954354669198,1.9608418120287101,1,shell0-shell0,0
shell0-shell0,1,73,73,0,-1,1,3,3,403.27771968872401,785.55565971266299,382.27794002393898,-4.9840207642888599,-16.440320367715501,-11.456299603426601,1.9479272505285099,1,shell0-shell0,0
shell0-shell0,1,74,74,0,-1,1,10,10,427.47724923542,827.69477560376504,400.217526368346,19.2155087824069,25.6987955233867,6.4832867409797901,1.93623117273298,1,shell0-shell0,0
shell0-shell0,1,76,76,0,-1,1,2,2,355.991897135942,698.28045034214404,342.28855320620198,-52.269843317070404,-103.715529738234,-51.445686421163799,1.96150658472851,1,shell0-shell0,0
shell0-shell0,1,77,77,0,1,1,5,5,433.04458193971698,880.23219603026996,447.18761409055298,24.7828414867042,78.236215949891402,53.453374463187203,2.03265952915861,1,shell0-shell0,0
shell0-shell0,1,79,79,0,2,1,11,11,460.13840620246202,894.81453355148801,434.67612734902502,51.876665749449401,92.818553471109098,40.941887721659697,1.9446638695874601,1,shell0-shell0,0
shell0-shell0,1,80,80,0,-1,1,13,13,446.95604405598903,865.82500072876201,418.86895667277298,38.694303602976099,63.8290206483831,25.134717045407001,1.9371591731295701,1,shell0-shell0,0
shell0-shell0,1,82,82,0,2,1,3,3,409.36479294456598,796.48446219087498,387.11966924630798,1.1030524915536799,-5.5115178895038097,-6.6145703810574901,1.9456594116503101,1,shell0-shell0,0
shell0-shell0,1,84,84,0,1,1,5,5,441.975113828242,899.54628962830895,457.57117580006701,33.713373375229402,97.550309547930595,63.8369361727013,2.0352871948756102,1,shell0-shell0,0
shell0-shell0,1,85,85,0,1,1,11,11,448.30068217809099,901.73930098789401,453.43861880980302,40.038941725078097,99.743320907515098,59.704379182437002,2.01146091638038,1,shell0-shell0,0
shell0-shell0,1,87,87,0,-1,1,5,5,460.804388547131,895.48136034554705,434.67697179841599,52.542648094118,93.485380265168104,40.942732171050203,1.94330041684045,1,shell0-shell0,0
shell0-shell0,1,88,88,0,-1,1,2,2,402.73014692271698,781.11537675285001,378.385229830132,-5.5315935302953099,-20.880603327528899,-15.349009797233601,1.93955029868361,1,shell0-shell0,0
shell0-shell0,1,89,89,0,-1,1,3,3,420.92467962035403,816.47264352965499,395.54796390930102,12.662939167341399,14.4766634492767,1.8137242819352699,1.9397119795067801,1,shell0-shell0,0
shell0-shell0,1,90,90,0,-1,1,4,4,433.32855638417101,851.24367016797601,417.91511378380602,25.066815931157901,49.247690087597903,24.180874156440002,1.96443012496342,1,shell0-shell0,0
shell0-shell0,1,91,91,0,2,1,5,5,434.23288792646599,849.26171153132998,415.02882360486399,25.971147473453399,47.265731450951797,21.294583977498402,1.95577473550356,1,shell0-shell0,0
shell0-shell0,1,93,93,0,2,1,2,2,378.18408886980501,746.00439744742505,367.82030857761998,-30.077651583207601,-55.991582632953197,-25.9139310497455,1.9725959378059601,1,shell0-shell0,0
shell0-shell0,1,97,97,0,2,1,5,5,419.41310400882901,818.95303827153305,399.53993426270398,11.1513635558165,16.9570581911548,5.8056946353383401,1.9526167171312201,1,shell0-shell0,0
shell0-shell0,1,98,98,0,-1,1,8,8,461.66378197018901,896.10915159785498,434.44536962766603,53.402041517176698,94.1131715174769,40.711130000300201,1.94104278176996,1,shell0-shell0,0
shell0-shell0,1,101,101,0,2,1,3,3,432.10713952663502,843.86998776242899,411.76284823579499,23.845399073621898,41.874007682050802,18.028608608428801,1.95291840974179,1,shell0-shell0,0
shell0-shell0,1,103,103,0,1,1,6,6,411.91178329167798,837.72150284099803,425.80971954931999,3.65004283866483,35.725522760619,32.075479921954198,2.0337400793601499,1,shell0-shell0,0
shell0-shell0,1,105,105,0,-1,1,2,2,395.730558806131,767.98888982750805,372.25833102137699,-12.531181646881601,-34.007090252870299,-21.4759086059886,1.9406863400805701,1,shell0-shell0,0
shell0-shell0,1,107,107,0,-1,1,8,8,416.60220824455598,807.71225020437703,391.11004195982201,8.3404677915430092,5.7162701239989202,-2.6241976675440801,1.93880933470768,1,shell0-shell0,0
shell0-shell0,1,109,109,0,-1,1,8,8,420.66437598490199,814.85293140018803,394.188555415287,12.402635531889199,12.8569513198099,0.45431578792073402,1.9370618904735499,1,shell0-shell0,0
shell0-shell0,1,111,111,0,-1,1,4,4,413.14535300980901,805.65491203646604,392.50955902665697,4.88361255679638,3.6589319560877098,-1.2246806007086699,1.9500519760592301,1,shell0-shell0,0
shell0-shell0,1,116,116,0,-1,1,2,2,410.95510262867498,799.11422729717003,388.159124668495,2.6933621756622901,-2.88175278320898,-5.5751149588712696,1.94452927384435,1,shell0-shell0,0
shell0-shell0,1,119,119,0,-1,1,9,9,449.38821404943798,871.07353562112996,421.68532157169102,41.126473596425697,69.077555540751206,27.951081944325399,1.93835420776144,1,shell0-shell0,0
shell0-shell0,1,121,121,0,-1,1,9,9,440.43895882709199,854.02357307097202,413.58461424388003,32.1772183740797,52.027592990593497,19.8503746165138,1.9390282261707099,1,shell0-shell0,0
shell0-shell0,1,125,125,0,2,1,9,9,441.73728150719398,856.72531635415703,414.98803484696401,33.4755410541811,54.729336273778799,21.253795219597698,1.9394453495775501,1,shell0-shell0,0
shell0-shell0,1,127,127,0,2,1,4,4,445.61057835183601,873.74770467186499,428.13712632003001,37.348837898823,71.751724591486905,34.402886692663898,1.9607876184258599,1,shell0-shell0,0
shell0-shell0,1,131,131,0,1,1,9,9,431.89574427588701,869.48412404578005,437.58837976989298,23.634003822874,67.488143965401704,43.854140142527697,2.0131805778812502,1,shell0-shell0,0
shell0-shell0,1,132,132,0,-1,1,6,6,412.72885876571002,802.98754664123499,390.25868787552503,4.4671183126971501,0.99156656085642703,-3.47555175184073,1.945557063886,1,shell0-shell0,0
shell0-shell0,1,135,135,0,-1,1,6,6,421.39354539390501,823.27806776948,401.88452237557402,13.131804940892399,21.282087689101001,8.15028274820855,1.95370355518831,1,shell0-shell0,0
shell0-shell0,1,137,137,0,-1,1,7,7,442.091406355993,858.19451506479402,416.10310870880102,33.829665902980501,56.198534984415197,22.368869081434699,1.94121510331674,1,shell0-shell0,0
shell0-shell0,1,139,139,0,1,1,7,7,394.87402079421003,813.409436252707,418.53541545849703,-13.387719658802601,11.4134561723288,24.8011758311313,2.0599213759788402,1,shell0-shell0,0
shell0-shell0,1,140,140,0,2,1,8,8,421.887536561167,821.79093569627605,399.903399135109,13.6257961081545,19.794955615897301,6.1691595077427896,1.94789100051342,1,shell0-shell0,0
shell0-shell0,1,143,143,0,1,1,12,12,433.77691169855598,862.89399823879501,429.11708654023897,25.5151712455433,60.898018158416598,35.382846912873198,1.98925755375022,1,shell0-shell0,0
shell0-shell0,1,147,147,0,1,1,6,6,445.78575860032799,905.85168122642199,460.06592262609399,37.524018147315402,103.855701146044,66.331682998728496,2.0320336927554701,1,shell0-shell0,0
shell0-shell0,1,148,148,0,-1,1,4,4,403.55027220739498,784.83472308976798,381.28445088237402,-4.7114682456181098,-17.161256990610401,-12.449788744992199,1.94482516093168,1,shell0-shell0,0
shell0-shell0,1,151,151,0,-1,1,3,3,408.09267600068699,793.42743198429298,385.33475598360599,-0.16906445232598299,-8.5685480960853493,-8.3994836437593694,1.9442334514794299,1,shell0-shell0,0
shell0-shell0,1,152,152,0,-1,1,7,7,452.41803090080202,877.52503933878495,425.10700843798298,44.156290447789097,75.529059258406207,31.372768810617099,1.93963321398035,1,shell0-shell0,0
shell0-shell0,1,153,153,0,2,1,2,2,383.93869118003602,761.19650052044699,377.25780934041097,-24.323049272976402,-40.799479559931598,-16.4764302869552,1.98259909200843,1,shell0-shell0,0
shell0-shell0,1,154,154,0,-1,1,6,6,421.48417959842499,819.51344884440698,398.02926924598103,13.2224391454124,17.517468764028099,4.2950296186156702,1.94435162341137,1,shell0-shell0,0
shell0-shell0,1,159,159,0,1,1,3,3,387.12077612739,810.98123315815803,423.86045703076798,-21.1409643256228,8.9852530777795891,30.1262174034024,2.0949049577522199,1,shell0-shell0,0
shell0-shell0,1,160,160,0,-1,1,5,5,441.76784513971,860.00646627563196,418.23862113592202,33.506104686697,58.0104861952532,24.5043815085562,1.9467384865995701,1,shell0-shell0,0
shell0-shell0,1,164,164,0,-1,1,4,4,437.39836317547599,849.28377706517404,411.88541388969799,29.136622722462999,47.287796984795101,18.151174262332201,1.9416711368086601,1,shell0-shell0,0
shell0-shell0,1,165,165,0,2,1,15,15,439.75584268747099,864.10312081835605,424.347278130885,31.494102234458499,62.107140737977403,30.613038503518901,1.9649610919040399,1,shell0-shell0,0
shell0-shell0,1,167,167,0,-1,1,2,2,382.88390036462602,745.98077905168998,363.09687868706499,-25.377840088387099,-56.015201028688402,-30.6373609403012,1.9483210924807299,1,shell0-shell0,0
shell0-shell0,1,171,171,0,-1,1,2,2,355.991897135942,698.28045034214404,342.28855320620198,-52.269843317070297,-103.715529738234,-51.445686421164098,1.96150658472851,1,shell0-shell0,0
shell0-shell0,1,172,172,0,-1,1,7,7,429.90552341541598,839.432695451227,409.52717203581102,21.643782962403598,37.436715370848603,15.7929324084449,1.9525980703441299,1,shell0-shell0,0
shell0-shell0,1,173,173,0,-1,1,3,3,399.04643559703601,772.95734694849205,373.91091135145598,-9.2153048559765107,-29.038633131886499,-19.823328275910001,1.9370110292854199,1,shell0-shell0,0
shell0-shell0,1,176,176,0,-1,1,2,2,386.44695243227602,753.18267998885801,366.73572755658199,-21.814788020737002,-48.813300091520397,-26.998512070783502,1.94899371116364,1,shell0-shell0,0
shell0-shell0,1,177,177,0,-1,1,3,3,412.68384481145,799.31547344254898,386.63162863109898,4.4221043584377098,-2.6805066378295801,-7.1026109962672903,1.93687124778956,1,shell0-shell0,0
shell0-shell0,1,180,180,0,-1,1,5,5,427.18533743384501,830.83528292138999,403.64994548754498,18.923596980831899,28.8393028410112,9.9157058601792905,1.9449058994213599,1,shell0-shell0,0
shell0-shell0,1,185,185,0,2,1,13,13,424.53739833073303,826.22293394225505,401.68553561152203,16.275657877720601,24.226953861876499,7.9512959841559301,1.9461723211922799,1,shell0-shell0,0
shell0-shell0,1,187,187,0,2,1,2,2,396.38393772927998,783.53378849655599,387.14985076727697,-11.877802723733099,-18.4621915838223,-6.5843888600892901,1.9767041847989599,1,shell0-shell0,0
shell0-shell0,1,188,188,0,2,1,5,5,405.423173659903,793.80955138324703,388.386377723343,-2.8385667931094098,-8.1864286971317597,-5.3478619040223503,1.95797774512305,1,shell0-shell0,0
shell0-shell0,1,196,196,0,2,1,2,2,379.90612073008901,741.42760050341099,361.52147977332203,-28.3556197229242,-60.568379576967899,-32.212759854043703,1.9516074104796299,1,shell0-shell0,0
shell0-shell0,1,199,199,0,1,1,9,9,451.24044250195499,905.40827680181405,454.16783429985901,42.978702048942097,103.412296721435,60.4335946724932,2.00648743224715,1,shell0-shell0,0
shell0-shell0,1,200,200,0,-1,1,3,3,410.35324334327601,798.17393283439299,387.82068949111698,2.0915028902633099,-3.8220472459859098,-5.9135501362492304,1.9450898604612501,1,shell0-shell0,0
shell0-shell0,1,201,201,0,-1,1,2,2,373.70466375685902,733.80742706569504,360.10276330883602,-34.557076696154098,-68.188553014683706,-33.6314763185296,1.9636025402752999,1,shell0-shell0,0
shell0-shell0,1,203,203,0,2,1,2,2,395.581059738254,771.99375005281297,376.41269031455897,-12.6806807147586,-30.002230027565702,-17.3215493128071,1.9515437634036901,1,shell0-shell0,0
shell0-shell0,1,204,204,0,2,1,4,4,416.243790208446,808.36535907155496,392.12156886310902,7.9820497554332501,6.3693789911765197,-1.6126707642567299,1.9420478529343199,1,shell0-shell0,0
shell0-shell0,1,207,207,0,2,1,4,4,407.29671358710999,813.81697181389404,406.52025822678399,-0.96502686590270104,11.820991733515701,12.7860185994184,1.9980936370600999,1,shell0-shell0,0
shell0-shell0,1,208,208,0,1,1,2,2,376.00584964291801,802.00734926320001,426.001499620282,-32.255890810094698,0.011369182821908901,32.2672599929166,2.1329650855826898,1,shell0-shell0,0
shell0-shell0,1,209,209,0,2,1,2,2,378.18408886980501,746.00439744742505,367.82030857761998,-30.077651583207601,-55.991582632953403,-25.913931049745798,1.9725959378059601,1,shell0-shell0,0
shell0-shell0,1,210,210,0,-1,1,2,2,380.64004311143702,740.31970016295304,359.67965705151602,-27.621697341575999,-61.676279917425703,-34.0545825758497,1.9449338385720401,1,shell0-shell0,0
shell0-shell0,1,213,213,0,2,1,7,7,428.29282007148998,835.18213800998001,406.88931793849099,20.031079618476799,33.186157929601798,13.155078311124999,1.9500260076052001,1,shell0-shell0,0
shell0-shell0,1,214,214,0,-1,1,2,2,411.810410294436,801.67919048422903,389.86878018979201,3.5486698414236999,-0.31678959614964702,-3.86545943757335,1.9467190980214499,1,shell0-shell0,0
shell0-shell0,1,221,221,0,2,1,5,5,438.18295005034503,851.99369269133604,413.81074264099101,29.9212095973324,49.997712610957102,20.076503013624698,1.94437892344612,1,shell0-shell0,0
shell0-shell0,1,222,222,0,-1,1,2,2,378.07061850239302,734.61230084974,356.54168234734698,-30.191121950619898,-67.383679230638805,-37.192557280018903,1.9430557808477,1,shell0-shell0,0
shell0-shell0,1,223,223,0,2,1,5,5,394.48255994809602,767.93773087909096,373.45517093099602,-13.7791805049172,-34.058249201287303,-20.2790686963701,1.94669627721979,1,shell0-shell0,0
shell0-shell0,1,224,224,0,2,1,7,7,394.88914053342103,767.95196364788796,373.06282311446699,-13.3725999195916,-34.0440164324908,-20.671416512899199,1.94472798773481,1,shell0-shell0,0
shell0-shell0,1,228,228,0,-1,1,5,5,409.18106243296,795.329969213769,386.148906780809,0.91932197994725595,-6.6660108666100104,-7.58533284655726,1.9437115796239299,1,shell0-shell0,0
shell0-shell0,1,229,229,0,2,1,8,8,436.15527899901201,849.16354352101496,413.00826452200403,27.893538545998801,47.167563440636698,19.274024894638,1.94692941805008,1,shell0-shell0,0
shell0-shell0,1,230,230,0,2,1,3,3,390.72330899498701,767.803627902617,377.08031890762999,-17.538431458025499,-34.192352177761101,-16.653920719735599,1.96508273304081,1,shell0-shell0,0
shell0-shell0,1,234,234,0,-1,1,4,4,425.54384353268301,825.46770675173798,399.92386321905502,17.2821030796703,23.4717266713591,6.18962359168881,1.93979473395516,1,shell0-shell0,0
shell0-shell0,1,235,235,0,2,1,7,7,407.488509000146,815.91814897002303,408.42963996987697,-0.77323145286692396,13.9221688896447,14.695400342511601,2.00230958897968,1,shell0-shell0,0
shell0-shell0,1,238,238,0,2,1,8,8,447.87659939166701,884.447258137532,436.57065874586402,39.614858938654699,82.451278057153004,42.836419118498299,1.9747565720978499,1,shell0-shell0,0
shell0-shell0,1,240,240,0,1,1,2,2,390.32485015479398,834.19227178607605,443.86742163128201,-17.936890298218501,32.196291705697298,50.133182003915699,2.1371743855285001,1,shell0-shell0,0
shell0-shell0,1,242,242,0,2,1,4,4,406.05532546832097,790.43683599424401,384.38151052592298,-2.2064149846917802,-11.5591440861349,-9.3527291014431206,1.9466234929503701,1,shell0-shell0,0
shell0-shell0,1,243,243,0,1,1,6,6,429.943974895841,869.02770745078499,439.08373255494399,21.682234442828701,67.031727370406799,45.349492927578098,2.0212580200974202,1,shell0-shell0,0
shell0-shell0,1,249,249,0,1,1,5,5,418.895592354911,854.69054544494395,435.794953090033,10.633851901898099,52.694565364565598,42.060713462667501,2.0403426558873998,1,shell0-shell0,0
shell0-shell0,1,252,252,0,2,1,7,7,440.993786544214,868.05359475292903,427.05980820871503,32.732046091201397,66.0576146725504,33.325568581349003,1.9684032320620899,1,shell0-shell0,0
shell0-shell0,1,254,254,0,-1,1,7,7,413.34302945591901,805.32513617097698,391.98210671505802,5.0812890029062601,3.32915609059796,-1.7521329123083,1.94832156049909,1,shell0-shell0,0
shell0-shell0,1,255,255,0,-1,1,2,2,395.45007662691802,767.05656554509801,371.60648891817902,-12.8116638260946,-34.939414535280903,-22.127750709186301,1.93970518880128,1,shell0-shell0,0
shell0-shell0,1,256,256,0,2,1,3,3,424.14673120577902,826.23515963664704,402.08842843086802,15.8849907527659,24.239179556267999,8.3541888035021508,1.9479936985198401,1,shell0-shell0,0
shell0-shell0,1,259,259,0,2,1,6,6,436.54516762578999,850.604664699159,414.05949707336998,28.283427172776999,48.6086846187807,20.3252574460037,1.9484917662135399,1,shell0-shell0,0
shell0-shell0,1,261,261,0,2,1,3,3,403.96049985815802,787.34562231381699,383.38512245565897,-4.3012405948548498,-14.650357766561701,-10.3491171717068,1.94906586804966,1,shell0-shell0,0
shell0-shell0,1,263,263,0,2,1,3,3,382.95649336442,752.116491365662,369.15999800124098,-25.305247088592399,-49.8794887147168,-24.574241626124401,1.96397372651402,1,shell0-shell0,0
shell0-shell0,1,264,264,0,-1,1,6,6,417.72486455984398,811.11099806491302,393.38613350506898,9.4631241068312306,9.1150179845340098,-0.34810612229722399,1.9417350195794001,1,shell0-shell0,0
shell0-shell0,1,265,265,0,2,1,6,6,448.88062103338399,875.87312496814604,426.992503934762,40.618880580370998,73.8771448877674,33.258264307396402,1.9512384449829201,1,shell0-shell0,0
shell0-shell0,1,268,268,0,-1,1,8,8,445.30600076873202,869.54808169354499,424.24208092481302,37.0442603157192,67.5521016131663,30.507841297447101,1.9526978756011499,1,shell0-shell0,0
shell0-shell0,1,271,271,0,-1,1,3,3,405.490917727961,787.89380822005705,382.40289049209701,-2.7708227250522,-14.102171860321301,-11.3313491352691,1.94306154286949,1,shell0-shell0,0
shell0-shell0,1,287,287,0,-1,1,3,3,392.283999383393,760.35043658959205,368.066437206199,-15.9777410696194,-41.645543490786402,-25.667802421167,1.93826523076327,1,shell0-shell0,0
shell0-shell0,1,289,289,0,1,1,3,3,394.82983918476998,824.18741017079299,429.35757098602301,-13.431901268242999,22.191430090414499,35.623331358657502,2.08744965140564,1,shell0-shell0,0
shell0-shell0,1,301,301,0,2,1,2,2,383.41740202774901,747.44479566082202,364.02739363307302,-24.8443384252637,-54.551184419556201,-29.7068459942925,1.9494284602312499,1,shell0-shell0,0
shell0-shell0,1,305,305,0,-1,1,2,2,365.95841224129799,711.103884472696,345.145472231398,-42.303328211714302,-90.892095607682194,-48.588767395967899,1.9431275814034901,1,shell0-shell0,0
shell0-shell0,1,306,306,0,-1,1,3,3,423.39646400358703,820.30188847940803,396.90542447582101,15.1347235505746,18.305908399029601,3.17118484845503,1.9374320718759199,1,shell0-shell0,0
shell0-shell0,1,307,307,0,-1,1,4,4,426.80652731991597,828.41258508971305,401.60605776979702,18.544786866903301,26.416605009334699,7.8718181424313798,1.9409557541016,1,shell0-shell0,0
shell0-shell0,1,314,314,0,1,1,5,5,417.93508414955301,851.68773733955902,433.75265319000499,9.6733436965407105,49.691757259180001,40.018413562639303,2.0378469519318698,1,shell0-shell0,0
shell0-shell0,1,315,315,0,2,1,2,2,399.43619008407097,778.80574120118797,379.36955111711802,-8.8255503689421708,-23.190238879190101,-14.364688510248,1.9497625917102599,1,shell0-shell0,0
shell0-shell0,1,318,318,0,-1,1,5,5,418.64876267283199,812.97593813639901,394.32717546356798,10.387022219819,10.9799580560208,0.59293583620183199,1.94190455250844,1,shell0-shell0,0
shell0-shell0,1,320,320,0,1,1,6,6,442.94296299950298,894.81337068961102,451.870407690109,34.681222546489899,92.817390609232703,58.136168062742698,2.0201548403210898,1,shell0-shell0,0
shell0-shell0,1,321,321,0,2,1,5,5,416.25121907560799,818.14343389336705,401.892214817759,7.9894786225952998,16.147453812988399,8.1579751903930706,1.9655039947036399,1,shell0-shell0,0
shell0-shell0,1,327,327,0,-1,1,4,4,381.03294171503597,743.56813310790096,362.53519139286499,-27.228798737977201,-58.427846972477496,-31.1990482345003,1.95145367159356,1,shell0-shell0,0
shell0-shell0,1,332,332,0,2,1,2,2,395.44838535632601,771.35724555193804,375.90886019561202,-12.813355096687101,-30.638734528440501,-17.825379431753401,1.95058893680118,1,shell0-shell0,0
shell0-shell0,1,336,336,0,1,1,3,3,399.58931233921101,836.36625842131696,436.77694608210498,-8.6724281138013506,34.370278340938299,43.042706454739601,2.0930646356009799,1,shell0-shell0,0
shell0-shell0,1,341,341,0,2,1,2,2,346.20886975424901,675.01852361328497,328.80965385903698,-62.052870698764103,-126.97745646709301,-64.924585768329095,1.9497435871369699,1,shell0-shell0,0
shell0-shell0,1,346,346,0,1,1,4,4,443.06588801040999,908.291928690281,465.22604067986998,34.804147557397499,106.295948609902,71.491801052504599,2.0500154791175,1,shell0-shell0,0
shell0-shell0,1,349,349,0,1,1,2,2,367.794744608857,786.50377128824402,418.70902667938702,-40.466995844155299,-15.4922087921345,24.974787052020801,2.1384312386645901,1,shell0-shell0,0
shell0-shell0,1,351,351,0,-1,1,4,4,420.44798040127898,819.464604750999,399.016624349719,12.1862399482665,17.468624670619999,5.2823847223535303,1.94902733025116,1,shell0-shell0,0
shell0-shell0,1,352,352,0,-1,1,3,3,418.01079184922401,813.01731413025004,395.00652228102598,9.74905139621114,11.021334049871401,1.2722826536602301,1.9449672831018801,1,shell0-shell0,0
shell0-shell0,1,360,360,0,1,1,4,4,406.99217094096298,837.55185168516903,430.55968074420701,-1.2695695120499999,35.555871604790902,36.825441116840899,2.0579065433832699,1,shell0-shell0,0
shell0-shell0,1,363,363,0,1,1,2,2,391.87252161584598,835.49554604481398,443.62302442896799,-16.389218837166801,33.499565964435099,49.888784801601801,2.1320595345642901,1,shell0-shell0,0
shell0-shell0,1,367,367,0,-1,1,2,2,367.7365345851,714.12626954807695,346.38973496297598,-40.525205867912398,-87.869710532301696,-47.344504664389298,1.9419508326900199,1,shell0-shell0,0
shell0-shell0,1,368,368,0,2,1,4,4,409.82745985364198,799.79233571878399,389.96487586514201,1.56571940062929,-2.2036443615946801,-3.76936376222397,1.95153427738689,1,shell0-shell0,0
shell0-shell0,1,371,371,0,2,1,3,3,434.53608631131402,855.161854837345,420.625768526032,26.274345858300801,53.1658747569669,26.891528898666099,1.9679881183094301,1,shell0-shell0,0
shell0-shell0,1,372,372,0,2,1,2,2,374.12574867922501,729.522321756368,355.39657307714299,-34.135991773787403,-72.473658324010103,-38.3376665502227,1.9499388222590901,1,shell0-shell0,0
shell0-shell0,1,373,373,0,-1,1,2,2,357.323883736737,694.47351393519898,337.14963019846198,-50.937856716275498,-107.52246614518,-56.584609428904301,1.9435407078661999,1,shell0-shell0,0
shell0-shell0,1,378,378,0,1,1,4,4,389.128746101898,803.97349894429306,414.844752842395,-19.132994351115101,1.9775188639141601,21.1105132150293,2.0660861141668598,1,shell0-shell0,0
shell0-shell0,1,386,386,0,1,1,2,2,390.23810897182,830.75855884225302,440.52044987043399,-18.023631481193199,28.7625787618747,46.786210243067899,2.12885041143495,1,shell0-shell0,0
shell0-shell0,1,391,391,0,2,1,3,3,413.88060513397301,826.81204020009102,412.93143506611801,5.6188646809604803,24.816060119712201,19.197195438751699,1.9977066572917801,1,shell0-shell0,0
shell0-shell0,1,393,393,0,1,1,3,3,401.35214910840398,841.84823852125498,440.49608941285101,-6.9095913446085397,39.852258440876803,46.761849785485303,2.0975301624556,1,shell0-shell0,0
shell0-shell0,1,394,394,0,-1,1,5,5,440.72907576783001,862.31706005492504,421.58798428709503,32.467335314817298,60.321079974546699,27.853744659729401,1.9565694833103799,1,shell0-shell0,0
shell0-shell0,1,396,396,0,1,1,3,3,338.40816204452801,717.82297018878501,379.41480814425699,-69.853578408484495,-84.173009891593196,-14.319431483108801,2.12117510952449,1,shell0-shell0,0
shell0-shell0,1,400,400,0,-1,1,5,5,415.28462493323599,807.54624267046597,392.26161773722998,7.0228844802231301,5.5502625900870699,-1.4726218901360499,1.9445608967591601,1,shell0-shell0,0
shell0-shell0,1,407,407,0,1,1,5,5,376.44046264510501,774.39273480034103,397.95227215523602,-31.821277807907801,-27.603245280037399,4.2180325278703803,2.0571453168423401,1,shell0-shell0,0
shell0-shell0,1,408,408,0,-1,1,4,4,406.075116438495,787.49893087192902,381.42381443343402,-2.1866240145179701,-14.4970492084499,-12.3104251939319,1.9392937389976801,1,shell0-shell0,0
shell0-shell0,1,413,413,0,-1,1,4,4,417.381721802546,809.80775842463402,392.426036622087,9.1199813495336493,7.81177834425523,-1.3082030052784099,1.94020896489505,1,shell0-shell0,0
shell0-shell0,1,417,417,0,2,1,6,6,389.69097213918701,771.28470314178901,381.59373100260302,-18.5707683138261,-30.711276938589101,-12.140508624762999,1.9792213786936499,1,shell0-shell0,0
shell0-shell0,1,418,418,0,2,1,3,3,434.78941009574902,849.56922736306899,414.77981726732003,26.527669642736601,47.573247282690502,21.045577639953901,1.9539786564166199,1,shell0-shell0,0
shell0-shell0,1,419,419,0,-1,1,4,4,440.42333206001803,853.66743863026204,413.24410657024401,32.161591607005299,51.671458549883397,19.509866942877998,1.9382884068320201,1,shell0-shell0,0
shell0-shell0,1,427,427,0,2,1,4,4,407.575001710256,792.25933490967702,384.68433319942102,-0.686738742756972,-9.7366451707014203,-9.0499064279444497,1.9438369173409,1,shell0-shell0,0
shell0-shell0,1,431,431,0,-1,1,2,2,346.46054748645503,676.62625200544403,330.165704518989,-61.801192966558098,-125.369728074935,-63.568535108376899,1.9529676810659,1,shell0-shell0,0
shell0-shell0,1,434,434,0,-1,1,2,2,389.20704502262703,754.45889479764901,365.25184977502198,-19.0546954303855,-47.537085282729201,-28.482389852343701,1.9384512804843701,1,shell0-shell0,0
shell0-shell0,1,441,441,0,2,1,4,4,430.80390776587802,838.10687474160704,407.30296697572902,22.542167312865502,36.110894661228798,13.5687273483633,1.94544863598842,1,shell0-shell0,0
shell0-shell0,1,452,452,0,2,1,2,2,390.01704280540298,772.212839044676,382.19579623927302,-18.244697647609598,-29.783141035702801,-11.538443388093199,1.9799463979577101,1,shell0-shell0,0
shell0-shell0,1,454,454,0,2,1,5,5,378.64529007218903,750.970447703692,372.32515763150298,-29.616450380823899,-51.025532376686897,-21.409081995862898,1.9833085671302499,1,shell0-shell0,0
shell0-shell0,1,455,455,0,-1,1,3,3,376.033075585988,730.88691232687097,354.85383674088303,-32.228664867025003,-71.109067753507404,-38.880402886482401,1.94367719166166,1,shell0-shell0,0
shell0-shell0,1,464,464,0,1,1,6,6,384.964091779429,788.26404418482798,403.29995240539898,-23.297648673584199,-13.731935895551,9.5657127780331699,2.04763005438044,1,shell0-shell0,0
shell0-shell0,1,465,465,0,2,1,3,3,396.78972674705,781.80366299313198,385.01393624608102,-11.472013705962601,-20.192317087246899,-8.7203033812843405,1.9703223402543499,1,shell0-shell0,0
shell0-shell0,1,472,472,0,1,1,5,5,416.31603596707998,848.39809015769004,432.08205419061102,8.0542955140671193,46.402110077311796,38.347814563244697,2.0378703121221502,1,shell0-shell0,0
shell0-shell0,1,473,473,0,1,1,2,2,401.85115940198602,851.50828870845396,449.65712930646799,-6.4105810510266101,49.512308628075601,55.922889679102198,2.1189643697323799,1,shell0-shell0,0
shell0-shell0,1,480,480,0,2,1,5,5,391.88921235686797,761.22090007615702,369.33168771928899,-16.372528096144499,-40.775080004221401,-24.402551908076902,1.9424390263209399,1,shell0-shell0,0
shell0-shell0,1,481,481,0,2,1,4,4,395.725869825887,769.43462864559297,373.70875881970602,-12.535870627126,-32.561351434785998,-20.025480807660099,1.9443627200418601,1,shell0-shell0,0
shell0-shell0,1,489,489,0,-1,1,5,5,404.50738574754502,787.58153786034302,383.074152112798,-3.7543547054679598,-14.4144422200355,-10.6600875145676,1.94701398691365,1,shell0-shell0,0
shell0-shell0,1,491,491,0,2,1,3,3,399.22042870041003,786.23504393020301,387.01461522979298,-9.0413117526028408,-15.760936150175899,-6.7196243975730603,1.9694258795564401,1,shell0-shell0,0
shell0-shell0,1,499,499,0,1,1,2,2,401.908153003179,854.05842621703005,452.15027321385099,-6.3535874498338698,52.062446136650998,58.4160335864849,2.1250089599707001,1,shell0-shell0,0
shell0-shell0,1,501,501,0,1,1,3,3,388.56598850941799,814.26600987129598,425.70002136187901,-19.695751943594999,12.2700297909178,31.965781734512799,2.0955668636745899,1,shell0-shell0,0
shell0-shell0,1,502,502,0,-1,1,2,2,367.65283173208798,714.84516534521003,347.192333613122,-40.608908720924802,-87.150814735169007,-46.541906014244198,1.9443483189764299,1,shell0-shell0,0
shell0-shell0,1,504,504,0,-1,1,2,2,357.47534365669901,702.87732626978004,345.40198261308097,-50.786396796314101,-99.118653810599,-48.332257014284899,1.9662260313673201,1,shell0-shell0,0
shell0-shell0,1,511,511,0,2,1,2,2,404.78892494489298,795.55949062673596,390.770565681844,-3.4728155081202199,-6.4364894536423698,-2.9636739455221499,1.9653687183636299,1,shell0-shell0,0
shell0-shell0,1,515,515,0,2,1,3,3,389.79300533396099,766.50150986070196,376.70850452674102,-18.468735119051999,-35.494470219676899,-17.0257351006249,1.9664321816241701,1,shell0-shell0,0
shell0-shell0,1,517,517,0,-1,1,2,2,365.96492352924901,715.17662764157501,349.211704112326,-42.2968169237637,-86.819352438803705,-44.522535515039898,1.9542217891939999,1,shell0-shell0,0
shell0-shell0,1,523,523,0,1,1,3,3,390.152145034623,816.87300701409004,426.72086197946697,-18.1095954183901,14.877026933711401,32.986622352101399,2.0937293756044801,1,shell0-shell0,0
shell0-shell0,1,526,526,0,2,1,6,6,414.96950808579498,806.97638355964102,392.006875473847,6.7077676327818896,4.9804034792628,-1.72736415351909,1.9446642893887001,1,shell0-shell0,0
shell0-shell0,1,528,528,0,2,1,2,2,399.90438869506897,783.23142255653897,383.32703386147,-8.3573517579438903,-18.764557523839901,-10.407205765896,1.9585467044067899,1,shell0-shell0,0
shell0-shell0,1,541,541,0,-1,1,3,3,444.64944961110399,866.06848979548704,421.41904018438299,36.387709158090999,64.072509715108296,27.684800557017201,1.9477556770911599,1,shell0-shell0,0
shell0-shell0,1,544,544,0,-1,1,2,2,389.475472648959,755.77116700584804,366.29569435688899,-18.786267804053399,-46.224813074530601,-27.438545270477199,1.94048462632469,1,shell0-shell0,0
shell0-shell0,1,549,549,0,-1,1,2,2,369.05477481246402,718.01965682407604,348.96488201161202,-39.206965640548702,-83.976323256302905,-44.769357615754103,1.9455639266256299,1,shell0-shell0,0
shell0-shell0,1,559,559,0,-1,1,3,3,409.62424432247002,795.89705814184799,386.27281381937797,1.3625038694576701,-6.0989219385301103,-7.46142580798778,1.94299304587863,1,shell0-shell0,0
shell0-shell0,1,561,561,0,2,1,2,2,400.03570121398201,779.688572167242,379.65287095325999,-8.2260392390305697,-22.307407913136402,-14.081368674105899,1.9490474720159601,1,shell0-shell0,0
shell0-shell0,1,562,562,0,-1,1,2,2,352.70862988021202,684.28144279387004,331.57281291365803,-55.553110572801003,-117.714537286509,-62.161426713707897,1.9400757022199,1,shell0-shell0,0
shell0-shell0,1,564,564,0,2,1,2,2,381.28251483828598,758.12303047171895,376.84051563343297,-26.9792256147269,-43.872949608659603,-16.893723993932699,1.98834984812577,1,shell0-shell0,0
shell0-shell0,1,568,568,0,-1,1,2,2,397.88124082516703,775.10098816935101,377.21974734418399,-10.380499627845699,-26.894991911027201,-16.5144922831815,1.9480712047692099,1,shell0-shell0,0
shell0-shell0,1,570,570,0,1,1,2,2,352.54369416503999,762.85880171039105,410.315107545351,-55.718046287972598,-39.137178369987197,16.580867917985401,2.1638702218660799,1,shell0-shell0,0
shell0-shell0,1,580,580,0,-1,1,3,3,396.23763209475698,767.10862213764199,370.87099004288501,-12.0241083582559,-34.887357942736998,-22.8632495844811,1.93598123954616,1,shell0-shell0,0
shell0-shell0,1,590,590,0,-1,1,2,2,365.30758709293298,709.53903120642303,344.23144411349,-42.954153360079303,-92.456948873955099,-49.502795513875803,1.94230576170847,1,shell0-shell0,0
shell0-shell0,1,593,593,0,2,1,4,4,399.15867419829499,776.32722053588998,377.16854633759499,-9.1030662547178203,-25.668759544488601,-16.565693289770799,1.94490880624136,1,shell0-shell0,0
shell0-shell0,1,603,603,0,1,1,3,3,374.642104470763,794.28322439429803,419.64111992353497,-33.619635982249498,-7.7127556860805297,25.906880296169,2.12011200800919,1,shell0-shell0,0
shell0-shell0,1,604,604,0,-1,1,2,2,346.10811069284301,672.90924996250806,326.80113926966499,-62.1536297601698,-129.08673011786999,-66.933100357700596,1.94421693445863,1,shell0-shell0,0
shell0-shell0,1,607,607,0,-1,1,2,2,368.29609325466703,716.81794954854695,348.52185629387998,-39.9656471983457,-85.178030531831695,-45.212383333486102,1.9463088603899099,1,shell0-shell0,0
shell0-shell0,1,609,609,0,-1,1,4,4,359.24283015409497,700.48199348422804,341.23916333013301,-49.018910298917802,-101.513986596151,-52.495076297232998,1.9498844087821099,1,shell0-shell0,0
shell0-shell0,1,614,614,0,2,1,2,2,378.782931094231,744.97823493618296,366.19530384195201,-29.478809358781799,-57.017745144195501,-27.538935785413699,1.9667682299835501,1,shell0-shell0,0
shell0-shell0,1,615,615,0,2,1,3,3,418.28876949560299,828.92650248422694,410.63773298862401,10.027029042590399,26.930522403848499,16.9034933612581,1.98170872118751,1,shell0-shell0,0
shell0-shell0,1,618,618,0,-1,1,2,2,403.393411315283,785.56829052991202,382.17487921462902,-4.8683291377293498,-16.427689550466201,-11.559360412736901,1.9473999041494701,1,shell0-shell0,0
shell0-shell0,1,619,619,0,1,1,2,2,345.94928666833698,747.27908736525603,401.32980069691899,-62.312453784675803,-54.716892715122299,7.5955610695535301,2.1600827524806401,1,shell0-shell0,0
shell0-shell0,1,620,620,0,-1,1,2,2,379.83798155553598,740.21519319635104,360.37721164081501,-28.423758897476802,-61.7807868840273,-33.357027986550499,1.94876560307365,1,shell0-shell0,0
shell0-shell0,1,621,621,0,2,1,2,2,355.26717527249798,693.35481737487396,338.08764210237598,-52.994565180514797,-108.641162705504,-55.646597524989403,1.9516433423466599,1,shell0-shell0,0
shell0-shell0,1,627,627,0,-1,1,4,4,372.325100641169,721.71087217284605,349.38577153167802,-35.936639811843897,-80.285107907532193,-44.348468095688297,1.9383889803024601,1,shell0-shell0,0
shell0-shell0,1,628,628,0,2,1,3,3,427.62984271765902,833.78454077266701,406.15469805500902,19.368102264645799,31.788560692288499,12.4204584276427,1.949780996279,1,shell0-shell0,0
shell0-shell0,1,639,639,0,-1,1,2,2,381.51566531226899,741.37748188111595,359.86181656884702,-26.746075140743599,-60.618498199262604,-33.872423058518997,1.94324256980195,1,shell0-shell0,0
shell0-shell0,1,672,672,0,-1,1,3,3,371.23924328848699,721.500868765169,350.26162547668298,-37.022497164526001,-80.4951113152093,-43.472614150683299,1.94349299490544,1,shell0-shell0,0
shell0-shell0,1,673,673,0,-1,1,2,2,392.321366348742,762.95530639593801,370.63394004719498,-15.9403741042705,-39.040673684441003,-23.1002995801705,1.94472025191137,1,shell0-shell0,0
shell0-shell0,1,683,683,0,-1,1,2,2,369.737629916495,719.10175775042399,349.36412783392802,-38.524110536517497,-82.894222329954999,-44.370111793437601,1.9448974071501199,1,shell0-shell0,0
shell0-shell0,1,685,685,0,1,1,2,2,361.64430773998203,777.94026018606098,416.29595244607901,-46.617432713030603,-24.0557198943178,22.561712818712699,2.1511198808786198,1,shell0-shell0,0
shell0-shell0,1,689,689,0,-1,1,2,2,365.41970930352699,719.46511844942495,354.04540914589802,-42.842031149485898,-82.530861630953297,-39.688830481467299,1.9688733260192599,1,shell0-shell0,0
shell0-shell0,1,690,690,0,-1,1,5,5,396.75477778687599,772.26503006038399,375.510252273508,-11.506962666136999,-29.7309500199948,-18.223987353857801,1.94645426670884,1,shell0-shell0,0
shell0-shell0,1,691,691,0,1,1,2,2,380.48386253646697,810.87216551793404,430.38830298146701,-27.777877916545499,8.8761854375552502,36.6540633541007,2.13116046528837,1,shell0-shell0,0
shell0-shell0,1,697,697,0,-1,1,2,2,352.06310558630503,683.24784900627503,331.18474341997103,-56.198634866707998,-118.748131074103,-62.549496207395201,1.94069710277774,1,shell0-shell0,0
shell0-shell0,1,700,700,0,2,1,3,3,400.13967312880999,780.166220666973,380.02654753816302,-8.1220673242024795,-21.8297594134057,-13.707692089203199,1.94973473778949,1,shell0-shell0,0
shell0-shell0,1,701,701,0,1,1,4,4,396.82116433396197,819.36412191190698,422.542957577945,-11.4405761190511,17.368141831528401,28.808717950579499,2.0648196103329202,1,shell0-shell0,0
shell0-shell0,1,703,703,0,-1,1,2,2,396.82648700900199,769.33136819019899,372.50488118119699,-11.435253444011,-32.664611890179899,-21.229358446168899,1.93870972169443,1,shell0-shell0,0
shell0-shell0,1,707,707,0,-1,1,2,2,399.32783007954299,775.20282227006999,375.874992190527,-8.93391037346953,-26.793157810308099,-17.859247436838601,1.94126921260573,1,shell0-shell0,0
shell0-shell0,1,717,717,0,-1,1,3,3,375.743833658911,729.58444299292,353.840609334009,-32.5179067941014,-72.411537087458598,-39.893630293357099,1.94170702919696,1,shell0-shell0,0
shell0-shell0,1,725,725,0,2,1,2,2,401.30991788932801,782.93840680891401,381.628488919586,-6.9518225636846296,-19.0575732714643,-12.1057507077797,1.9509570332244599,1,shell0-shell0,0
shell0-shell0,1,738,738,0,-1,1,2,2,377.10459675984998,735.76928832590204,358.664691566052,-31.157143693162698,-66.226691754476605,-35.069548061314002,1.9511013513167501,1,shell0-shell0,0
shell0-shell0,1,741,741,0,2,1,2,2,369.30613321628698,723.40188946400997,354.09575624772202,-38.955607236725299,-78.594090616368703,-39.638483379643397,1.9588136356250101,1,shell0-shell0,0
shell0-shell0,1,750,750,0,-1,1,2,2,399.92593019076401,779.20675061237603,379.28082042161202,-8.3358102622487404,-22.7892294680025,-14.4534192057538,1.9483776664361201,1,shell0-shell0,0
shell0-shell0,1,754,754,0,-1,1,2,2,376.95412767465001,738.162780651106,361.20865297645599,-31.307612778363001,-63.833199429273002,-32.52558665091,1.9582297326326601,1,shell0-shell0,0
shell0-shell0,1,764,764,0,-1,1,2,2,394.11511911737102,770.92787628146402,376.812757164093,-14.1466213356418,-31.068103798914802,-16.921482463273001,1.9560982030021401,1,shell0-shell0,0
shell0-shell0,1,767,767,0,2,1,2,2,385.71069654387099,751.91238979628099,366.20169325241,-22.551043909141601,-50.083590284097198,-27.532546374955601,1.94942063192369,1,shell0-shell0,0
shell0-shell0,1,771,771,0,2,1,2,2,388.85073730578802,758.40421221963504,369.55347491384703,-19.411003147224601,-43.5917678607439,-24.180764713519299,1.95037359958311,1,shell0-shell0,0
shell0-shell0,1,780,780,0,-1,1,3,3,394.363595707446,763.83264383084304,369.46904812339699,-13.898144745566601,-38.163336249535398,-24.265191503968801,1.93687412363864,1,shell0-shell0,0
shell0-shell0,1,785,785,0,2,1,5,5,382.14135703702601,745.60080444228299,363.45944740525698,-26.120383415987099,-56.395175638095999,-30.2747922221089,1.95111256793397,1,shell0-shell0,0
shell0-shell0,1,787,787,0,-1,1,3,3,397.074805241234,770.63433593314198,373.55953069190798,-11.186935211779,-31.361644147237001,-20.174708935458099,1.9407787292496701,1,shell0-shell0,0
shell0-shell0,1,788,788,0,-1,1,2,2,383.20997642605897,755.83876931798397,372.628792891925,-25.051764026953499,-46.1572107623942,-21.1054467354408,1.9723880269694001,1,shell0-shell0,0
shell0-shell0,1,799,799,0,2,1,2,2,372.39153336463602,726.82701908724505,354.43548572260897,-35.870207088376702,-75.168960993133396,-39.298753904756701,1.9517818048122899,1,shell0-shell0,0
shell0-shell0,1,805,805,0,2,1,2,2,374.91904617742102,732.50758435306398,357.58853817564199,-33.342694275591398,-69.488395727314995,-36.145701451723603,1.95377533315931,1,shell0-shell0,0
shell0-shell0,1,807,807,0,1,1,2,2,378.89603066453998,808.640538284738,429.74450762019802,-29.365709788472699,6.6445582043592104,36.010267992831899,2.1342016617763901,1,shell0-shell0,0
shell0-shell0,1,834,834,0,-1,1,2,2,350.34771773648799,686.508425523803,336.16070778731603,-57.914022716524897,-115.48755455657501,-57.573531840050201,1.9595059158917001,1,shell0-shell0,0
shell0-shell0,1,839,839,0,2,1,2,2,354.12644616966901,696.20681804210506,342.08037187243701,-54.135294283344102,-105.78916203827301,-51.653867754929003,1.9659836919057401,1,shell0-shell0,0
shell0-shell0,1,845,845,0,-1,1,2,2,375.39767417594697,730.26893267001901,354.871258494073,-32.864066277065902,-71.727047410359106,-38.862981133293097,1.94532087678238,1,shell0-shell0,0
shell0-shell0,1,847,847,0,1,1,2,2,391.87252161584598,835.49554604481398,443.62302442896799,-16.389218837166801,33.499565964435099,49.888784801601901,2.1320595345642901,1,shell0-shell0,0
shell0-shell0,1,849,849,0,-1,1,2,2,369.737629916495,719.10175775042399,349.36412783392802,-38.524110536517497,-82.8942223299549,-44.370111793437403,1.9448974071501199,1,shell0-shell0,0
shell0-shell0,1,850,850,0,-1,1,2,2,333.17572667153502,652.78959367207699,319.61386700054197,-75.086013781478201,-149.206386408302,-74.120372626823297,1.95929517493223,1,shell0-shell0,0
shell0-shell0,1,853,853,0,1,1,2,2,371.16599568787501,792.44039069652194,421.27439500864699,-37.095744765137297,-9.5555893838562707,27.540155381281,2.13500266700862,1,shell0-shell0,0
shell0-shell0,1,856,856,0,-1,1,2,2,344.23898989747602,668.46735875152694,324.22836885405098,-64.022750555536703,-133.52862132885201,-69.505870773314896,1.94186997513157,1,shell0-shell0,0
shell0-shell0,1,858,858,0,-1,1,2,2,385.25548091230098,750.68915782783802,365.43367691553601,-23.006259540711302,-51.306822252540897,-28.300562711829599,1.9485489370590501,1,shell0-shell0,0
shell0-shell0,1,860,860,0,-1,1,2,2,378.99562165928,735.26832262568905,356.27270096641001,-29.266118793733,-66.727657454689293,-37.4615386609563,1.9400443715064899,1,shell0-shell0,0
shell0-shell0,1,862,862,0,-1,1,2,2,377.66650153905698,733.85827641681396,356.19177487775698,-30.595238913956202,-68.137703663564594,-37.542464749608399,1.94313838644999,1,shell0-shell0,0
shell0-shell0,1,863,863,0,1,1,2,2,399.460773398188,847.619198174502,448.15842477631401,-8.8009670548248096,45.623218094123303,54.424185148948098,2.1219084691692198,1,shell0-shell0,0
shell0-shell0,1,868,868,0,-1,1,2,2,388.98167038487099,759.52741981236704,370.54574942749599,-19.280070068142201,-42.4685602680117,-23.188490199869602,1.95260465373823,1,shell0-shell0,0
shell0-shell0,1,879,879,0,1,1,2,2,395.95974788004099,840.04759952657196,444.08785164653199,-12.3019925729721,38.051619446193598,50.353612019165702,2.1215479705302598,1,shell0-shell0,0
shell0-shell0,1,883,883,0,-1,1,2,2,366.38695312551903,715.29880613311002,348.91185300759099,-41.8747873274936,-86.697173947268794,-44.822386619775202,1.9523042510961299,1,shell0-shell0,0
shell0-shell0,1,884,884,0,-1,1,2,2,378.40973791300098,737.96781604320199,359.55807813020101,-29.852002540011501,-64.028164037176595,-34.176161497164998,1.9501818851524,1,shell0-shell0,0
shell0-shell0,1,894,894,0,2,1,3,3,369.58745601138099,721.23875007608899,351.651294064708,-38.674284441631599,-80.757230004289596,-42.082945562657898,1.9514697762195701,1,shell0-shell0,0
shell0-shell0,1,896,896,0,-1,1,2,2,365.76542264032202,710.07713378417202,344.31171114384898,-42.4963178126904,-91.918846296206993,-49.422528483516501,1.94134570911158,1,shell0-shell0,0
shell0-shell0,1,899,899,0,-1,1,2,2,396.11533023806101,770.22148028244897,374.10615004438802,-12.1464102149518,-31.774499797929099,-19.628089582977299,1.94443744406346,1,shell0-shell0,0
shell0-shell0,1,900,900,0,-1,1,2,2,389.58481496108402,757.373601575517,367.78878661443298,-18.6769254919292,-44.622378504861999,-25.945453012932798,1.94405318813869,1,shell0-shell0,0
shell0-shell0,1,921,921,0,2,1,2,2,370.13924084233003,738.315724353929,368.17648351159897,-38.122499610682802,-63.68025572645,-25.557756115767202,1.99469724602486,1,shell0-shell0,0
shell0-shell0,1,923,923,0,-1,1,2,2,378.77007527771701,738.47681040029295,359.70673512257599,-29.4916651752958,-63.519169680085596,-34.027504504789803,1.94967041643624,1,shell0-shell0,0
shell0-shell0,1,924,924,0,-1,1,2,2,362.76578466692098,707.323424436197,344.55763976927699,-45.495955786092203,-94.672555644181401,-49.176599858089297,1.9498074359069899,1,shell0-shell0,0
shell0-shell0,1,927,927,0,1,1,2,2,354.07886478190699,759.77257698176595,405.69371219985902,-54.182875671105798,-42.223403098612501,11.959472572493301,2.14577217832458,1,shell0-shell0,0
shell0-shell0,1,933,933,0,2,1,2,2,378.83001575465602,740.97388143468902,362.14386568003403,-29.431724698357002,-61.022098645689098,-31.5903739473321,1.9559534636098399,1,shell0-shell0,0
shell0-shell0,1,934,934,0,2,1,2,2,382.33571180860599,747.76753768050105,365.43182587189398,-25.9260286444065,-54.2284423998778,-28.302413755471399,1.9557878445182399,1,shell0-shell0,0
shell0-shell0,1,936,936,0,1,1,3,3,381.86981925361999,802.45935415751899,420.58953490389899,-26.3919211993929,0.46337407714054302,26.855295276533401,2.1013950663237999,1,shell0-shell0,0
shell0-shell0,1,947,947,0,-1,1,2,2,399.13122417594502,774.49693778208996,375.36571360614499,-9.1305162770678994,-27.499042298288401,-18.3685260212205,1.9404568995601199,1,shell0-shell0,0
shell0-shell0,1,949,949,0,2,1,2,2,403.517638501151,790.01444399713102,386.49680549598003,-4.7441019518620404,-11.981536083247599,-7.2374341313856103,1.9578188624705599,1,shell0-shell0,0
shell0-shell0,1,950,950,0,-1,1,2,2,358.07949808639199,698.75684439749296,340.67734631110102,-50.182242366620898,-103.239135682886,-53.056893316264798,1.9514014293801001,1,shell0-shell0,0
shell0-shell0,1,952,952,0,2,1,2,2,396.840857261976,782.239116623732,385.398259361756,-11.420883191036999,-19.7568634566464,-8.3359802656094608,1.9711657766814401,1,shell0-shell0,0
shell0-shell0,1,962,962,0,-1,1,2,2,357.28586615131502,692.06370610234001,334.77783995102499,-50.9758743016978,-109.932273978038,-58.956399676340403,1.9370027523261799,1,shell0-shell0,0
shell0-shell0,1,968,968,0,-1,1,2,2,340.12324269611099,664.91387679333695,324.79063409722602,-68.138497756901501,-137.08210328704101,-68.943605530139607,1.9549204327309599,1,shell0-shell0,0
shell0-shell0,1,980,980,0,2,1,2,2,388.41013247451599,757.83691594233403,369.42678346781798,-19.8516079784964,-44.159064138044101,-24.307456159547701,1.9511255051824801,1,shell0-shell0,0
shell0-shell0,1,984,984,0,-1,1,2,2,385.73743674965698,751.73274024622901,365.99530349657198,-22.5243037033554,-50.263239834149303,-27.738936130793899,1.9488197634654301,1,shell0-shell0,0
shell0-shell0,1,998,998,0,1,1,2,2,365.795550093087,782.96931532103895,417.173765227952,-42.466190359925299,-19.026664759339202,23.439525600586201,2.1404560966413899,1,shell0-shell0,0
shell0-shell0,2,2,1002,0,-1,1,10,10,479.01356420634801,933.96838917299397,454.95482496664602,70.751823753335501,131.97240909261501,61.220585339279701,1.9497744092496301,1,shell0-shell0,0
shell0-shell0,2,3,1003,0,2,1,18,18,483.74570238777301,942.83050139404099,459.08479900626799,75.483961934760401,140.83452131366201,65.350559378901906,1.9490209354630399,1,shell0-shell0,0
shell0-shell0,2,8,1008,0,2,1,23,23,491.16281128304001,957.150178797438,465.98736751439799,82.901070830026896,155.15419871705899,72.253127887032605,1.9487431800814099,1,shell0-shell0,0
shell0-shell0,2,9,1009,0,2,1,19,19,461.334565934664,897.58986230374296,436.25529636907902,53.072825481651499,95.593882223364403,42.521056741712897,1.94563756670872,1,shell0-shell0,0
shell0-shell0,2,10,1010,0,2,1,19,19,483.84619947836597,945.48630459299397,461.640105114628,75.584459025353496,143.49032451261499,67.905865487261806,1.95410505572292,1,shell0-shell0,0
shell0-shell0,2,12,1012,0,-1,1,17,17,483.73419747084301,941.77838590082501,458.044188429982,75.472457017829896,139.782405820446,64.309948802616105,1.9468923033037999,1,shell0-shell0,0
shell0-shell0,2,14,1014,0,1,1,22,22,458.99885149428002,912.81602292603498,453.81717143175598,50.737111041266999,110.820042845657,60.082931804389801,1.9887109084354899,1,shell0-shell0,0
shell0-shell0,2,15,1015,0,-1,1,7,7,434.80649747239198,848.22739772158104,413.420900249189,26.544757019379698,46.231417641202498,19.686660621822799,1.9508158287709101,1,shell0-shell0,0
shell0-shell0,2,18,1018,0,-1,1,12,12,454.65372594419102,880.41918562401497,425.765459679824,46.391985491178403,78.423205543636399,32.031220052458004,1.9364609490346201,1,shell0-shell0,0
shell0-shell0,2,20,1020,0,-1,1,20,20,470.47632735003202,914.32189009283104,443.84556274279902,62.214586897018897,112.325910012452,50.1113231154334,1.9433961645695701,1,shell0-shell0,0
shell0-shell0,2,21,1021,0,-1,1,5,5,435.94769045824199,843.95954268030005,408.011852222058,27.685950005228801,41.963562599920998,14.277612594692201,1.93591928837421,1,shell0-shell0,0
shell0-shell0,2,22,1022,0,2,1,17,17,441.17920911544701,859.45404837395404,418.27483925850697,32.917468662433897,57.458068293575501,24.5405996311416,1.94808375058548,1,shell0-shell0,0
shell0-shell0,2,23,1023,0,2,1,9,9,428.13622242567902,847.77874965187902,419.6425272262,19.8744819726667,45.7827695715009,25.9082875988342,1.98016123197576,1,shell0-shell0,0
shell0-shell0,2,24,1024,0,-1,1,12,12,473.087582386527,916.999109034865,443.911526648338,64.825841933514198,115.003128954486,50.177287020972102,1.9383284262271101,1,shell0-shell0,0
shell0-shell0,2,26,1026,0,1,1,12,12,470.32110908997902,934.55874382706497,464.23763473708601,62.059368636965999,132.56276374668701,70.503395109720699,1.9870652746914499,1,shell0-shell0,0
shell0-shell0,2,27,1027,0,1,1,7,7,439.002610754476,882.60617828707905,443.60356753260203,30.740870301463499,80.610198206700105,49.869327905236602,2.01048047703001,1,shell0-shell0,0
shell0-shell0,2,28,1028,0,2,1,15,15,479.51337413668301,934.79436735225602,455.28099321557397,71.251633683669894,132.798387271878,61.546753588207899,1.9494646401370199,1,shell0-shell0,0
shell0-shell0,2,30,1030,0,1,1,7,7,467.27763033963498,937.52126775674606,470.24363741711102,59.015889886621899,135.52528767636699,76.509397789745407,2.0063474193603499,1,shell0-shell0,0
shell0-shell0,2,31,1031,0,2,1,4,4,402.01304871065503,788.22721607341805,386.21416736276302,-6.2486917423578898,-13.768764006960501,-7.5200722646026197,1.9607005757684699,1,shell0-shell0,0
shell0-shell0,2,32,1032,0,1,1,3,3,407.43227611955899,849.99359751961003,442.56132140005099,-0.82946433345341597,47.997617439231703,48.827081772685098,2.0862205753924701,1,shell0-shell0,0
shell0-shell0,2,33,1033,0,-1,1,20,20,459.706897969843,892.05322261179106,432.346324641948,51.4451575168302,90.057242531412697,38.612085014582497,1.94048256954872,1,shell0-shell0,0
shell0-shell0,2,34,1034,0,2,1,23,23,444.556267213794,875.57480716262296,431.01853994882902,36.294526760781203,73.578827082244899,37.284300321463697,1.96954777547101,1,shell0-shell0,0
shell0-shell0,2,36,1036,0,1,1,13,13,477.31638189213601,944.42564232009101,467.10926042795501,69.054641439122904,142.429662239712,73.375020800589397,1.97861560622806,1,shell0-shell0,0
shell0-shell0,2,37,1037,0,2,1,19,19,453.39376124574301,882.13160595599595,428.737844710253,45.1320207927307,80.135625875617706,35.003605082886999,1.94561919760928,1,shell0-shell0,0
shell0-shell0,2,38,1038,0,-1,1,17,17,459.24279274387902,891.95317278118796,432.71038003730899,50.9810522908666,89.957192700809898,38.976140409943298,1.94222573957439,1,shell0-shell0,0
shell0-shell0,2,41,1041,0,-1,1,9,9,468.47606068887302,912.81005100393895,444.33399031506599,60.214320235860399,110.814070923561,50.599750687700102,1.94846680033488,1,shell0-shell0,0
shell0-shell0,2,42,1042,0,-1,1,7,7,456.33202492242998,886.499137544208,430.16711262177802,48.070284469416897,84.503157463829197,36.4328729944123,1.9426625551754799,1,shell0-shell0,0
shell0-shell0,2,45,1045,0,-1,1,3,3,445.44673570761501,872.72079236412503,427.27405665651099,37.184995254601901,70.724812283746601,33.5398170291447,1.9592034746371301,1,shell0-shell0,0
shell0-shell0,2,46,1046,0,1,1,8,8,427.081274472421,856.14880785465402,429.067533382232,18.8195340194086,54.152827774275103,35.333293754866503,2.0046507749895301,1,shell0-shell0,0
shell0-shell0,2,47,1047,0,1,1,3,3,420.61986904740701,878.69926987384804,458.07940082644097,12.358128594394699,76.703289793469693,64.345161199075093,2.0890579226888901,1,shell0-shell0,0
shell0-shell0,2,49,1049,0,2,1,5,5,437.13967538583802,850.61703100059503,413.47735561475599,28.8779349328256,48.621050920216099,19.743115987390599,1.9458701163416601,1,shell0-shell0,0
shell0-shell0,2,50,1050,0,2,1,9,9,459.926147713246,898.92121048612796,438.99506277288202,51.664407260233602,96.925230405749403,45.260823145515801,1.95449033492783,1,shell0-shell0,0
shell0-shell0,2,51,1051,0,2,1,2,2,404.44846192442299,792.55670051163895,388.10823858721602,-3.8132785285899899,-9.4392795687399502,-5.6260010401499603,1.9595987502104499,1,shell0-shell0,0
shell0-shell0,2,53,1053,0,-1,1,8,8,463.80230217717201,903.66226344166705,439.85996126449498,55.540561724159701,101.666283361289,46.125721637128898,1.9483781326649601,1,shell0-shell0,0
shell0-shell0,2,55,1055,0,2,1,9,9,438.603368833248,856.75093553923898,418.14756670599098,30.341628380235399,54.754955458860202,24.4133270786248,1.9533615024853199,1,shell0-shell0,0
shell0-shell0,2,56,1056,0,-1,1,7,7,470.86163793009302,916.57706968407399,445.71543175398102,62.599897477080297,114.58108960369501,51.981192126615099,1.9465953389478601,1,shell0-shell0,0
shell0-shell0,2,57,1057,0,1,1,3,3,446.32574598850402,923.38065234293003,477.05490635442601,38.064005535490899,121.38467226255101,83.320666727060399,2.06884917718082,1,shell0-shell0,0
shell0-shell0,2,60,1060,0,2,1,10,10,453.34029763020902,906.11551823158402,452.775220601375,45.0785571771966,104.11953815120501,59.040980974008797,1.9987535257029001,1,shell0-shell0,0
shell0-shell0,2,64,1064,0,-1,1,17,17,490.261108409504,952.37205282334696,462.11094441384301,81.9993679564909,150.37607274296801,68.376704786477106,1.94258128268223,1,shell0-shell0,0
shell0-shell0,2,66,1066,0,-1,1,5,5,492.19267602178599,958.32645390505297,466.13377788326602,83.930935568773705,156.33047382467399,72.399538255900595,1.9470554938989699,1,shell0-shell0,0
shell0-shell0,2,71,1071,0,1,1,6,6,426.93960099671301,880.27710527464205,453.33750427792899,18.677860543700401,78.281125194263296,59.603264650562799,2.0618305334515399,1,shell0-shell0,0
shell0-shell0,2,72,1072,0,2,1,7,7,444.86843581413802,872.31662979617295,427.44819398203498,36.606695361125702,70.320649715794502,33.7139543546688,1.9608418120287101,1,shell0-shell0,0
shell0-shell0,2,73,1073,0,-1,1,3,3,403.27771968872401,785.55565971266299,382.27794002393898,-4.9840207642888599,-16.440320367715699,-11.4562996034268,1.9479272505285099,1,shell0-shell0,0
shell0-shell0,2,74,1074,0,-1,1,10,10,427.47724923542,827.69477560376504,400.21752636834498,19.2155087824069,25.698795523386298,6.4832867409793398,1.93623117273298,1,shell0-shell0,0
shell0-shell0,2,76,1076,0,-1,1,2,2,355.991897135942,698.28045034214404,342.28855320620102,-52.269843317070404,-103.71552973823501,-51.445686421164503,1.96150658472851,1,shell0-shell0,0
shell0-shell0,2,77,1077,0,1,1,5,5,433.04458193971698,880.23219603026905,447.18761409055202,24.7828414867042,78.236215949890806,53.453374463186698,2.0326595291585998,1,shell0-shell0,0
shell0-shell0,2,79,1079,0,2,1,11,11,460.13840620246202,894.81453355148699,434.67612734902502,51.876665749449401,92.8185534711088,40.941887721659299,1.9446638695874601,1,shell0-shell0,0
shell0-shell0,2,80,1080,0,-1,1,13,13,446.95604405598903,865.82500072876098,418.86895667277201,38.694303602976099,63.829020648382702,25.1347170454065,1.9371591731295701,1,shell0-shell0,0
shell0-shell0,2,82,1082,0,2,1,3,3,409.36479294456598,796.48446219087396,387.11966924630798,1.1030524915536799,-5.5115178895041499,-6.6145703810578302,1.9456594116503101,1,shell0-shell0,0
shell0-shell0,2,84,1084,0,1,1,5,5,441.975113828242,899.54628962830895,457.57117580006701,33.713373375229402,97.550309547930198,63.836936172700803,2.0352871948755999,1,shell0-shell0,0
shell0-shell0,2,85,1085,0,1,1,11,11,448.30068217809099,901.73930098789299,453.43861880980199,40.038941725078097,99.7433209075147,59.704379182436597,2.01146091638038,1,shell0-shell0,0
shell0-shell0,2,87,1087,0,-1,1,5,5,460.804388547131,895.48136034554602,434.67697179841599,52.542648094118,93.485380265167805,40.942732171049798,1.94330041684045,1,shell0-shell0,0
shell0-shell0,2,88,1088,0,-1,1,2,2,402.73014692271698,781.11537675284899,378.385229830132,-5.5315935302953099,-20.8806033275293,-15.349009797234,1.93955029868361,1,shell0-shell0,0
shell0-shell0,2,89,1089,0,-1,1,3,3,420.92467962035403,816.47264352965499,395.54796390930102,12.662939167341399,14.476663449276201,1.8137242819348101,1.9397119795067801,1,shell0-shell0,0
shell0-shell0,2,90,1090,0,-1,1,4,4,433.32855638417101,851.24367016797601,417.91511378380602,25.066815931157901,49.247690087597697,24.180874156439799,1.96443012496342,1,shell0-shell0,0
shell0-shell0,2,91,1091,0,2,1,5,5,434.23288792646599,849.26171153132998,415.02882360486399,25.971147473453399,47.265731450951399,21.2945839774981,1.95577473550356,1,shell0-shell0,0
shell0-shell0,2,93,1093,0,2,1,2,2,378.18408886980501,746.00439744742505,367.82030857761998,-30.077651583207601,-55.991582632953403,-25.913931049745798,1.9725959378059601,1,shell0-shell0,0
shell0-shell0,2,97,1097,0,2,1,5,5,419.41310400882901,818.95303827153305,399.53993426270398,11.1513635558165,16.957058191154498,5.8056946353379999,1.9526167171312201,1,shell0-shell0,0
shell0-shell0,2,98,1098,0,-1,1,8,8,461.66378197018901,896.10915159785498,434.445369627665,53.402041517176698,94.113171517476303,40.711130000299597,1.94104278176996,1,shell0-shell0,0
shell0-shell0,2,101,1101,0,2,1,3,3,432.10713952663502,843.86998776242899,411.76284823579402,23.845399073621898,41.874007682050497,18.028608608428598,1.95291840974179,1,shell0-shell0,0
shell0-shell0,2,103,1103,0,1,1,6,6,411.91178329167798,837.721502840997,425.80971954931903,3.65004283866483,35.725522760618297,32.075479921953502,2.0337400793601499,1,shell0-shell0,0
shell0-shell0,2,105,1105,0,-1,1,2,2,395.730558806131,767.98888982750702,372.25833102137602,-12.531181646881601,-34.007090252871102,-21.4759086059894,1.9406863400805701,1,shell0-shell0,0
shell0-shell0,2,107,1107,0,-1,1,8,8,416.60220824455598,807.71225020437703,391.11004195982201,8.3404677915430092,5.7162701239986999,-2.6241976675443102,1.93880933470768,1,shell0-shell0,0
shell0-shell0,2,109,1109,0,-1,1,8,8,420.66437598490199,814.85293140018803,394.18855541528598,12.402635531889199,12.856951319809699,0.45431578792050697,1.9370618904735499,1,shell0-shell0,0
shell0-shell0,2,111,1111,0,-1,1,4,4,413.14535300980901,805.65491203646604,392.50955902665697,4.88361255679638,3.65893195608749,-1.22468060070889,1.9500519760592301,1,shell0-shell0,0
shell0-shell0,2,116,1116,0,-1,1,2,2,410.95510262867498,799.11422729716901,388.15912466849397,2.6933621756622901,-2.8817527832093202,-5.5751149588716098,1.94452927384435,1,shell0-shell0,0
shell0-shell0,2,119,1119,0,-1,1,9,9,449.38821404943798,871.07353562112905,421.68532157169102,41.126473596425697,69.077555540750694,27.951081944325001,1.93835420776144,1,shell0-shell0,0
shell0-shell0,2,121,1121,0,-1,1,9,9,440.43895882709199,854.02357307097202,413.584614243879,32.1772183740797,52.027592990593099,19.850374616513399,1.9390282261707099,1,shell0-shell0,0
shell0-shell0,2,125,1125,0,2,1,9,9,441.73728150719398,856.72531635415703,414.98803484696299,33.4755410541811,54.7293362737785,21.2537952195974,1.9394453495775501,1,shell0-shell0,0
shell0-shell0,2,127,1127,0,2,1,4,4,445.61057835183601,873.74770467186499,428.13712632002898,37.348837898823,71.751724591486393,34.402886692663401,1.9607876184258599,1,shell0-shell0,0
shell0-shell0,2,131,1131,0,1,1,9,9,431.89574427588701,869.48412404578005,437.58837976989298,23.634003822874,67.488143965401306,43.8541401425272,2.0131805778812399,1,shell0-shell0,0
shell0-shell0,2,132,1132,0,-1,1,6,6,412.72885876571002,802.98754664123499,390.25868787552503,4.4671183126971501,0.99156656085619899,-3.4755517518409502,1.945557063886,1,shell0-shell0,0
shell0-shell0,2,135,1135,0,-1,1,6,6,421.39354539390501,823.27806776947898,401.88452237557402,13.131804940892399,21.2820876891005,8.1502827482081006,1.95370355518831,1,shell0-shell0,0
shell0-shell0,2,137,1137,0,-1,1,7,7,442.091406355993,858.19451506479299,416.10310870879999,33.829665902980501,56.198534984414799,22.368869081434202,1.94121510331674,1,shell0-shell0,0
shell0-shell0,2,139,1139,0,1,1,7,7,394.87402079421003,813.409436252707,418.53541545849703,-13.387719658802601,11.413456172328599,24.801175831131101,2.0599213759788402,1,shell0-shell0,0
shell0-shell0,2,140,1140,0,2,1,8,8,421.887536561167,821.79093569627503,399.90339913510797,13.6257961081545,19.794955615896701,6.1691595077422203,1.94789100051342,1,shell0-shell0,0
shell0-shell0,2,143,1143,0,1,1,12,12,433.77691169855598,862.89399823879501,429.11708654023897,25.5151712455433,60.8980181584162,35.3828469128729,1.98925755375022,1,shell0-shell0,0
shell0-shell0,2,147,1147,0,1,1,6,6,445.78575860032799,905.85168122642199,460.06592262609399,37.524018147315402,103.855701146043,66.331682998727999,2.0320336927554701,1,shell0-shell0,0
shell0-shell0,2,148,1148,0,-1,1,4,4,403.55027220739498,784.83472308976798,381.28445088237299,-4.7114682456181098,-17.161256990610699,-12.449788744992601,1.94482516093168,1,shell0-shell0,0
shell0-shell0,2,151,1151,0,-1,1,3,3,408.09267600068699,793.42743198429298,385.33475598360599,-0.16906445232598299,-8.5685480960853493,-8.3994836437593694,1.9442334514794299,1,shell0-shell0,0
shell0-shell0,2,152,1152,0,-1,1,7,7,452.41803090080202,877.52503933878495,425.10700843798298,44.156290447789097,75.529059258406093,31.3727688106169,1.93963321398035,1,shell0-shell0,0
shell0-shell0,2,153,1153,0,2,1,2,2,383.93869118003602,761.19650052044597,377.25780934041001,-24.323049272976402,-40.799479559932301,-16.4764302869559,1.98259909200843,1,shell0-shell0,0
shell0-shell0,2,154,1154,0,-1,1,6,6,421.48417959842499,819.51344884440596,398.02926924598103,13.2224391454124,17.517468764027601,4.2950296186152199,1.94435162341137,1,shell0-shell0,0
shell0-shell0,2,159,1159,0,1,1,3,3,387.12077612739,810.98123315815803,423.86045703076798,-21.1409643256228,8.98525307777936,30.126217403402201,2.0949049577522199,1,shell0-shell0,0
shell0-shell0,2,160,1160,0,-1,1,5,5,441.76784513971,860.00646627563196,418.23862113592202,33.506104686697,58.010486195253002,24.504381508555898,1.9467384865995701,1,shell0-shell0,0
shell0-shell0,2,164,1164,0,-1,1,4,4,437.39836317547599,849.28377706517301,411.88541388969702,29.136622722462999,47.287796984794603,18.151174262331601,1.9416711368086601,1,shell0-shell0,0
shell0-shell0,2,165,1165,0,2,1,15,15,439.75584268747099,864.10312081835605,424.34727813088398,31.494102234458499,62.107140737977097,30.613038503518698,1.9649610919040399,1,shell0-shell0,0
shell0-shell0,2,167,1167,0,-1,1,2,2,382.88390036462602,745.98077905168998,363.09687868706402,-25.377840088387099,-56.015201028688601,-30.637360940301399,1.9483210924807299,1,shell0-shell0,0
shell0-shell0,2,171,1171,0,-1,1,2,2,355.991897135942,698.28045034214404,342.28855320620198,-52.269843317070297,-103.715529738234,-51.445686421163998,1.96150658472851,1,shell0-shell0,0
shell0-shell0,2,172,1172,0,-1,1,7,7,429.90552341541598,839.43269545122598,409.52717203581,21.643782962403598,37.436715370847899,15.7929324084442,1.9525980703441299,1,shell0-shell0,0
shell0-shell0,2,173,1173,0,-1,1,3,3,399.04643559703601,772.95734694849205,373.91091135145501,-9.2153048559765107,-29.0386331318869,-19.823328275910299,1.9370110292854199,1,shell0-shell0,0
shell0-shell0,2,176,1176,0,-1,1,2,2,386.44695243227602,753.18267998885801,366.73572755658302,-21.814788020737002,-48.813300091520198,-26.9985120707832,1.94899371116364,1,shell0-shell0,0
shell0-shell0,2,177,1177,0,-1,1,3,3,412.68384481145,799.31547344254898,386.63162863109801,4.4221043584377098,-2.6805066378299198,-7.1026109962676296,1.93687124778956,1,shell0-shell0,0
shell0-shell0,2,180,1180,0,-1,1,5,5,427.18533743384501,830.83528292138999,403.64994548754498,18.923596980831899,28.839302841011001,9.9157058601790595,1.9449058994213599,1,shell0-shell0,0
shell0-shell0,2,185,1185,0,2,1,13,13,424.53739833073303,826.22293394225505,401.685535611521,16.275657877720601,24.226953861876002,7.9512959841554798,1.9461723211922799,1,shell0-shell0,0
shell0-shell0,2,187,1187,0,2,1,2,2,396.38393772927998,783.53378849655599,387.14985076727601,-11.877802723733099,-18.462191583822499,-6.5843888600894003,1.9767041847989599,1,shell0-shell0,0
shell0-shell0,2,188,1188,0,2,1,5,5,405.423173659903,793.809551383246,388.386377723343,-2.8385667931094098,-8.1864286971321008,-5.3478619040226896,1.95797774512305,1,shell0-shell0,0
shell0-shell0,2,196,1196,0,2,1,2,2,379.90612073008901,741.42760050340996,361.52147977332203,-28.3556197229242,-60.568379576968297,-32.212759854044101,1.9516074104796299,1,shell0-shell0,0
shell0-shell0,2,199,1199,0,1,1,9,9,451.24044250195499,905.40827680181303,454.16783429985901,42.978702048942097,103.412296721435,60.433594672492703,2.00648743224715,1,shell0-shell0,0
shell0-shell0,2,200,1200,0,-1,1,3,3,410.35324334327601,798.17393283439299,387.82068949111601,2.0915028902633099,-3.8220472459860302,-5.9135501362493397,1.9450898604612501,1,shell0-shell0,0
shell0-shell0,2,201,1201,0,-1,1,2,2,373.70466375685902,733.80742706569401,360.10276330883602,-34.557076696154098,-68.188553014684103,-33.631476318529998,1.9636025402752999,1,shell0-shell0,0
shell0-shell0,2,203,1203,0,2,1,2,2,395.581059738254,771.99375005281297,376.41269031455897,-12.6806807147586,-30.002230027565901,-17.321549312807299,1.9515437634036901,1,shell0-shell0,0
shell0-shell0,2,204,1204,0,2,1,4,4,416.243790208446,808.36535907155496,392.12156886310902,7.9820497554332501,6.3693789911762897,-1.61267076425696,1.9420478529343199,1,shell0-shell0,0
shell0-shell0,2,207,1207,0,2,1,4,4,407.29671358710999,813.81697181389404,406.52025822678399,-0.96502686590270104,11.820991733515299,12.786018599418,1.9980936370600999,1,shell0-shell0,0
shell0-shell0,2,208,1208,0,1,1,2,2,376.00584964291801,802.00734926320001,426.001499620282,-32.255890810094698,0.011369182821681501,32.267259992916401,2.1329650855826898,1,shell0-shell0,0
shell0-shell0,2,209,1209,0,2,1,2,2,378.18408886980501,746.00439744742505,367.82030857761998,-30.077651583207601,-55.991582632953602,-25.913931049746001,1.9725959378059601,1,shell0-shell0,0
shell0-shell0,2,210,1210,0,-1,1,2,2,380.64004311143702,740.31970016295202,359.67965705151602,-27.621697341575999,-61.6762799174261,-34.054582575850098,1.9449338385720401,1,shell0-shell0,0
shell0-shell0,2,213,1213,0,2,1,7,7,428.29282007148998,835.18213800998001,406.88931793849099,20.031079618476799,33.186157929601698,13.1550783111248,1.9500260076052001,1,shell0-shell0,0
shell0-shell0,2,214,1214,0,-1,1,2,2,411.810410294436,801.679190484228,389.86878018979201,3.5486698414236999,-0.31678959615010199,-3.8654594375737998,1.9467190980214499,1,shell0-shell0,0
shell0-shell0,2,221,1221,0,2,1,5,5,438.18295005034503,851.99369269133501,413.81074264098999,29.9212095973324,49.997712610956697,20.076503013624301,1.94437892344612,1,shell0-shell0,0
shell0-shell0,2,222,1222,0,-1,1,2,2,378.07061850239302,734.61230084974,356.54168234734698,-30.191121950619898,-67.383679230638805,-37.192557280018903,1.9430557808477,1,shell0-shell0,0
shell0-shell0,2,223,1223,0,2,1,5,5,394.48255994809602,767.93773087909096,373.455170930995,-13.7791805049172,-34.058249201287701,-20.279068696370501,1.94669627721979,1,shell0-shell0,0
shell0-shell0,2,224,1224,0,2,1,7,7,394.88914053342103,767.95196364788706,373.06282311446603,-13.3725999195916,-34.044016432491297,-20.6714165128997,1.94472798773481,1,shell0-shell0,0
shell0-shell0,2,228,1228,0,-1,1,5,5,409.18106243296,795.32996921376798,386.14890678080798,0.91932197994725595,-6.6660108666101197,-7.5853328465573799,1.9437115796239299,1,shell0-shell0,0
shell0-shell0,2,229,1229,0,2,1,8,8,436.15527899901201,849.16354352101496,413.008264522003,27.893538545998801,47.1675634406363,19.274024894637499,1.94692941805008,1,shell0-shell0,0
shell0-shell0,2,230,1230,0,2,1,3,3,390.72330899498701,767.803627902617,377.08031890762999,-17.538431458025499,-34.192352177761599,-16.653920719736,1.96508273304081,1,shell0-shell0,0
shell0-shell0,2,234,1234,0,-1,1,4,4,425.54384353268301,825.46770675173696,399.923863219054,17.2821030796703,23.471726671358699,6.1896235916884699,1.93979473395516,1,shell0-shell0,0
shell0-shell0,2,235,1235,0,2,1,7,7,407.488509000146,815.91814897002303,408.42963996987697,-0.77323145286692396,13.922168889644,14.695400342510901,2.00230958897968,1,shell0-shell0,0
shell0-shell0,2,238,1238,0,2,1,8,8,447.87659939166701,884.44725813753098,436.57065874586402,39.614858938654699,82.451278057152393,42.836419118497702,1.9747565720978499,1,shell0-shell0,0
shell0-shell0,2,240,1240,0,1,1,2,2,390.32485015479398,834.19227178607503,443.86742163128099,-17.936890298218501,32.1962917056969,50.133182003915401,2.1371743855285001,1,shell0-shell0,0
shell0-shell0,2,242,1242,0,2,1,4,4,406.05532546832097,790.43683599424298,384.38151052592201,-2.2064149846917802,-11.5591440861353,-9.3527291014435701,1.9466234929503701,1,shell0-shell0,0
shell0-shell0,2,243,1243,0,1,1,6,6,429.943974895841,869.02770745078499,439.08373255494399,21.682234442828701,67.0317273704065,45.349492927577799,2.0212580200974202,1,shell0-shell0,0
shell0-shell0,2,249,1249,0,1,1,5,5,418.895592354911,854.69054544494395,435.794953090033,10.633851901898099,52.6945653645652,42.060713462667103,2.0403426558873998,1,shell0-shell0,0
shell0-shell0,2,252,1252,0,2,1,7,7,440.993786544214,868.05359475292801,427.059808208714,32.732046091201397,66.057614672549903,33.325568581348499,1.9684032320620899,1,shell0-shell0,0
shell0-shell0,2,254,1254,0,-1,1,7,7,413.34302945591901,805.32513617097595,391.982106715057,5.0812890029062601,3.3291560905975102,-1.7521329123087499,1.94832156049909,1,shell0-shell0,0
shell0-shell0,2,255,1255,0,-1,1,2,2,395.45007662691802,767.05656554509801,371.60648891817902,-12.8116638260946,-34.939414535281003,-22.127750709186401,1.93970518880128,1,shell0-shell0,0
shell0-shell0,2,256,1256,0,2,1,3,3,424.14673120577902,826.23515963664602,402.088428430867,15.8849907527659,24.239179556267501,8.3541888035015894,1.9479936985198401,1,shell0-shell0,0
shell0-shell0,2,259,1259,0,2,1,6,6,436.54516762578999,850.604664699159,414.05949707336902,28.283427172776999,48.6086846187806,20.325257446003601,1.9484917662135399,1,shell0-shell0,0
shell0-shell0,2,261,1261,0,2,1,3,3,403.96049985815802,787.34562231381699,383.38512245565897,-4.3012405948548498,-14.650357766561701,-10.3491171717068,1.94906586804966,1,shell0-shell0,0
shell0-shell0,2,263,1263,0,2,1,3,3,382.95649336442,752.116491365662,369.15999800124098,-25.305247088592399,-49.8794887147168,-24.574241626124401,1.96397372651402,1,shell0-shell0,0
shell0-shell0,2,264,1264,0,-1,1,6,6,417.72486455984398,811.110998064912,393.38613350506802,9.4631241068312306,9.1150179845335497,-0.34810612229767901,1.9417350195794001,1,shell0-shell0,0
shell0-shell0,2,265,1265,0,2,1,6,6,448.88062103338399,875.87312496814502,426.992503934762,40.618880580370998,73.877144887766903,33.258264307395898,1.9512384449829201,1,shell0-shell0,0
shell0-shell0,2,268,1268,0,-1,1,8,8,445.30600076873202,869.54808169354396,424.242080924812,37.0442603157192,67.552101613165902,30.5078412974466,1.9526978756011399,1,shell0-shell0,0
shell0-shell0,2,271,1271,0,-1,1,3,3,405.490917727961,787.89380822005705,382.40289049209599,-2.7708227250522,-14.1021718603218,-11.331349135269599,1.94306154286949,1,shell0-shell0,0
shell0-shell0,2,287,1287,0,-1,1,3,3,392.283999383393,760.35043658959205,368.06643720619797,-15.9777410696194,-41.6455434907868,-25.667802421167501,1.93826523076327,1,shell0-shell0,0
shell0-shell0,2,289,1289,0,1,1,3,3,394.82983918476998,824.18741017079299,429.35757098602301,-13.431901268242999,22.1914300904143,35.623331358657303,2.08744965140564,1,shell0-shell0,0
shell0-shell0,2,301,1301,0,2,1,2,2,383.41740202774901,747.44479566082305,364.02739363307398,-24.8443384252637,-54.551184419556002,-29.706845994292301,1.9494284602312499,1,shell0-shell0,0
shell0-shell0,2,305,1305,0,-1,1,2,2,365.95841224129799,711.103884472696,345.145472231398,-42.303328211714302,-90.892095607682606,-48.588767395968297,1.9431275814034901,1,shell0-shell0,0
shell0-shell0,2,306,1306,0,-1,1,3,3,423.39646400358703,820.30188847940803,396.90542447581998,15.1347235505746,18.3059083990292,3.1711848484546898,1.9374320718759199,1,shell0-shell0,0
shell0-shell0,2,307,1307,0,-1,1,4,4,426.80652731991597,828.41258508971305,401.60605776979702,18.544786866903301,26.4166050093344,7.8718181424310396,1.9409557541016,1,shell0-shell0,0
shell0-shell0,2,314,1314,0,1,1,5,5,417.93508414955301,851.687737339558,433.75265319000499,9.6733436965407105,49.691757259179802,40.018413562639097,2.0378469519318698,1,shell0-shell0,0
shell0-shell0,2,315,1315,0,2,1,2,2,399.43619008407097,778.80574120118797,379.36955111711802,-8.8255503689421708,-23.190238879190201,-14.364688510248101,1.9497625917102599,1,shell0-shell0,0
shell0-shell0,2,318,1318,0,-1,1,5,5,418.64876267283199,812.97593813639901,394.32717546356702,10.387022219819,10.979958056020299,0.59293583620137702,1.94190455250844,1,shell0-shell0,0
shell0-shell0,2,320,1320,0,1,1,6,6,442.94296299950298,894.81337068961102,451.87040769010798,34.681222546489899,92.817390609232504,58.136168062742499,2.0201548403210898,1,shell0-shell0,0
shell0-shell0,2,321,1321,0,2,1,5,5,416.25121907560799,818.14343389336705,401.892214817759,7.9894786225952998,16.147453812988299,8.1579751903929605,1.9655039947036399,1,shell0-shell0,0
shell0-shell0,2,327,1327,0,-1,1,4,4,381.03294171503597,743.56813310790096,362.53519139286499,-27.228798737977201,-58.427846972477603,-31.199048234500399,1.95145367159356,1,shell0-shell0,0
shell0-shell0,2,332,1332,0,2,1,2,2,395.44838535632601,771.35724555193804,375.90886019561202,-12.813355096687101,-30.638734528440899,-17.825379431753799,1.95058893680118,1,shell0-shell0,0
shell0-shell0,2,336,1336,0,1,1,3,3,399.58931233921101,836.36625842131605,436.77694608210498,-8.6724281138013506,34.370278340937801,43.042706454739204,2.0930646356009799,1,shell0-shell0,0
shell0-shell0,2,341,1341,0,2,1,2,2,346.20886975424901,675.01852361328497,328.80965385903698,-62.052870698764103,-126.97745646709301,-64.924585768329294,1.9497435871369699,1,shell0-shell0,0
shell0-shell0,2,346,1346,0,1,1,4,4,443.06588801040999,908.29192869027997,465.22604067986998,34.804147557397499,106.295948609902,71.491801052504201,2.0500154791175,1,shell0-shell0,0
shell0-shell0,2,349,1349,0,1,1,2,2,367.794744608857,786.50377128824402,418.709026679386,-40.466995844155299,-15.4922087921349,24.974787052020499,2.1384312386645901,1,shell0-shell0,0
shell0-shell0,2,351,1351,0,-1,1,4,4,420.44798040127898,819.46460475099798,399.016624349719,12.1862399482665,17.468624670619601,5.2823847223531901,1.94902733025116,1,shell0-shell0,0
shell0-shell0,2,352,1352,0,-1,1,3,3,418.01079184922401,813.01731413025004,395.00652228102598,9.74905139621114,11.021334049870999,1.2722826536598899,1.9449672831018801,1,shell0-shell0,0
shell0-shell0,2,360,1360,0,1,1,4,4,406.99217094096298,837.55185168517005,430.55968074420701,-1.2695695120499999,35.555871604791001,36.825441116840999,2.0579065433832699,1,shell0-shell0,0
shell0-shell0,2,363,1363,0,1,1,2,2,391.87252161584598,835.49554604481295,443.62302442896703,-16.389218837166801,33.499565964434602,49.888784801601403,2.1320595345642799,1,shell0-shell0,0
shell0-shell0,2,367,1367,0,-1,1,2,2,367.7365345851,714.12626954807604,346.38973496297598,-40.525205867912398,-87.869710532302307,-47.344504664389902,1.9419508326900199,1,shell0-shell0,0
shell0-shell0,2,368,1368,0,2,1,4,4,409.82745985364198,799.79233571878297,389.96487586514098,1.56571940062929,-2.2036443615951402,-3.76936376222443,1.95153427738689,1,shell0-shell0,0
shell0-shell0,2,371,1371,0,2,1,3,3,434.53608631131402,855.161854837345,420.625768526032,26.274345858300801,53.165874756966602,26.891528898665701,1.9679881183094301,1,shell0-shell0,0
shell0-shell0,2,372,1372,0,2,1,2,2,374.12574867922501,729.522321756368,355.39657307714299,-34.135991773787403,-72.473658324010103,-38.3376665502227,1.9499388222590901,1,shell0-shell0,0
shell0-shell0,2,373,1373,0,-1,1,2,2,357.323883736737,694.47351393519796,337.14963019846101,-50.937856716275498,-107.52246614518,-56.584609428904699,1.9435407078661999,1,shell0-shell0,0
shell0-shell0,2,378,1378,0,1,1,4,4,389.128746101898,803.97349894429203,414.844752842395,-19.132994351115101,1.9775188639139301,21.110513215029101,2.0660861141668598,1,shell0-shell0,0
shell0-shell0,2,386,1386,0,1,1,2,2,390.23810897182,830.75855884225302,440.52044987043303,-18.023631481193199,28.762578761874,46.786210243067202,2.1288504114349398,1,shell0-shell0,0
shell0-shell0,2,391,1391,0,2,1,3,3,413.88060513397301,826.81204020009,412.93143506611699,5.6188646809604803,24.816060119711899,19.1971954387514,1.9977066572917801,1,shell0-shell0,0
shell0-shell0,2,393,1393,0,1,1,3,3,401.35214910840398,841.84823852125498,440.49608941285101,-6.9095913446085397,39.852258440876398,46.761849785484998,2.0975301624556,1,shell0-shell0,0
shell0-shell0,2,394,1394,0,-1,1,5,5,440.72907576783001,862.31706005492504,421.58798428709503,32.467335314817298,60.3210799745464,27.853744659728999,1.9565694833103799,1,shell0-shell0,0
shell0-shell0,2,396,1396,0,1,1,3,3,338.40816204452801,717.82297018878501,379.41480814425603,-69.853578408484495,-84.173009891593793,-14.3194314831093,2.12117510952449,1,shell0-shell0,0
shell0-shell0,2,400,1400,0,-1,1,5,5,415.28462493323599,807.54624267046495,392.26161773722902,7.0228844802231301,5.5502625900867297,-1.4726218901363901,1.9445608967591601,1,shell0-shell0,0
shell0-shell0,2,407,1407,0,1,1,5,5,376.44046264510501,774.39273480034103,397.95227215523698,-31.821277807907801,-27.6032452800371,4.2180325278707196,2.0571453168423401,1,shell0-shell0,0
shell0-shell0,2,408,1408,0,-1,1,4,4,406.075116438495,787.498930871928,381.42381443343299,-2.1866240145179701,-14.497049208450299,-12.310425193932399,1.9392937389976801,1,shell0-shell0,0
shell0-shell0,2,413,1413,0,-1,1,4,4,417.381721802546,809.80775842463402,392.426036622087,9.1199813495336493,7.811778344255,-1.30820300527864,1.94020896489505,1,shell0-shell0,0
shell0-shell0,2,417,1417,0,2,1,6,6,389.69097213918701,771.28470314178901,381.593731002602,-18.5707683138261,-30.7112769385894,-12.140508624763401,1.9792213786936499,1,shell0-shell0,0
shell0-shell0,2,418,1418,0,2,1,3,3,434.78941009574902,849.56922736306899,414.77981726732003,26.527669642736601,47.573247282690303,21.045577639953699,1.9539786564166199,1,shell0-shell0,0
shell0-shell0,2,419,1419,0,-1,1,4,4,440.42333206001803,853.66743863026204,413.24410657024401,32.161591607005299,51.671458549882999,19.5098669428777,1.9382884068320201,1,shell0-shell0,0
shell0-shell0,2,427,1427,0,2,1,4,4,407.575001710256,792.25933490967702,384.68433319942102,-0.686738742756972,-9.7366451707016495,-9.0499064279446806,1.9438369173409,1,shell0-shell0,0
shell0-shell0,2,431,1431,0,-1,1,2,2,346.46054748645503,676.62625200544301,330.165704518989,-61.801192966558098,-125.369728074935,-63.568535108377098,1.9529676810659,1,shell0-shell0,0
shell0-shell0,2,434,1434,0,-1,1,2,2,389.20704502262703,754.45889479764901,365.25184977502198,-19.0546954303855,-47.5370852827295,-28.482389852344099,1.9384512804843701,1,shell0-shell0,0
shell0-shell0,2,441,1441,0,2,1,4,4,430.80390776587802,838.10687474160704,407.30296697572902,22.542167312865502,36.1108946612285,13.568727348363,1.94544863598842,1,shell0-shell0,0
shell0-shell0,2,452,1452,0,2,1,2,2,390.01704280540298,772.21283904467498,382.195796239272,-18.244697647609598,-29.783141035703402,-11.5384433880938,1.9799463979577101,1,shell0-shell0,0
shell0-shell0,2,454,1454,0,2,1,5,5,378.64529007218903,750.970447703692,372.32515763150298,-29.616450380823899,-51.025532376686897,-21.409081995862898,1.9833085671302499,1,shell0-shell0,0
shell0-shell0,2,455,1455,0,-1,1,3,3,376.033075585988,730.88691232687097,354.85383674088303,-32.228664867025003,-71.109067753507802,-38.880402886482798,1.94367719166166,1,shell0-shell0,0
shell0-shell0,2,464,1464,0,1,1,6,6,384.964091779429,788.26404418482696,403.29995240539898,-23.297648673584199,-13.7319358955511,9.5657127780330597,2.04763005438044,1,shell0-shell0,0
shell0-shell0,2,465,1465,0,2,1,3,3,396.78972674705,781.80366299313198,385.01393624608102,-11.472013705962601,-20.192317087247002,-8.7203033812844506,1.9703223402543499,1,shell0-shell0,0
shell0-shell0,2,472,1472,0,1,1,5,5,416.31603596707998,848.39809015769004,432.08205419060999,8.0542955140671193,46.402110077311498,38.347814563244398,2.0378703121221502,1,shell0-shell0,0
shell0-shell0,2,473,1473,0,1,1,2,2,401.85115940198602,851.50828870845396,449.65712930646703,-6.4105810510266101,49.512308628075097,55.922889679101701,2.1189643697323701,1,shell0-shell0,0
shell0-shell0,2,480,1480,0,2,1,5,5,391.88921235686797,761.22090007615702,369.33168771928899,-16.372528096144499,-40.775080004221799,-24.402551908077299,1.9424390263209399,1,shell0-shell0,0
shell0-shell0,2,481,1481,0,2,1,4,4,395.725869825887,769.43462864559206,373.708758819705,-12.535870627126,-32.561351434786403,-20.025480807660401,1.9443627200418601,1,shell0-shell0,0
shell0-shell0,2,489,1489,0,-1,1,5,5,404.50738574754502,787.58153786034302,383.074152112798,-3.7543547054679598,-14.414442220035999,-10.660087514568,1.94701398691364,1,shell0-shell0,0
shell0-shell0,2,491,1491,0,2,1,3,3,399.22042870041003,786.23504393020301,387.01461522979298,-9.0413117526028408,-15.760936150175899,-6.7196243975730603,1.9694258795564401,1,shell0-shell0,0
shell0-shell0,2,499,1499,0,1,1,2,2,401.908153003179,854.05842621702902,452.15027321385003,-6.3535874498338698,52.062446136650401,58.416033586484197,2.1250089599707001,1,shell0-shell0,0
shell0-shell0,2,501,1501,0,1,1,3,3,388.56598850941799,814.26600987129598,425.70002136187799,-19.695751943594999,12.2700297909174,31.9657817345125,2.0955668636745899,1,shell0-shell0,0
shell0-shell0,2,502,1502,0,-1,1,2,2,367.65283173208798,714.84516534520901,347.19233361312098,-40.608908720924802,-87.150814735169206,-46.541906014244397,1.9443483189764299,1,shell0-shell0,0
shell0-shell0,2,504,1504,0,-1,1,2,2,357.47534365669901,702.87732626977902,345.40198261308097,-50.786396796314101,-99.118653810599199,-48.332257014285098,1.9662260313673201,1,shell0-shell0,0
shell0-shell0,2,511,1511,0,2,1,2,2,404.78892494489298,795.55949062673506,390.77056568184298,-3.4728155081202199,-6.4364894536431603,-2.9636739455229399,1.9653687183636299,1,shell0-shell0,0
shell0-shell0,2,515,1515,0,2,1,3,3,389.79300533396099,766.50150986070105,376.70850452674,-18.468735119051999,-35.494470219677503,-17.0257351006255,1.9664321816241701,1,shell0-shell0,0
shell0-shell0,2,517,1517,0,-1,1,2,2,365.96492352924901,715.17662764157501,349.211704112326,-42.2968169237637,-86.819352438803506,-44.522535515039799,1.9542217891939999,1,shell0-shell0,0
shell0-shell0,2,523,1523,0,1,1,3,3,390.152145034623,816.87300701408901,426.72086197946697,-18.1095954183901,14.8770269337109,32.986622352101001,2.0937293756044801,1,shell0-shell0,0
shell0-shell0,2,526,1526,0,2,1,6,6,414.96950808579498,806.97638355964102,392.006875473847,6.7077676327818896,4.9804034792626899,-1.7273641535191999,1.9446642893887001,1,shell0-shell0,0
shell0-shell0,2,528,1528,0,2,1,2,2,399.90438869506897,783.23142255653795,383.32703386147,-8.3573517579438903,-18.7645575238402,-10.4072057658963,1.9585467044067899,1,shell0-shell0,0
shell0-shell0,2,541,1541,0,-1,1,3,3,444.64944961110399,866.06848979548602,421.41904018438299,36.387709158090999,64.072509715107799,27.6848005570168,1.9477556770911599,1,shell0-shell0,0
shell0-shell0,2,544,1544,0,-1,1,2,2,389.475472648959,755.77116700584702,366.29569435688802,-18.786267804053399,-46.224813074531099,-27.4385452704777,1.94048462632469,1,shell0-shell0,0
shell0-shell0,2,549,1549,0,-1,1,2,2,369.05477481246402,718.01965682407501,348.964882011611,-39.206965640548702,-83.976323256303203,-44.769357615754501,1.9455639266256299,1,shell0-shell0,0
shell0-shell0,2,559,1559,0,-1,1,3,3,409.62424432247002,795.89705814184799,386.27281381937797,1.3625038694576701,-6.0989219385305704,-7.4614258079882303,1.94299304587863,1,shell0-shell0,0
shell0-shell0,2,561,1561,0,2,1,2,2,400.03570121398201,779.688572167242,379.65287095325999,-8.2260392390305697,-22.307407913136799,-14.0813686741062,1.9490474720159501,1,shell0-shell0,0
shell0-shell0,2,562,1562,0,-1,1,2,2,352.70862988021202,684.28144279386902,331.57281291365803,-55.553110572801003,-117.714537286509,-62.161426713708103,1.9400757022199,1,shell0-shell0,0
shell0-shell0,2,564,1564,0,2,1,2,2,381.28251483828598,758.12303047171804,376.84051563343297,-26.9792256147269,-43.8729496086601,-16.893723993933101,1.98834984812577,1,shell0-shell0,0
shell0-shell0,2,568,1568,0,-1,1,2,2,397.88124082516703,775.10098816935101,377.21974734418399,-10.380499627845699,-26.894991911027802,-16.514492283182101,1.9480712047692099,1,shell0-shell0,0
shell0-shell0,2,570,1570,0,1,1,2,2,352.54369416503999,762.85880171039105,410.315107545351,-55.718046287972598,-39.137178369987403,16.580867917985199,2.1638702218660799,1,shell0-shell0,0
shell0-shell0,2,580,1580,0,-1,1,3,3,396.23763209475698,767.10862213764096,370.87099004288399,-12.0241083582559,-34.887357942737701,-22.8632495844818,1.93598123954616,1,shell0-shell0,0
shell0-shell0,2,590,1590,0,-1,1,2,2,365.30758709293298,709.53903120642303,344.23144411349,-42.954153360079303,-92.456948873955497,-49.502795513876201,1.94230576170847,1,shell0-shell0,0
shell0-shell0,2,593,1593,0,2,1,4,4,399.15867419829499,776.32722053588998,377.16854633759499,-9.1030662547178203,-25.6687595444888,-16.565693289771001,1.94490880624136,1,shell0-shell0,0
shell0-shell0,2,603,1603,0,1,1,3,3,374.642104470763,794.28322439429803,419.64111992353401,-33.619635982249498,-7.7127556860808699,25.906880296168701,2.12011200800919,1,shell0-shell0,0
shell0-shell0,2,604,1604,0,-1,1,2,2,346.10811069284301,672.90924996250806,326.80113926966499,-62.1536297601698,-129.08673011787101,-66.933100357700894,1.94421693445863,1,shell0-shell0,0
shell0-shell0,2,607,1607,0,-1,1,2,2,368.29609325466703,716.81794954854604,348.52185629387901,-39.9656471983457,-85.178030531832306,-45.212383333486599,1.9463088603899099,1,shell0-shell0,0
shell0-shell0,2,609,1609,0,-1,1,4,4,359.24283015409497,700.48199348422804,341.23916333013301,-49.018910298917802,-101.513986596151,-52.495076297233098,1.9498844087821099,1,shell0-shell0,0
shell0-shell0,2,614,1614,0,2,1,2,2,378.782931094231,744.97823493618296,366.19530384195201,-29.478809358781799,-57.0177451441958,-27.538935785414001,1.9667682299835501,1,shell0-shell0,0
shell0-shell0,2,615,1615,0,2,1,3,3,418.28876949560299,828.92650248422694,410.63773298862299,10.027029042590399,26.930522403847998,16.903493361257599,1.9817087211875,1,shell0-shell0,0
shell0-shell0,2,618,1618,0,-1,1,2,2,403.393411315283,785.56829052991202,382.17487921462902,-4.8683291377293498,-16.4276895504664,-11.559360412737099,1.9473999041494701,1,shell0-shell0,0
shell0-shell0,2,619,1619,0,1,1,2,2,345.94928666833698,747.27908736525603,401.32980069691899,-62.312453784675803,-54.716892715122398,7.5955610695534101,2.1600827524806401,1,shell0-shell0,0
shell0-shell0,2,620,1620,0,-1,1,2,2,379.83798155553598,740.21519319635104,360.37721164081501,-28.423758897476802,-61.7807868840274,-33.357027986550598,1.94876560307365,1,shell0-shell0,0
shell0-shell0,2,621,1621,0,2,1,2,2,355.26717527249798,693.35481737487396,338.08764210237598,-52.994565180514797,-108.641162705504,-55.646597524989502,1.9516433423466599,1,shell0-shell0,0
shell0-shell0,2,627,1627,0,-1,1,4,4,372.325100641169,721.71087217284605,349.38577153167699,-35.936639811843897,-80.285107907532606,-44.348468095688801,1.9383889803024601,1,shell0-shell0,0
shell0-shell0,2,628,1628,0,2,1,3,3,427.62984271765902,833.78454077266599,406.154698055008,19.368102264645799,31.788560692287799,12.420458427642,1.949780996279,1,shell0-shell0,0
shell0-shell0,2,639,1639,0,-1,1,2,2,381.51566531226899,741.37748188111595,359.861816568846,-26.746075140743599,-60.618498199263101,-33.872423058519402,1.94324256980195,1,shell0-shell0,0
shell0-shell0,2,672,1672,0,-1,1,3,3,371.23924328848699,721.500868765169,350.26162547668201,-37.022497164526001,-80.4951113152094,-43.472614150683398,1.94349299490544,1,shell0-shell0,0
shell0-shell0,2,673,1673,0,-1,1,2,2,392.321366348742,762.95530639593699,370.63394004719498,-15.9403741042705,-39.040673684441302,-23.100299580170802,1.94472025191137,1,shell0-shell0,0
shell0-shell0,2,683,1683,0,-1,1,2,2,369.737629916495,719.10175775042296,349.36412783392802,-38.524110536517497,-82.894222329955099,-44.370111793437701,1.9448974071501199,1,shell0-shell0,0
shell0-shell0,2,685,1685,0,1,1,2,2,361.64430773998203,777.94026018605996,416.29595244607799,-46.617432713030603,-24.055719894318301,22.561712818712301,2.1511198808786198,1,shell0-shell0,0
shell0-shell0,2,689,1689,0,-1,1,2,2,365.41970930352699,719.46511844942495,354.04540914589802,-42.842031149485898,-82.530861630953495,-39.688830481467598,1.9688733260192599,1,shell0-shell0,0
shell0-shell0,2,690,1690,0,-1,1,5,5,396.75477778687599,772.26503006038297,375.510252273508,-11.506962666136999,-29.730950019995099,-18.223987353858099,1.94645426670884,1,shell0-shell0,0
shell0-shell0,2,691,1691,0,1,1,2,2,380.48386253646697,810.87216551793404,430.38830298146598,-27.777877916545499,8.8761854375550193,36.654063354100501,2.13116046528837,1,shell0-shell0,0
shell0-shell0,2,697,1697,0,-1,1,2,2,352.06310558630503,683.24784900627503,331.18474341997,-56.198634866707998,-118.748131074103,-62.5494962073954,1.94069710277774,1,shell0-shell0,0
shell0-shell0,2,700,1700,0,2,1,3,3,400.13967312880999,780.166220666973,380.02654753816302,-8.1220673242024795,-21.8297594134058,-13.707692089203301,1.94973473778949,1,shell0-shell0,0
shell0-shell0,2,701,1701,0,1,1,4,4,396.82116433396197,819.36412191190698,422.542957577945,-11.4405761190511,17.368141831528199,28.8087179505793,2.0648196103329202,1,shell0-shell0,0
shell0-shell0,2,703,1703,0,-1,1,2,2,396.82648700900199,769.33136819019796,372.50488118119603,-11.435253444011,-32.664611890180602,-21.229358446169599,1.93870972169442,1,shell0-shell0,0
shell0-shell0,2,707,1707,0,-1,1,2,2,399.32783007954299,775.20282227006999,375.874992190527,-8.93391037346953,-26.7931578103085,-17.859247436838899,1.94126921260573,1,shell0-shell0,0
shell0-shell0,2,717,1717,0,-1,1,3,3,375.743833658911,729.58444299292,353.84060933400798,-32.5179067941014,-72.411537087458896,-39.893630293357504,1.94170702919696,1,shell0-shell0,0
shell0-shell0,2,725,1725,0,2,1,2,2,401.30991788932801,782.93840680891401,381.628488919586,-6.9518225636846296,-19.057573271464499,-12.105750707779899,1.9509570332244599,1,shell0-shell0,0
shell0-shell0,2,738,1738,0,-1,1,2,2,377.10459675984998,735.76928832590102,358.66469156605098,-31.157143693162698,-66.226691754477201,-35.069548061314499,1.9511013513167501,1,shell0-shell0,0
shell0-shell0,2,741,1741,0,2,1,2,2,369.30613321628698,723.40188946400997,354.09575624772202,-38.955607236725299,-78.594090616368902,-39.638483379643603,1.9588136356250101,1,shell0-shell0,0
shell0-shell0,2,750,1750,0,-1,1,2,2,399.92593019076401,779.206750612375,379.280820421611,-8.3358102622487404,-22.7892294680031,-14.4534192057544,1.9483776664361201,1,shell0-shell0,0
shell0-shell0,2,754,1754,0,-1,1,2,2,376.95412767465001,738.16278065110498,361.20865297645599,-31.307612778363001,-63.833199429273201,-32.525586650910199,1.9582297326326601,1,shell0-shell0,0
shell0-shell0,2,764,1764,0,-1,1,2,2,394.11511911737102,770.927876281463,376.81275716409198,-14.1466213356418,-31.068103798915299,-16.921482463273499,1.9560982030021401,1,shell0-shell0,0
shell0-shell0,2,767,1767,0,2,1,2,2,385.71069654387099,751.91238979628099,366.20169325241,-22.551043909141601,-50.083590284097603,-27.532546374955899,1.94942063192369,1,shell0-shell0,0
shell0-shell0,2,771,1771,0,2,1,2,2,388.85073730578802,758.40421221963402,369.553474913846,-19.411003147224601,-43.591767860744298,-24.1807647135197,1.9503735995831,1,shell0-shell0,0
shell0-shell0,2,780,1780,0,-1,1,3,3,394.363595707446,763.83264383084304,369.46904812339699,-13.898144745566601,-38.163336249535398,-24.265191503968801,1.93687412363864,1,shell0-shell0,0
shell0-shell0,2,785,1785,0,2,1,5,5,382.14135703702601,745.60080444228197,363.45944740525698,-26.120383415987099,-56.395175638096397,-30.274792222109198,1.95111256793397,1,shell0-shell0,0
shell0-shell0,2,787,1787,0,-1,1,3,3,397.074805241234,770.63433593314096,373.55953069190701,-11.186935211779,-31.361644147237499,-20.174708935458501,1.9407787292496701,1,shell0-shell0,0
shell0-shell0,2,788,1788,0,-1,1,2,2,383.20997642605897,755.83876931798397,372.628792891925,-25.051764026953499,-46.157210762394698,-21.105446735441198,1.9723880269694001,1,shell0-shell0,0
shell0-shell0,2,799,1799,0,2,1,2,2,372.39153336463602,726.82701908724505,354.43548572260897,-35.870207088376702,-75.168960993133595,-39.2987539047569,1.9517818048122899,1,shell0-shell0,0
shell0-shell0,2,805,1805,0,2,1,2,2,374.91904617742102,732.50758435306398,357.58853817564199,-33.342694275591398,-69.488395727314995,-36.145701451723603,1.95377533315931,1,shell0-shell0,0
shell0-shell0,2,807,1807,0,1,1,2,2,378.89603066453998,808.640538284738,429.74450762019802,-29.365709788472699,6.6445582043589901,36.0102679928317,2.1342016617763901,1,shell0-shell0,0
shell0-shell0,2,834,1834,0,-1,1,2,2,350.34771773648799,686.508425523803,336.160707787315,-57.914022716524897,-115.487554556576,-57.573531840050698,1.9595059158917001,1,shell0-shell0,0
shell0-shell0,2,839,1839,0,2,1,2,2,354.12644616966901,696.20681804210506,342.08037187243599,-54.135294283344102,-105.789162038274,-51.6538677549295,1.9659836919057401,1,shell0-shell0,0
shell0-shell0,2,845,1845,0,-1,1,2,2,375.39767417594697,730.26893267001901,354.87125849407198,-32.864066277065902,-71.727047410359503,-38.862981133293601,1.94532087678238,1,shell0-shell0,0
shell0-shell0,2,847,1847,0,1,1,2,2,391.87252161584598,835.49554604481295,443.62302442896703,-16.389218837166801,33.499565964434602,49.888784801601403,2.1320595345642901,1,shell0-shell0,0
shell0-shell0,2,849,1849,0,-1,1,2,2,369.737629916495,719.10175775042296,349.36412783392802,-38.524110536517497,-82.894222329955298,-44.3701117934378,1.9448974071501199,1,shell0-shell0,0
shell0-shell0,2,850,1850,0,-1,1,2,2,333.17572667153502,652.78959367207699,319.61386700054197,-75.086013781478201,-149.206386408302,-74.120372626823396,1.95929517493223,1,shell0-shell0,0
shell0-shell0,2,853,1853,0,1,1,2,2,371.16599568787501,792.44039069652194,421.27439500864602,-37.095744765137297,-9.5555893838566099,27.540155381280702,2.1350026670086102,1,shell0-shell0,0
shell0-shell0,2,856,1856,0,-1,1,2,2,344.23898989747602,668.46735875152694,324.22836885405098,-64.022750555536703,-133.52862132885201,-69.505870773314896,1.94186997513157,1,shell0-shell0,0
shell0-shell0,2,858,1858,0,-1,1,2,2,385.25548091230098,750.68915782783699,365.43367691553601,-23.006259540711302,-51.306822252541203,-28.300562711829901,1.9485489370590501,1,shell0-shell0,0
shell0-shell0,2,860,1860,0,-1,1,2,2,378.99562165928,735.26832262568905,356.27270096640899,-29.266118793733,-66.727657454689506,-37.461538660956499,1.9400443715064899,1,shell0-shell0,0
shell0-shell0,2,862,1862,0,-1,1,2,2,377.66650153905698,733.85827641681396,356.19177487775698,-30.595238913956202,-68.137703663564906,-37.542464749608698,1.94313838644999,1,shell0-shell0,0
shell0-shell0,2,863,1863,0,1,1,2,2,399.460773398188,847.61919817450098,448.15842477631298,-8.8009670548248096,45.623218094122898,54.4241851489477,2.1219084691692198,1,shell0-shell0,0
shell0-shell0,2,868,1868,0,-1,1,2,2,388.98167038487099,759.52741981236704,370.54574942749599,-19.280070068142201,-42.468560268011899,-23.188490199869701,1.95260465373823,1,shell0-shell0,0
shell0-shell0,2,879,1879,0,1,1,2,2,395.95974788004099,840.04759952657196,444.08785164653102,-12.3019925729721,38.0516194461932,50.353612019165297,2.12154797053025,1,shell0-shell0,0
shell0-shell0,2,883,1883,0,-1,1,2,2,366.38695312551903,715.29880613311002,348.91185300759003,-41.8747873274936,-86.697173947268993,-44.822386619775401,1.9523042510961299,1,shell0-shell0,0
shell0-shell0,2,884,1884,0,-1,1,2,2,378.40973791300098,737.96781604320199,359.55807813020101,-29.852002540011501,-64.028164037176595,-34.176161497164998,1.9501818851524,1,shell0-shell0,0
shell0-shell0,2,894,1894,0,2,1,3,3,369.58745601138099,721.23875007608899,351.651294064708,-38.674284441631599,-80.757230004289795,-42.082945562658203,1.9514697762195701,1,shell0-shell0,0
shell0-shell0,2,896,1896,0,-1,1,2,2,365.76542264032202,710.077133784171,344.31171114384898,-42.4963178126904,-91.918846296207207,-49.4225284835168,1.94134570911157,1,shell0-shell0,0
shell0-shell0,2,899,1899,0,-1,1,2,2,396.11533023806101,770.22148028244897,374.10615004438802,-12.1464102149518,-31.774499797929298,-19.628089582977498,1.94443744406346,1,shell0-shell0,0
shell0-shell0,2,900,1900,0,-1,1,2,2,389.58481496108402,757.37360157551598,367.78878661443201,-18.6769254919292,-44.622378504862603,-25.945453012933299,1.94405318813869,1,shell0-shell0,0
shell0-shell0,2,921,1921,0,2,1,2,2,370.13924084233003,738.31572435392798,368.17648351159801,-38.122499610682802,-63.680255726450198,-25.5577561157674,1.99469724602486,1,shell0-shell0,0
shell0-shell0,2,923,1923,0,-1,1,2,2,378.77007527771701,738.47681040029295,359.70673512257599,-29.4916651752958,-63.519169680086002,-34.027504504790201,1.94967041643624,1,shell0-shell0,0
shell0-shell0,2,924,1924,0,-1,1,2,2,362.76578466692098,707.323424436197,344.55763976927602,-45.495955786092203,-94.672555644181998,-49.176599858089801,1.9498074359069899,1,shell0-shell0,0
shell0-shell0,2,927,1927,0,1,1,2,2,354.07886478190699,759.77257698176595,405.69371219985902,-54.182875671105798,-42.223403098612799,11.959472572492899,2.14577217832458,1,shell0-shell0,0
shell0-shell0,2,933,1933,0,2,1,2,2,378.83001575465602,740.97388143468902,362.143865680033,-29.431724698357002,-61.022098645689297,-31.590373947332399,1.9559534636098399,1,shell0-shell0,0
shell0-shell0,2,934,1934,0,2,1,2,2,382.33571180860599,747.76753768050003,365.43182587189398,-25.9260286444065,-54.228442399878503,-28.302413755472099,1.9557878445182399,1,shell0-shell0,0
shell0-shell0,2,936,1936,0,1,1,3,3,381.86981925361999,802.45935415751796,420.58953490389803,-26.3919211993929,0.46337407713952,26.855295276532399,2.1013950663237999,1,shell0-shell0,0
shell0-shell0,2,947,1947,0,-1,1,2,2,399.13122417594502,774.49693778208996,375.36571360614499,-9.1305162770678994,-27.4990422982887,-18.368526021220799,1.9404568995601199,1,shell0-shell0,0
shell0-shell0,2,949,1949,0,2,1,2,2,403.517638501151,790.01444399713102,386.49680549598003,-4.7441019518620404,-11.981536083248001,-7.2374341313859496,1.9578188624705599,1,shell0-shell0,0
shell0-shell0,2,950,1950,0,-1,1,2,2,358.07949808639199,698.75684439749205,340.67734631110102,-50.182242366620898,-103.239135682886,-53.056893316265203,1.9514014293801001,1,shell0-shell0,0
shell0-shell0,2,952,1952,0,2,1,2,2,396.840857261976,782.239116623732,385.398259361756,-11.420883191036999,-19.756863456646599,-8.3359802656095798,1.9711657766814401,1,shell0-shell0,0
shell0-shell0,2,962,1962,0,-1,1,2,2,357.28586615131502,692.06370610234001,334.77783995102499,-50.9758743016978,-109.932273978038,-58.956399676340503,1.9370027523261799,1,shell0-shell0,0
shell0-shell0,2,968,1968,0,-1,1,2,2,340.12324269611099,664.91387679333695,324.79063409722602,-68.138497756901501,-137.08210328704101,-68.943605530139706,1.95492043273095,1,shell0-shell0,0
shell0-shell0,2,980,1980,0,2,1,2,2,388.41013247451599,757.83691594233403,369.42678346781798,-19.8516079784964,-44.159064138044599,-24.307456159548199,1.9511255051824801,1,shell0-shell0,0
shell0-shell0,2,984,1984,0,-1,1,2,2,385.73743674965698,751.73274024622901,365.99530349657198,-22.5243037033554,-50.263239834149701,-27.738936130794201,1.9488197634654301,1,shell0-shell0,0
shell0-shell0,2,998,1998,0,1,1,2,2,365.795550093087,782.96931532103895,417.173765227952,-42.466190359925299,-19.026664759339202,23.439525600586201,2.1404560966413899,1,shell0-shell0,0
shell0-shell0,1,13,13,0,-1,2,10,10,477.69043145902702,930.51476257593902,452.82433111691199,69.428691006014603,128.518782495561,59.090091489545998,1.9479451571467199,2,shell0-shell0,0
shell0-shell0,1,17,17,0,2,2,14,14,476.47564159246002,940.29689715490701,463.82125556244699,68.213901139446804,138.300917074528,70.087015935081496,1.97344169370816,2,shell0-shell0,0
shell0-shell0,1,25,25,0,2,2,6,6,443.78443460993498,873.20665244394104,429.42221783400601,35.522694156922498,71.210672363562693,35.687978206640203,1.96763695241237,2,shell0-shell0,0
shell0-shell0,1,35,35,0,-1,2,9,9,419.24038932088803,817.76399335720805,398.52360403632002,10.9786488678753,15.7680132768294,4.7893644089540999,1.9505849488449201,2,shell0-shell0,0
shell0-shell0,1,39,39,0,2,2,14,14,440.18283894917101,862.37191868777495,422.18907973860399,31.9210984961578,60.3759386073964,28.4548401112386,1.9591220792398001,2,shell0-shell0,0
shell0-shell0,1,40,40,0,-1,2,5,5,407.32882841346401,796.03663270816105,388.70780429469698,-0.932912039548626,-5.9593473722172803,-5.0264353326686502,1.95428503258339,2,shell0-shell0,0
shell0-shell0,1,43,43,0,2,2,8,8,452.62558953493999,891.12148122757401,438.49589169263402,44.363849081927398,89.125501147195806,44.7616520652684,1.9687828126182101,2,shell0-shell0,0
shell0-shell0,1,44,44,0,2,2,5,5,424.41415270948897,840.60367928079802,416.18952657130899,16.152412256476602,38.607699200419802,22.4552869439432,1.98062122555133,2,shell0-shell0,0
shell0-shell0,1,48,48,0,-1,2,13,13,460.717013495358,895.83467098766005,435.11765749230102,52.455273042345603,93.838690907281304,41.383417864935701,1.9444358353323199,2,shell0-shell0,0
shell0-shell0,1,52,52,0,2,2,6,6,439.64175493079199,872.84812786668101,433.20637293588902,31.380014477779199,70.852147786302794,39.472133308523603,1.9853622138417799,2,shell0-shell0,0
shell0-shell0,1,54,54,0,2,2,12,12,431.417051461163,842.37779559422199,410.96074413305899,23.155311008150001,40.381815513843399,17.226504505693502,1.95258345200121,2,shell0-shell0,0
shell0-shell0,1,58,58,0,-1,2,13,13,456.79586795895699,885.04709422306803,428.25122626411201,48.534127505943999,83.051114142689798,34.516986636745898,1.93751116483959,2,shell0-shell0,0
shell0-shell0,1,59,59,0,-1,2,9,9,428.45126924629801,833.48469673115301,405.033427484855,20.189528793284801,31.488716650774101,11.299187857489301,1.94534304495669,2,shell0-shell0,0
shell0-shell0,1,61,61,0,-1,2,14,14,495.74187173072698,967.34909646000904,471.607224729282,87.480131277714605,165.35311637963099,77.872985101916001,1.9513161014275699,2,shell0-shell0,0
shell0-shell0,1,62,62,0,-1,2,9,9,443.02369427772999,865.53188898931796,422.50819471158701,34.761953824717402,63.5359089089389,28.773955084221601,1.95369209405472,2,shell0-shell0,0
shell0-shell0,1,63,63,0,2,2,12,12,482.47894017808602,944.69236916247098,462.21342898438502,74.2171997250733,142.69638908209299,68.479189357019294,1.95799710721836,2,shell0-shell0,0
shell0-shell0,1,65,65,0,2,2,3,3,442.98776767894401,868.26362249405395,425.27585481510999,34.726027225930999,66.267642413675205,31.541615187744199,1.9600171513614599,2,shell0-shell0,0
shell0-shell0,1,67,67,0,-1,2,11,11,450.28535161569903,876.61961727817902,426.33426566248102,42.023611162685803,74.623637197800704,32.600026035114901,1.9468090936840901,2,shell0-shell0,0
shell0-shell0,1,68,68,0,-1,2,4,4,415.52722033091601,804.90837755482596,389.38115722391001,7.2654798779033198,2.9123974744473999,-4.3530824034559101,1.9370773758547399,2,shell0-shell0,0
shell0-shell0,1,69,69,0,-1,2,7,7,426.15112863884798,827.90907796214196,401.75794932329399,17.889388185835099,25.913097881763399,8.0237096959283498,1.9427593225120201,2,shell0-shell0,0
shell0-shell0,1,70,70,0,-1,2,8,8,456.94787634314099,888.86549395808004,431.91761761493899,48.686135890128099,86.869513877701294,38.183377987573103,1.94522294549542,2,shell0-shell0,0
shell0-shell0,1,75,75,0,2,2,10,10,428.46021206769598,836.82545622517398,408.365244157478,20.198471614683299,34.829476144795102,14.631004530111801,1.95309957063868,2,shell0-shell0,0
shell0-shell0,1,78,78,0,-1,2,2,2,377.72933212602402,736.61798295083304,358.88865082480902,-30.5324083269889,-65.377997129545307,-34.845588802556399,1.9501212119398501,2,shell0-shell0,0
shell0-shell0,1,81,81,0,2,2,5,5,412.26833277439101,805.22144756085197,392.95311478646101,4.0065923213785499,3.2254674804737502,-0.78112484090479495,1.95314891673113,2,shell0-shell0,0
shell0-shell0,1,83,83,0,2,2,6,6,432.30867440862397,845.49927604295101,413.190601634328,24.0469339556108,43.503295962572899,19.456362006962099,1.9557768004529399,2,shell0-shell0,0
shell0-shell0,1,86,86,0,2,2,15,15,462.99078765253603,904.78495933997601,441.79417168743998,54.729047199523599,102.788979259597,48.059932060073798,1.95421806107079,2,shell0-shell0,0
shell0-shell0,1,92,92,0,2,2,12,12,451.50682865391599,894.53996708539,443.03313843147401,43.245088200902998,92.543987005011601,49.298898804108497,1.9812324206752201,2,shell0-shell0,0
shell0-shell0,1,94,94,0,-1,2,4,4,427.40006592842298,828.78425875889104,401.38419283046699,19.1383254754105,26.788278678512,7.6499532031015196,1.9391299272697999,2,shell0-shell0,0
shell0-shell0,1,95,95,0,-1,2,7,7,447.70792081321298,868.22457903296197,420.51665821974899,39.446180360200103,66.228598952583297,26.782418592383198,1.9392656208894501,2,shell0-shell0,0
shell0-shell0,1,96,96,0,-1,2,3,3,399.57535069672002,776.90376499715398,377.32841430043402,-8.6863897562930106,-25.0922150832243,-16.4058253269313,1.9443235515967301,2,shell0-shell0,0
shell0-shell0,1,99,99,0,-1,2,5,5,434.04459713040302,852.38962089966401,418.34502376926099,25.782856677389798,50.393640819285302,24.6107841418955,1.96382958464421,2,shell0-shell0,0
shell0-shell0,1,100,100,0,2,2,14,14,427.88775333500399,836.10168927852999,408.21393594352702,19.626012881991201,34.105709198151899,14.4796963161607,1.9540210785699299,2,shell0-shell0,0
shell0-shell0,1,102,102,0,2,2,5,5,427.57856556826499,851.72678072662802,424.14821515836297,19.3168251152523,49.730800646249499,30.413975530997199,1.9919772629263,2,shell0-shell0,0
shell0-shell0,1,106,106,0,-1,2,2,2,395.96715399653198,768.41445063080005,372.44729663426801,-12.294586456480801,-33.581529449578397,-21.2869429930976,1.9406014940257701,2,shell0-shell0,0
shell0-shell0,1,108,108,0,-1,2,4,4,402.38683972186101,782.56619340918405,380.17935368732299,-5.8749007311516799,-19.429786671194702,-13.5548859400431,1.9448106055111301,2,shell0-shell0,0
shell0-shell0,1,110,110,0,-1,2,5,5,439.636588833801,853.197263648025,413.560674814224,31.374848380788698,51.201283567646797,19.826435186858099,1.9406875708667799,2,shell0-shell0,0
shell0-shell0,1,112,112,0,2,2,4,4,394.31831138400702,799.53155289685799,405.21324151285103,-13.943429069005999,-2.4644271835209102,11.479001885485101,2.0276297849080498,2,shell0-shell0,0
shell0-shell0,1,114,114,0,-1,2,5,5,467.42199203295399,908.26378882451002,440.84179679155602,59.160251579941502,106.267808744131,47.107557164189799,1.9431344787056499,2,shell0-shell0,0
shell0-shell0,1,115,115,0,-1,2,4,4,391.81224790536601,760.76335404120505,368.95110613583898,-16.4494925476472,-41.232626039174001,-24.783133491526801,1.9416528148577701,2,shell0-shell0,0
shell0-shell0,1,117,117,0,-1,2,6,6,407.26932726659402,787.94792915676499,380.67860189017102,-0.99241318641850296,-14.0480509236136,-13.0556377371951,1.93470972745508,2,shell0-shell0,0
shell0-shell0,1,118,118,0,2,2,7,7,418.09450183053502,817.94110378269795,399.84660195216298,9.8327613775225,15.9451237023193,6.1123623247967798,1.9563546045248701,2,shell0-shell0,0
shell0-shell0,1,120,120,0,-1,2,5,5,393.10822631574001,766.65317897009004,373.544952654349,-15.1535141372723,-35.342801110289003,-20.189286973016699,1.95023438241234,2,shell0-shell0,0
shell0-shell0,1,122,122,0,-1,2,9,9,394.52991132342203,773.71209774676095,379.18218642333898,-13.7318291295904,-28.2838823336172,-14.5520532040268,1.9610987039015599,2,shell0-shell0,0
shell0-shell0,1,123,123,0,2,2,8,8,428.48060090322599,832.39884951591296,403.91824861268702,20.218860450213,30.402869435534399,10.1840089853214,1.9426756958453599,2,shell0-shell0,0
shell0-shell0,1,124,124,0,-1,2,9,9,408.25171086842403,790.57724260776297,382.325531739339,-0.010029584589005901,-11.418737472615399,-11.408707888026401,1.93649462221742,2,shell0-shell0,0
shell0-shell0,1,126,126,0,-1,2,3,3,373.77660908232502,724.77347966769401,350.99687058536898,-34.485131370687803,-77.222500412684298,-42.737369041996502,1.9390552058544199,2,shell0-shell0,0
shell0-shell0,1,128,128,0,-1,2,6,6,424.00727818000598,821.41564524339105,397.40836706338501,15.745537726993501,19.419665163012802,3.6741274360193801,1.9372677958954101,2,shell0-shell0,0
shell0-shell0,1,129,129,0,-1,2,6,6,447.93293303098699,876.93461798162002,429.001684950634,39.671192577973798,74.938637901241805,35.267445323267999,1.95773642283399,2,shell0-shell0,0
shell0-shell0,1,130,130,0,-1,2,7,7,412.56398752146401,799.363980364025,386.79999284256098,4.3022470684514902,-2.63199971635356,-6.9342467848050502,1.93755151816889,2,shell0-shell0,0
shell0-shell0,1,133,133,0,2,2,3,3,364.51569221303998,725.59539294756303,361.07970073452401,-43.746048239973199,-76.400587132815303,-32.654538892842098,1.9905738173913601,2,shell0-shell0,0
shell0-shell0,1,134,134,0,-1,2,5,5,445.14035703405699,863.58154154557599,418.441184511519,36.878616581044298,61.5855614651975,24.706944884153199,1.9400207774904199,2,shell0-shell0,0
shell0-shell0,1,136,136,0,2,2,5,5,391.99858078527302,780.26703142667998,388.26845064140701,-16.263159667739401,-21.7289486536982,-5.4657889859588504,1.9904843274269199,2,shell0-shell0,0
shell0-shell0,1,138,138,0,-1,2,11,11,438.88824164908402,852.93125369563802,414.043012046554,30.6265011960717,50.935273615259803,20.308772419188099,1.9433905326121801,2,shell0-shell0,0
shell0-shell0,1,141,141,0,-1,2,3,3,393.21944253522202,767.97116000979099,374.75171747456898,-15.0422979177903,-34.024820070587097,-18.9825221527968,1.95303455764653,2,shell0-shell0,0
shell0-shell0,1,142,142,0,2,2,2,2,374.14456531719998,753.09775854510804,378.953193227908,-34.117175135812403,-48.898221535270302,-14.7810463994579,2.0128523259629101,2,shell0-shell0,0
shell0-shell0,1,144,144,0,-1,2,10,10,443.00501587572302,866.258616684598,423.25360080887498,34.743275422710198,64.262636604219097,29.519361181508899,1.9554149177570701,2,shell0-shell0,0
shell0-shell0,1,145,145,0,-1,2,7,7,412.77370351469602,803.90014442455299,391.12644090985702,4.5119630616831001,1.9041643441740901,-2.6077987175090098,1.9475565850718799,2,shell0-shell0,0
shell0-shell0,1,146,146,0,-1,2,6,6,478.72111709357102,930.37216693826201,451.65104984469099,70.459376640558602,128.37618685788399,57.916810217325001,1.94345336714363,2,shell0-shell0,0
shell0-shell0,1,149,149,0,2,2,7,7,406.61845473987199,794.085639546077,387.46718480620501,-1.64328571314059,-7.9103405343017803,-6.2670548211612003,1.9529011295222201,2,shell0-shell0,0
shell0-shell0,1,150,150,0,2,2,4,4,424.46360452046599,829.85335806780301,405.38975354733702,16.201864067452799,27.857377987424002,11.655513919971201,1.9550636361516101,2,shell0-shell0,0
shell0-shell0,1,155,155,0,2,2,3,3,381.677330126725,752.96969308502605,371.292362958301,-26.584410326287799,-49.0262869953524,-22.441876669064602,1.9727912392256199,2,shell0-shell0,0
shell0-shell0,1,156,156,0,2,2,8,8,403.44387705391301,786.27765934960701,382.83378229569399,-4.8178633990994504,-15.718320730771101,-10.9004573316716,1.94891459275892,2,shell0-shell0,0
shell0-shell0,1,157,157,0,2,2,5,5,410.78905656533698,804.86855536784299,394.07949880250601,2.5273161123246299,2.87257528746466,0.34525917514002902,1.9593232645909699,2,shell0-shell0,0
shell0-shell0,1,158,158,0,2,2,5,5,421.40540503592001,834.22106477631905,412.81565974039898,13.1436645829071,32.225084695940502,19.0814201130333,1.9796164330289301,2,shell0-shell0,0
shell0-shell0,1,162,162,0,2,2,2,2,360.40347629420302,717.52266446405599,357.119188169854,-47.858264158810101,-84.473315616322196,-36.615051457512102,1.99088719077263,2,shell0-shell0,0
shell0-shell0,1,163,163,0,-1,2,5,5,390.28064869290603,766.42344677288804,376.14279807998201,-17.9810917601067,-35.572533307490403,-17.591441547383699,1.96377516881692,2,shell0-shell0,0
shell0-shell0,1,166,166,0,2,2,6,6,422.4759109181,842.09402444749605,419.618113529396,14.2141704650872,40.098044367117403,25.8838739020301,1.9932355968355799,2,shell0-shell0,0
shell0-shell0,1,168,168,0,-1,2,4,4,417.544837335507,810.75435037387604,393.20951303836898,9.2830968824939593,8.7583702934973608,-0.52472658899659996,1.9417180572691799,2,shell0-shell0,0
shell0-shell0,1,169,169,0,-1,2,3,3,384.203112342922,745.52434201989104,361.32122967696898,-24.058628110091099,-56.471638060487699,-32.413009950396699,1.94044326573407,2,shell0-shell0,0
shell0-shell0,1,170,170,0,-1,2,5,5,396.83299676234998,770.3620577273,373.52906096495099,-11.4287436906632,-31.6339223530784,-20.2051786624153,1.94127520647847,2,shell0-shell0,0
shell0-shell0,1,175,175,0,-1,2,6,6,417.84085429029,811.31215616451198,393.47130187422198,9.5791138372772995,9.3161760841335308,-0.26293775314377399,1.9416774301367401,2,shell0-shell0,0
shell0-shell0,1,178,178,0,-1,2,6,6,428.40523463487,836.68175479004799,408.27652015517901,20.143494181856799,34.685774709669701,14.542280527812901,1.9530147793435699,2,shell0-shell0,0
shell0-shell0,1,179,179,0,2,2,8,8,439.81562707447301,870.43205042203601,430.616423347563,31.553886621459899,68.436070341657498,36.882183720197602,1.9790839543649199,2,shell0-shell0,0
shell0-shell0,1,181,181,0,2,2,4,4,403.681373942623,788.70804485250596,385.02667090988302,-4.5803665103899203,-13.287935227873,-8.7075687174831309,1.9537885465198801,2,shell0-shell0,0
shell0-shell0,1,182,182,0,-1,2,2,2,382.56419128210302,739.90878337048105,357.34459208837802,-25.697549170909401,-62.087196709897398,-36.389647538988001,1.9340774704783401,2,shell0-shell0,0
shell0-shell0,1,183,183,0,-1,2,7,7,411.54831601337202,798.24554818898901,386.69723217561801,3.2865755603589801,-3.7504318913892098,-7.0370074517481997,1.9396156347364399,2,shell0-shell0,0
shell0-shell0,1,184,184,0,2,2,5,5,421.52900940088898,831.06300518279204,409.533995781903,13.2672689478765,29.067025102413901,15.7997561545375,1.97154403765465,2,shell0-shell0,0
shell0-shell0,1,189,189,0,-1,2,2,2,375.03282729860001,725.83970550687502,350.80687820827598,-33.228913154412901,-76.156274573503197,-42.927361419090303,1.93540312386831,2,shell0-shell0,0
shell0-shell0,1,190,190,0,-1,2,6,6,423.09626244988698,827.08145611212103,403.985193662234,14.8345219968742,25.085476031742498,10.2509540348683,1.95483044762203,2,shell0-shell0,0
shell0-shell0,1,191,191,0,-1,2,8,8,419.99237079102699,814.68069607592304,394.68832528489497,11.7306303380147,12.684715995544,0.95408565752933305,1.93975117819766,2,shell0-shell0,0
shell0-shell0,1,192,192,0,-1,2,2,2,380.25815648398401,743.03281130156199,362.77465481757798,-28.003583969028998,-58.963168778816602,-30.959584809787501,1.9540220206502199,2,shell0-shell0,0
shell0-shell0,1,193,193,0,-1,2,4,4,389.55952566396701,755.00106241913295,365.44153675516702,-18.702214789046099,-46.994917661245402,-28.2927028721993,1.9380890792807799,2,shell0-shell0,0
shell0-shell0,1,194,194,0,-1,2,7,7,431.63314607524001,836.80265334195599,405.16950726671598,23.371405622227101,34.806673261577302,11.435267639350201,1.93868951203319,2,shell0-shell0,0
shell0-shell0,1,195,195,0,-1,2,7,7,417.77202760906198,814.58237826928496,396.81035066022298,9.5102871560488893,12.586398188906101,3.0761110328571699,1.94982508266816,2,shell0-shell0,0
shell0-shell0,1,197,197,0,2,2,8,8,409.827333900209,795.99134349938902,386.16400959918002,1.5655934471966999,-6.0046365809890903,-7.5702300281857902,1.9422602585439299,2,shell0-shell0,0
shell0-shell0,1,198,198,0,-1,2,3,3,412.70864650695597,802.65926338473901,389.95061687778298,4.4469060539429996,0.66328330436056104,-3.7836227495824302,1.94485691099087,2,shell0-shell0,0
shell0-shell0,1,202,202,0,-1,2,5,5,430.61771656277602,843.19261279994703,412.57489623716998,22.355976109763699,41.1966327195682,18.840656609804501,1.95810014397544,2,shell0-shell0,0
shell0-shell0,1,205,205,0,2,2,3,3,394.92488043274199,792.26270097666497,397.33782054392299,-13.336860020271001,-9.7332791037139295,3.60358091655712,2.0061098710938099,2,shell0-shell0,0
shell0-shell0,1,206,206,0,-1,2,5,5,407.64674870799303,798.31504960087,390.668300892876,-0.61499174501926701,-3.6809304795090201,-3.06593873448975,1.9583500963299001,2,shell0-shell0,0
shell0-shell0,1,211,211,0,-1,2,5,5,430.70436264936501,840.49486108469296,409.790498435328,22.442622196352499,38.498881004314498,16.056258807961999,1.95144264598252,2,shell0-shell0,0
shell0-shell0,1,212,212,0,2,2,6,6,385.57253888847401,765.48420007509696,379.91166118662301,-22.6892015645392,-36.5117800052817,-13.8225784407425,1.98531825498214,2,shell0-shell0,0
shell0-shell0,1,216,216,0,2,2,5,5,423.59654703974599,832.25550406757895,408.65895702783303,15.334806586733301,30.2595239872003,14.924717400466999,1.9647362800374499,2,shell0-shell0,0
shell0-shell0,1,217,217,0,-1,2,7,7,416.71632508707302,810.18533973321996,393.469014646147,8.45458463405987,8.1893596528409507,-0.26522498121892102,1.94421310363575,2,shell0-shell0,0
shell0-shell0,1,218,218,0,-1,2,4,4,406.02168379638698,788.92199553537796,382.900311738992,-2.2400566566258799,-13.0739845450001,-10.8339278883743,1.9430538491412399,2,shell0-shell0,0
shell0-shell0,1,219,219,0,-1,2,4,4,389.53458149213702,753.45634678591398,363.92176529377701,-18.727158960875801,-48.539633294464601,-29.8124743335887,1.93424764471424,2,shell0-shell0,0
shell0-shell0,1,220,220,0,-1,2,3,3,440.373470760808,853.23489534343798,412.86142458262998,32.111730307795099,51.238915263059397,19.127184955264301,1.9375256503743401,2,shell0-shell0,0
shell0-shell0,1,225,225,0,-1,2,3,3,386.66905528498899,753.17563168145796,366.50657639646897,-21.592685168024001,-48.8203483989207,-27.227663230896699,1.9478559801645901,2,shell0-shell0,0
shell0-shell0,1,226,226,0,-1,2,11,11,411.87100888197301,798.16366040047001,386.292651518497,3.6092684289605499,-3.8323196799083199,-7.4415881088688698,1.9378971648601599,2,shell0-shell0,0
shell0-shell0,1,227,227,0,-1,2,3,3,366.90027901411298,720.75204364146896,353.85176462735598,-41.3614614389002,-81.243936438910097,-39.882475000009897,1.9644358014068,2,shell0-shell0,0
shell0-shell0,1,232,232,0,-1,2,3,3,398.83478647499902,773.83646316674503,375.00167669174601,-9.4269539780138398,-28.159516913634,-18.732562935620098,1.9402431518226,2,shell0-shell0,0
shell0-shell0,1,233,233,0,-1,2,3,3,378.60807587366997,735.57054547179405,356.96246959812498,-29.653664579343101,-66.425434608584297,-36.771770029241203,1.94282846126408,2,shell0-shell0,0
shell0-shell0,1,236,236,0,-1,2,7,7,414.98204841158099,808.35543658087499,393.373388169294,6.7203079585685801,6.3594565004966599,-0.36085145807191998,1.94792868673477,2,shell0-shell0,0
shell0-shell0,1,237,237,0,-1,2,3,3,422.01119771017301,820.14759013227297,398.13639242209899,13.7494572571605,18.151610051894,4.4021527947334098,1.94342613319832,2,shell0-shell0,0
shell0-shell0,1,239,239,0,-1,2,3,3,405.23822844574499,786.01635920660897,380.77813076086397,-3.02351200726741,-15.979620873769701,-12.9561088665023,1.93964020181735,2,shell0-shell0,0
shell0-shell0,1,241,241,0,-1,2,4,4,411.98643866173097,799.51613832073804,387.52969965900701,3.7246982087178799,-2.4798417596405198,-6.2045399683584002,1.94063702901929,2,shell0-shell0,0
shell0-shell0,1,244,244,0,2,2,4,4,430.19226923963203,843.02115441835895,412.82888517872698,21.930528786619199,41.025174337980303,19.094645551361101,1.9596380844044601,2,shell0-shell0,0
shell0-shell0,1,245,245,0,2,2,4,4,390.94810956170801,764.430306250022,373.48219668831399,-17.3136308913043,-37.565673830356303,-20.252042939052,1.9553242170860601,2,shell0-shell0,0
shell0-shell0,1,247,247,0,2,2,6,6,393.18292677155,782.76252322586004,389.579596454311,-15.0788136814631,-19.233456854518401,-4.15464317305526,1.9908354863044899,2,shell0-shell0,0
shell0-shell0,1,248,248,0,-1,2,3,3,369.17929490743899,717.32144015127903,348.14214524383999,-39.0824455455733,-84.674539929099495,-45.592094383526202,1.9430164422713001,2,shell0-shell0,0
shell0-shell0,1,250,250,0,-1,2,2,2,394.54256035434202,768.43208305945598,373.88952270511402,-13.719180098671099,-33.563897020922496,-19.844716922251301,1.9476532072213499,2,shell0-shell0,0
shell0-shell0,1,253,253,0,-1,2,4,4,423.27845377314497,825.98002139566097,402.701567622516,15.016713320132499,23.984041315282202,8.9673279951497307,1.95138688027419,2,shell0-shell0,0
shell0-shell0,1,257,257,0,-1,2,3,3,392.83144091396099,759.73537473783699,366.903933823876,-15.4302995390521,-42.260605342541602,-26.830305803489502,1.9339983911935299,2,shell0-shell0,0
shell0-shell0,1,258,258,0,2,2,4,4,382.86994641473302,767.18394009013105,384.31399367539802,-25.391794038279802,-34.812039990248003,-9.4202459519681803,2.0037716391014402,2,shell0-shell0,0
shell0-shell0,1,260,260,0,-1,2,6,6,437.533927919414,848.39621573198804,410.86228781257398,29.272187466400801,46.4002356516094,17.128048185208598,1.93904097852784,2,shell0-shell0,0
shell0-shell0,1,262,262,0,-1,2,11,11,422.964434577509,821.00988528392304,398.04545070641399,14.702694124496601,19.013905203544802,4.3112110790482303,1.9410849191233199,2,shell0-shell0,0
shell0-shell0,1,266,266,0,-1,2,5,5,393.57476149411502,766.39330298812399,372.81854149400903,-14.686978958897599,-35.602677092254702,-20.9156981333571,1.94726231956208,2,shell0-shell0,0
shell0-shell0,1,267,267,0,-1,2,4,4,375.57479986622701,727.69570275287094,352.12090288664399,-32.686940586785603,-74.300277327507203,-41.6133367407215,1.9375519950008999,2,shell0-shell0,0
shell0-shell0,1,269,269,0,-1,2,13,13,417.8551739257,813.08330978662696,395.22813586092701,9.5934334726874795,11.087329706248299,1.4938962335607999,1.9458495682793699,2,shell0-shell0,0
shell0-shell0,1,272,272,0,-1,2,2,2,381.94794553563298,739.17434754443195,357.22640200879903,-26.313794917379301,-62.8216325359463,-36.507837618567002,1.93527509752104,2,shell0-shell0,0
shell0-shell0,1,275,275,0,-1,2,6,6,405.9384749628,787.42366617459197,381.48519121179203,-2.32326549021252,-14.572313905786199,-12.2490484155737,1.93976110849495,2,shell0-shell0,0
shell0-shell0,1,276,276,0,-1,2,4,4,398.03307500015802,769.95895553857099,371.92588053841303,-10.228665452854999,-32.037024541808002,-21.8083590889531,1.9344094847853199,2,shell0-shell0,0
shell0-shell0,1,277,277,0,2,2,6,6,429.62028269001797,846.32858910122104,416.70830641120301,21.358542237005199,44.332609020842497,22.974066783837301,1.9699456082520901,2,shell0-shell0,0
shell0-shell0,1,278,278,0,-1,2,4,4,408.20810447124398,792.92542697593001,384.71732250468602,-0.053635981768479703,-9.0705531044484395,-9.0169171226799598,1.9424539059630199,2,shell0-shell0,0
shell0-shell0,1,279,279,0,-1,2,3,3,359.25796701946501,698.51694492106196,339.25897790159701,-49.003773433547501,-103.47903515931699,-54.4752617257693,1.9443325104693201,2,shell0-shell0,0
shell0-shell0,1,280,280,0,-1,2,5,5,375.02766132444202,730.64498687167804,355.61732554723699,-33.234079128571203,-71.350993208700203,-38.116914080129,1.9482429223789599,2,shell0-shell0,0
shell0-shell0,1,281,281,0,-1,2,7,7,419.45666485817401,811.015350055863,391.55868519768899,11.194924405161499,9.0193699754845493,-2.17555442967699,1.93349019815928,2,shell0-shell0,0
shell0-shell0,1,282,282,0,2,2,4,4,426.06713395731703,831.13281401501604,405.06568005769901,17.8053935043047,29.136833934637401,11.3314404303327,1.9507085803484601,2,shell0-shell0,0
shell0-shell0,1,283,283,0,-1,2,2,2,388.42840702876703,752.14897443124198,363.72056740247501,-19.833333424246,-49.847005649136598,-30.013672224890598,1.9363902351651101,2,shell0-shell0,0
shell0-shell0,1,284,284,0,2,2,14,14,424.17711636077797,825.18201619676597,401.00489983598902,15.915375907765,23.1860361163879,7.2706602086228704,1.9453713658021099,2,shell0-shell0,0
shell0-shell0,1,290,290,0,-1,2,3,3,341.26008318750303,664.71378386520405,323.45370067770102,-67.001657265509607,-137.28219621517499,-70.280538949664901,1.94782166626848,2,shell0-shell0,0
shell0-shell0,1,291,291,0,-1,2,7,7,422.24881675224799,819.91686708412601,397.66805033187899,13.987076299234801,17.920887003747801,3.93381070451295,1.9417860620441001,2,shell0-shell0,0
shell0-shell0,1,292,292,0,-1,2,6,6,403.03160874538901,784.39300900321598,381.36140025782697,-5.2301317076237996,-17.602971077162799,-12.372839369538999,1.94623198772171,2,shell0-shell0,0
shell0-shell0,1,293,293,0,-1,2,2,2,374.424307619518,729.86094474744698,355.43663712793,-33.8374328334952,-72.135035332931196,-38.297602499436003,1.94928836054393,2,shell0-shell0,0
shell0-shell0,1,294,294,0,-1,2,2,2,327.30867918657299,633.59606025593803,306.28738106936402,-80.953061266439406,-168.39991982444101,-87.446858558001594,1.93577531103223,2,shell0-shell0,0
shell0-shell0,1,295,295,0,-1,2,7,7,404.470104753768,781.40740182464299,376.93729707087499,-3.7916356992448601,-20.5885782557352,-16.7969425564904,1.93192869544795,2,shell0-shell0,0
shell0-shell0,1,296,296,0,-1,2,2,2,349.30609281905203,679.07360950045495,329.76751668140298,-58.955647633960801,-122.922370579923,-63.966722945962601,1.94406459967542,2,shell0-shell0,0
shell0-shell0,1,297,297,0,-1,2,2,2,365.82255543373401,708.35650120104106,342.53394576730699,-42.439185019278497,-93.639478879337304,-51.2002938600588,1.9363390547671,2,shell0-shell0,0
shell0-shell0,1,298,298,0,-1,2,2,2,400.73999553554398,777.93133399664805,377.19133846110401,-7.5217449174687703,-24.064646083730398,-16.542901166261601,1.9412370680820901,2,shell0-shell0,0
shell0-shell0,1,300,300,0,-1,2,4,4,414.27237865548898,801.63096588228905,387.35858722680001,6.0106382024761702,-0.36501419808928398,-6.3756524005654596,1.9350335846284601,2,shell0-shell0,0
shell0-shell0,1,303,303,0,-1,2,5,5,416.36540666932899,808.63661221963696,392.27120555030803,8.1036662163159008,6.6406321392585097,-1.46303407705739,1.9421320774178601,2,shell0-shell0,0
shell0-shell0,1,304,304,0,-1,2,3,3,381.52028801147799,738.93465622296401,357.414368211485,-26.741452441534499,-63.061323857414898,-36.319871415880399,1.9368161522270899,2,shell0-shell0,0
shell0-shell0,1,308,308,0,2,2,5,5,420.41599794600501,831.972999721767,411.55700177576199,12.1542574929924,29.9770196413882,17.8227621483958,1.9789280231638999,2,shell0-shell0,0
shell0-shell0,1,310,310,0,-1,2,2,2,375.37188329187501,728.40302392533704,353.03114063346197,-32.889857161137897,-73.592956155042003,-40.703098993904099,1.94048370788325,2,shell0-shell0,0
shell0-shell0,1,312,312,0,-1,2,3,3,391.24338781614,759.01710309830798,367.77371528216798,-17.018352636872802,-42.978876982070503,-25.960524345197701,1.94001260273055,2,shell0-shell0,0
shell0-shell0,1,313,313,0,-1,2,6,6,387.22439606939599,752.35073285635406,365.12633678695801,-21.0373443836164,-49.645247224024601,-28.607902840408201,1.9429321615405699,2,shell0-shell0,0
shell0-shell0,1,316,316,0,-1,2,3,3,352.68583169794903,685.934872362737,333.24904066478803,-55.575908755063402,-116.061107717642,-60.485198962578103,1.94488922069938,2,shell0-shell0,0
shell0-shell0,1,319,319,0,-1,2,4,4,404.39939281506201,782.06511317178001,377.665720356718,-3.8623476379502799,-19.9308669085984,-16.068519270648199,1.93389289664297,2,shell0-shell0,0
shell0-shell0,1,322,322,0,2,2,5,5,411.37913099660801,819.09687676688304,407.71774577027497,3.1173905435948699,17.100896686504399,13.9835061429095,1.9910997302720199,2,shell0-shell0,0
shell0-shell0,1,323,323,0,-1,2,7,7,411.33557892999602,804.02960660546705,392.69402767547098,3.0738384769827598,2.0336265250882701,-1.0402119518944899,1.9546804307494701,2,shell0-shell0,0
shell0-shell0,1,324,324,0,-1,2,2,2,365.59541948939102,717.32593085529902,351.73051136590902,-42.666320963621999,-84.670049225079097,-42.003728261457098,1.9620758155481099,2,shell0-shell0,0
shell0-shell0,1,325,325,0,-1,2,3,3,373.60000174307299,723.38585377749405,349.785852034421,-34.661738709940202,-78.610126302885007,-43.948387592944798,1.9362576295568901,2,shell0-shell0,0
shell0-shell0,1,326,326,0,2,2,4,4,399.65619834662903,780.15212381703395,380.49592547040498,-8.6055421063838899,-21.843856263344801,-13.2383141569609,1.9520581115581599,2,shell0-shell0,0
shell0-shell0,1,328,328,0,-1,2,3,3,346.85209516239303,680.59638714454104,333.74429198214898,-61.4096452906198,-121.39959293583701,-59.989947645217299,1.9622092431815701,2,shell0-shell0,0
shell0-shell0,1,329,329,0,2,2,3,3,416.34533235886198,823.24194179168899,406.89660943282598,8.0835919058496906,21.245961711309999,13.162369805460299,1.9773055629745999,2,shell0-shell0,0
shell0-shell0,1,330,330,0,-1,2,3,3,399.531618771887,776.82258149104098,377.29096271915398,-8.7301216811254108,-25.173398589337701,-16.443276908212301,1.9443331766304299,2,shell0-shell0,0
shell0-shell0,1,331,331,0,2,2,9,9,417.102176725096,823.64670551777294,406.544528792677,8.8404362720832008,21.6507254373943,12.810289165311101,1.9746881015694699,2,shell0-shell0,0
shell0-shell0,1,333,333,0,-1,2,3,3,388.87045249855601,753.61441995786402,364.74396745930801,-19.391287954456601,-48.3815601225145,-28.990272168057899,1.93795752574095,2,shell0-shell0,0
shell0-shell0,1,334,334,0,-1,2,2,2,325.83422277101999,632.81567305212502,306.98145028110503,-82.427517681992896,-169.180307028253,-86.7527893462604,1.94213998661779,2,shell0-shell0,0
shell0-shell0,1,335,335,0,-1,2,5,5,404.87625692014399,787.60970312773304,382.73344620759002,-3.3854835328692201,-14.386276952645501,-11.000793419776301,1.94530968330672,2,shell0-shell0,0
shell0-shell0,1,337,337,0,-1,2,4,4,418.391363737456,812.55187473220803,394.160510994753,10.1296232844428,10.5558946518296,0.426271367386789,1.94208567661089,2,shell0-shell0,0
shell0-shell0,1,339,339,0,-1,2,3,3,376.40828599979397,726.77804873013201,350.36976273033798,-31.853454453218301,-75.217931350246104,-43.364476897027799,1.9308237245620301,2,shell0-shell0,0
shell0-shell0,1,340,340,0,2,2,5,5,419.601158884168,822.43470877367804,402.83354988950998,11.3394184311549,20.4387286932993,9.0993102621443995,1.96003917377338,2,shell0-shell0,0
shell0-shell0,1,343,343,0,2,2,2,2,373.10761085538599,745.33645183737201,372.22884098198602,-35.154129597627197,-56.659528243006697,-21.505398645379401,1.9976447280949701,2,shell0-shell0,0
shell0-shell0,1,344,344,0,-1,2,4,4,384.00985455139198,744.91873883819596,360.90888428680398,-24.251885901620501,-57.077241242182303,-32.825355340561799,1.9398427670780101,2,shell0-shell0,0
shell0-shell0,1,347,347,0,2,2,3,3,401.15805452273997,793.62928038278699,392.47122586004701,-7.1036859302729498,-8.3666996975916792,-1.26301376731874,1.97834562072292,2,shell0-shell0,0
shell0-shell0,1,350,350,0,-1,2,2,2,367.351059497954,709.98474888347505,342.633689385521,-40.910680955058403,-92.011231196903594,-51.100550241845198,1.93271458058073,2,shell0-shell0,0
shell0-shell0,1,353,353,0,2,2,6,6,417.531391572399,817.17732742430405,399.64593585190499,9.2696511193867099,15.1813473439256,5.9116962245389004,1.95716380592813,2,shell0-shell0,0
shell0-shell0,1,354,354,0,2,2,3,3,360.28827398553102,715.12964480966696,354.84137082413599,-47.973466467481998,-86.8663352707119,-38.892868803229902,1.9848818194909801,2,shell0-shell0,0
shell0-shell0,1,355,355,0,-1,2,6,6,442.447850576093,857.99637563516001,415.548525059067,34.186110123080198,56.000395554781399,21.8142854317013,1.93920339881412,2,shell0-shell0,0
shell0-shell0,1,357,357,0,-1,2,2,2,387.25957137033703,754.92907657949502,367.66950520915901,-21.002169082675898,-47.0669035008832,-26.064734418207301,1.94941360366677,2,shell0-shell0,0
shell0-shell0,1,358,358,0,-1,2,3,3,386.72922439956898,747.57732560534703,360.84810120577902,-21.532516053444098,-54.418654475031197,-32.886138421587098,1.9330768880113101,2,shell0-shell0,0
shell0-shell0,1,359,359,0,2,2,2,2,369.54856711629202,727.95845620967498,358.40988909338301,-38.713173336720502,-74.037523870703396,-35.324350533982901,1.9698586897256101,2,shell0-shell0,0
shell0-shell0,1,362,362,0,-1,2,3,3,375.96397911358201,736.11718266815603,360.15320355457402,-32.297761339430998,-65.878797412222994,-33.581036072792003,1.9579460362232399,2,shell0-shell0,0
shell0-shell0,1,364,364,0,-1,2,4,4,402.92892531312998,779.54244757996003,376.61352226682902,-5.3328151398824799,-22.453532500419001,-17.120717360536499,1.9346897147534099,2,shell0-shell0,0
shell0-shell0,1,366,366,0,-1,2,4,4,397.21061775025601,773.52200552257204,376.311387772317,-11.051122702757199,-28.473974557806301,-17.4228518550491,1.94738501680466,2,shell0-shell0,0
shell0-shell0,1,369,369,0,-1,2,2,2,363.94320733950599,707.29349007646999,343.350282736964,-44.318533113506497,-94.702490003908494,-50.383956890401898,1.9434172030491199,2,shell0-shell0,0
shell0-shell0,1,375,375,0,-1,2,4,4,392.75182094789398,761.43889822426104,368.68707727636598,-15.5099195051184,-40.557081856117897,-25.0471623509994,1.93872786225803,2,shell0-shell0,0
shell0-shell0,1,376,376,0,2,2,4,4,384.38450964984298,767.12716003507398,382.74265038522998,-23.8772308031694,-34.868820045305,-10.991589242135699,1.99572860189889,2,shell0-shell0,0
shell0-shell0,1,377,377,0,-1,2,2,2,353.88367990835502,690.49513667490396,336.61145676655002,-54.378060544658098,-111.500843405474,-57.122782860816301,1.95119237161126,2,shell0-shell0,0
shell0-shell0,1,379,379,0,-1,2,4,4,391.15076881759398,758.39729220947902,367.24652339188498,-17.1109716354188,-43.598687870900001,-26.487716235481201,1.93888738734179,2,shell0-shell0,0
shell0-shell0,1,380,380,0,2,2,2,2,363.87508038283403,711.31152420632702,347.43644382349299,-44.386660070178401,-90.684455874051494,-46.2977958038732,1.95482340658765,2,shell0-shell0,0
shell0-shell0,1,381,381,0,-1,2,2,2,359.52673960466399,697.16328827232098,337.636548667657,-48.735000848348399,-104.83269180805701,-56.097690959708899,1.9391138724171699,2,shell0-shell0,0
shell0-shell0,1,382,382,0,-1,2,5,5,384.11401543064397,745.43536028161998,361.321344850976,-24.147725022369102,-56.5606197987589,-32.412894776389798,1.94066170547275,2,shell0-shell0,0
shell0-shell0,1,384,384,0,-1,2,2,2,395.972146920998,771.52049178009304,375.54834485909601,-12.2895935320152,-30.4754883002852,-18.18589476827,1.9484211144124299,2,shell0-shell0,0
shell0-shell0,1,385,385,0,2,2,2,2,369.63362933499099,731.22214684035202,361.58851750536098,-38.6281111180217,-70.773833240027002,-32.145722122005303,1.97823490291155,2,shell0-shell0,0
shell0-shell0,1,387,387,0,-1,2,3,3,387.75672738875198,753.00633004645897,365.24960265770699,-20.505013064260499,-48.989650033919602,-28.4846369696591,1.9419555532082899,2,shell0-shell0,0
shell0-shell0,1,388,388,0,2,2,3,3,399.25838196416998,785.43246099406701,386.17407902989697,-9.0033584888427605,-16.563519086311999,-7.5601605974692303,1.9672284827937601,2,shell0-shell0,0
shell0-shell0,1,389,389,0,-1,2,3,3,414.06148430204797,803.82725338487899,389.76576908283101,5.799743849035,1.8312733044999701,-3.9684705445350201,1.9413234117629401,2,shell0-shell0,0
shell0-shell0,1,390,390,0,-1,2,2,2,363.92805662478202,708.82919753744295,344.90114091266202,-44.333683828230797,-93.166782542935195,-48.833098714704299,1.94771792016097,2,shell0-shell0,0
shell0-shell0,1,395,395,0,-1,2,3,3,392.46462378312401,764.95893543223701,372.49431164911198,-15.7971166698884,-37.037044648142,-21.239927978253601,1.9491156376299299,2,shell0-shell0,0
shell0-shell0,1,397,397,0,-1,2,2,2,384.35506688835198,749.06201398965595,364.70694710130402,-23.906673564660501,-52.933966090722798,-29.0272925260623,1.9488802893998101,2,shell0-shell0,0
shell0-shell0,1,398,398,0,-1,2,3,3,394.48971637944101,770.72171174656,376.23199536711797,-13.772024073571499,-31.274268333818998,-17.502244260247501,1.95371813192017,2,shell0-shell0,0
shell0-shell0,1,399,399,0,-1,2,9,9,388.41978967659401,757.69630210058301,369.276512423989,-19.841950776418599,-44.299677979795902,-24.457727203377299,1.9507149796138199,2,shell0-shell0,0
shell0-shell0,1,402,402,0,-1,2,5,5,379.694914761505,743.71479870641201,364.01988394490701,-28.5668256915081,-58.281181373966803,-29.714355682458699,1.95871677442285,2,shell0-shell0,0
shell0-shell0,1,403,403,0,2,2,3,3,376.39171761396398,740.07504520407099,363.68332759010798,-31.870022839049099,-61.9209348763072,-30.0509120372582,1.9662362654937899,2,shell0-shell0,0
shell0-shell0,1,404,404,0,-1,2,2,2,329.24884570733002,636.45453855291498,307.20569284558502,-79.0128947456828,-165.54144152746301,-86.528546781780406,1.9330501742097601,2,shell0-shell0,0
shell0-shell0,1,406,406,0,-1,2,2,2,383.00416580280103,743.90185311353503,360.897687310734,-25.257574650212099,-58.094126966843803,-32.836552316631703,1.94228136279998,2,shell0-shell0,0
shell0-shell0,1,412,412,0,-1,2,5,5,403.01357665722298,783.64051335911904,380.626936701896,-5.2481637957901599,-18.3554667212595,-13.1073029254694,1.94445189628347,2,shell0-shell0,0
shell0-shell0,1,414,414,0,-1,2,3,3,359.69784299762898,699.00835426593198,339.31051126830403,-48.563897455384101,-102.98762581444601,-54.423728359062203,1.94332095083078,2,shell0-shell0,0
shell0-shell0,1,415,415,0,2,2,4,4,371.11698400329698,744.79300904160198,373.676025038305,-37.1447564497158,-57.202971038776496,-20.058214589060601,2.0068955104328698,2,shell0-shell0,0
shell0-shell0,1,416,416,0,2,2,2,2,347.73833971148798,692.84081081124305,345.10247109975398,-60.523400741524597,-109.155169269136,-48.631768527611399,1.99241996550072,2,shell0-shell0,0
shell0-shell0,1,420,420,0,2,2,4,4,378.893165198622,743.160977106377,364.267811907755,-29.3685752543911,-58.835002974001704,-29.4664277196105,1.96139979647508,2,shell0-shell0,0
shell0-shell0,1,421,421,0,-1,2,2,2,369.69113857414402,719.28253682013997,349.59139824599703,-38.570601878869198,-82.713443260238506,-44.142841381369301,1.94563099238551,2,shell0-shell0,0
shell0-shell0,1,422,422,0,2,2,3,3,383.87489856109698,761.25489559085202,377.37999702975497,-24.386841891915701,-40.741084489526401,-16.354242597610799,1.9830806818687901,2,shell0-shell0,0
shell0-shell0,1,423,423,0,-1,2,5,5,399.44753740432202,779.19550778602604,379.74797038170402,-8.8142030486908407,-22.800472294352399,-13.9862692456616,1.9506829679045501,2,shell0-shell0,0
shell0-shell0,1,424,424,0,-1,2,2,2,342.48121190244302,664.54436893873003,322.06315703628701,-65.7805285505694,-137.45161114164799,-71.6710825910789,1.9403819708744401,2,shell0-shell0,0
shell0-shell0,1,425,425,0,-1,2,2,2,371.18995480592997,721.39635568908602,350.20640088315599,-37.0717856470824,-80.599624391292096,-43.527838744209703,1.9434694995080199,2,shell0-shell0,0
shell0-shell0,1,426,426,0,2,2,2,2,352.81956803426601,700.519239177553,347.69967114328699,-55.442172418746999,-101.476740902825,-46.034568484078498,1.9854886254764601,2,shell0-shell0,0
shell0-shell0,1,428,428,0,2,2,4,4,362.94489175241102,723.14999198518103,360.20510023277001,-45.316848700601298,-78.8459880951971,-33.529139394595802,1.9924512189538901,2,shell0-shell0,0
shell0-shell0,1,430,430,0,2,2,7,7,403.37453070358902,789.18877919851002,385.814248494921,-4.8872097494239597,-12.8072008818685,-7.9199911324445802,1.95646655682986,2,shell0-shell0,0
shell0-shell0,1,432,432,0,-1,2,3,3,353.68338917311002,684.86703943408702,331.183650260977,-54.578351279902598,-117.128940646291,-62.550589366388699,1.9363845190334299,2,shell0-shell0,0
shell0-shell0,1,436,436,0,2,2,2,2,370.13567261607602,738.60837338687895,368.47270077080299,-38.126067836936897,-63.387606693499698,-25.261538856562801,1.9955071289575499,2,shell0-shell0,0
shell0-shell0,1,437,437,0,-1,2,2,2,376.56152763467298,730.34466808941795,353.783140454744,-31.700212818339299,-71.651311990960906,-39.951099172621603,1.93950952099911,2,shell0-shell0,0
shell0-shell0,1,438,438,0,-1,2,3,3,380.05301080174098,738.66654233334998,358.613531531609,-28.208729651271401,-63.329437747028102,-35.120708095756697,1.9435881872770699,2,shell0-shell0,0
shell0-shell0,1,439,439,0,2,2,4,4,394.950581071182,777.39845731978301,382.44787624860101,-13.3111593818307,-24.597522760595702,-11.286363378765,1.96834362215984,2,shell0-shell0,0
shell0-shell0,1,440,440,0,-1,2,3,3,376.40892723988998,728.65539066104805,352.24646342115801,-31.852813213122701,-73.340589419330996,-41.487776206208302,1.93580794165561,2,shell0-shell0,0
shell0-shell0,1,443,443,0,-1,2,2,2,365.28045546123201,727.23385448997396,361.95339902874099,-42.981284991780498,-74.762125590405006,-31.780840598624501,1.99089177539409,2,shell0-shell0,0
shell0-shell0,1,446,446,0,2,2,4,4,404.84640540338802,792.41600831417304,387.56960291078599,-3.4153350496250101,-9.5799717662051798,-6.1646367165801603,1.9573250441105201,2,shell0-shell0,0
shell0-shell0,1,447,447,0,-1,2,3,3,364.85676671800201,707.18156109455697,342.32479437655502,-43.404973735011097,-94.814418985821703,-51.409445250810599,1.9382443347724401,2,shell0-shell0,0
shell0-shell0,1,448,448,0,-1,2,2,2,351.68694977003099,681.82331227866302,330.13636250863198,-56.574790682982098,-120.172667801716,-63.5978771187334,1.93872224353082,2,shell0-shell0,0
shell0-shell0,1,449,449,0,-1,2,5,5,390.29358449114699,755.15371989577795,364.86013540463,-17.968155961865399,-46.842260184600697,-28.874104222735401,1.9348350828782499,2,shell0-shell0,0
shell0-shell0,1,450,450,0,2,2,2,2,345.94612226349398,682.14211204764399,336.19598978415002,-62.315618189519199,-119.85386803273499,-57.538249843215503,1.97181603766636,2,shell0-shell0,0
shell0-shell0,1,456,456,0,-1,2,2,2,333.12570373433601,646.04996285147797,312.92425911714201,-75.136036718676294,-155.94601722889999,-80.809980510223994,1.9393578928592501,2,shell0-shell0,0
shell0-shell0,1,459,459,0,-1,2,4,4,380.272461129406,749.09424766118002,368.82178653177402,-27.989279323606901,-52.901732419198403,-24.912453095591601,1.9698882360199801,2,shell0-shell0,0
shell0-shell0,1,460,460,0,-1,2,2,2,365.61601267868002,712.37559605786203,346.759583379182,-42.645727774333203,-89.620384022516603,-46.9746562481834,1.9484255923001099,2,shell0-shell0,0
shell0-shell0,1,461,461,0,-1,2,3,3,379.76234464220801,737.23261119551398,357.47026655330598,-28.499395810804302,-64.763368884864605,-36.263973074060203,1.94129992506259,2,shell0-shell0,0
shell0-shell0,1,463,463,0,-1,2,2,2,349.474617125642,682.80167556974197,333.32705844409998,-58.787123327370601,-119.194304510636,-60.4071811832655,1.95379475964706,2,shell0-shell0,0
shell0-shell0,1,466,466,0,-1,2,2,2,357.50092028194501,713.11008768769705,355.60916740575198,-50.760820171067799,-88.885892392681598,-38.125072221613799,1.9947083971848201,2,shell0-shell0,0
shell0-shell0,1,468,468,0,-1,2,2,2,292.44844409419898,566.562244235918,274.11380014171903,-115.81329635881301,-235.43373584446101,-119.620439485647,1.9373064062307901,2,shell0-shell0,0
shell0-shell0,1,469,469,0,2,2,2,2,309.98540712708098,626.88895615692797,316.903549029847,-98.276333325931404,-175.10702392344999,-76.830690597518995,2.0223176373587499,2,shell0-shell0,0
shell0-shell0,1,470,470,0,-1,2,2,2,325.76327313707901,638.32885589833097,312.56558276125202,-82.498467315933596,-163.66712418204801,-81.168656866114205,1.9594868683362201,2,shell0-shell0,0
shell0-shell0,1,471,471,0,-1,2,6,6,383.82318489316299,744.73012276674694,360.90693787358401,-24.4385555598496,-57.2658573136315,-32.827301753781903,1.9402947817601,2,shell0-shell0,0
shell0-shell0,1,475,475,0,2,2,2,2,337.58191043791197,681.00578744647305,343.42387700856102,-70.679830015100293,-120.990192633905,-50.310362618805001,2.0173053306175999,2,shell0-shell0,0
shell0-shell0,1,478,478,0,2,2,4,4,387.07491572569103,761.55516018492904,374.48024445923801,-21.1868247273216,-40.440819895449401,-19.253995168127901,1.96746192854466,2,shell0-shell0,0
shell0-shell0,1,479,479,0,-1,2,3,3,389.70905002827601,759.46362059512501,369.754570566849,-18.552690424736401,-42.5323594852537,-23.979669060517299,1.9487964689042201,2,shell0-shell0,0
shell0-shell0,1,482,482,0,-1,2,2,2,375.83972966425603,728.48044329070206,352.64071362644597,-32.422010788756602,-73.515536789676702,-41.0935260009202,1.93827417857464,2,shell0-shell0,0
shell0-shell0,1,484,484,0,2,2,3,3,380.70619612005902,745.39128045302402,364.68508433296603,-27.555544332954099,-56.604699627354201,-29.049155294400101,1.95791738629323,2,shell0-shell0,0
shell0-shell0,1,486,486,0,2,2,4,4,411.448945312614,804.07828114439405,392.62933583178,3.1872048596014801,2.0823010640156099,-1.10490379558587,1.9542601586533801,2,shell0-shell0,0
shell0-shell0,1,487,487,0,-1,2,2,2,365.90988735074501,709.19138393407695,343.281496583332,-42.351853102267803,-92.804596146301293,-50.452743044033497,1.9381585697745201,2,shell0-shell0,0
shell0-shell0,1,490,490,0,-1,2,2,2,360.024194902864,700.56251102219596,340.53831611933202,-48.237545550148397,-101.433469058182,-53.195923508033999,1.9458761964906599,2,shell0-shell0,0
shell0-shell0,1,492,492,0,2,2,2,2,364.65934981247602,719.10401469650799,354.44466488403202,-43.602390640536903,-82.891965383870598,-39.289574743333702,1.9719884189622501,2,shell0-shell0,0
shell0-shell0,1,494,494,0,-1,2,2,2,359.36267707095499,696.21410548527501,336.85142841432003,-48.899063382057903,-105.781874595104,-56.882811213046097,1.93735785574585,2,shell0-shell0,0
shell0-shell0,1,495,495,0,-1,2,2,2,396.76043119524797,770.67781883452005,373.91738763927202,-11.501309257764699,-31.3181612458588,-19.8168519880942,1.9424261046214699,2,shell0-shell0,0
shell0-shell0,1,496,496,0,-1,2,3,3,394.55417598105402,767.36481106113001,372.810635080076,-13.7075644719585,-34.631169019248702,-20.9236045472902,1.94489086106638,2,shell0-shell0,0
shell0-shell0,1,497,497,0,-1,2,2,2,368.53214159615601,721.10057017762699,352.56842858147098,-39.729598856856903,-80.895409902751794,-41.165811045894898,1.95668298307566,2,shell0-shell0,0
shell0-shell0,1,498,498,0,2,2,2,2,330.49301019722401,651.96821121610697,321.47520101888301,-77.768730255788398,-150.027768864271,-72.259038608482697,1.97271406988922,2,shell0-shell0,0
shell0-shell0,1,500,500,0,-1,2,3,3,362.15455943149902,704.02504405639195,341.870484624894,-46.107181021514201,-97.970936023986198,-51.863755002471997,1.9439905579583301,2,shell0-shell0,0
shell0-shell0,1,505,505,0,2,2,2,2,355.34294343792601,701.05226349048803,345.70932005256202,-52.918797015086298,-100.94371658989,-48.024919574804002,1.97288922275433,2,shell0-shell0,0
shell0-shell0,1,506,506,0,-1,2,3,3,401.10044498377101,778.39483742104801,377.294392437277,-7.1612954692419599,-23.6011426593309,-16.439847190088901,1.9406481522416199,2,shell0-shell0,0
shell0-shell0,1,507,507,0,2,2,2,2,362.40792546453798,716.34069994181698,353.932774477279,-45.853814988475101,-85.655280138561906,-39.801465150086898,1.9766143332092001,2,shell0-shell0,0
shell0-shell0,1,509,509,0,-1,2,2,2,393.79078954085497,771.66374577046099,377.87295622960602,-14.470950912157701,-30.3322343099173,-15.8612833977596,1.9595779440910499,2,shell0-shell0,0
shell0-shell0,1,512,512,0,-1,2,2,2,334.36173900241801,646.53573913048695,312.174000128069,-73.9000014505949,-155.46024094989099,-81.5602394992965,1.9336415137074401,2,shell0-shell0,0
shell0-shell0,1,513,513,0,-1,2,4,4,338.05987332276902,653.48141259035594,315.42153926758698,-70.201867130243997,-148.51456749002301,-78.312700359778901,1.9330345425717901,2,shell0-shell0,0
shell0-shell0,1,514,514,0,-1,2,2,2,367.29485211708499,718.56336222329901,351.26851010621402,-40.966888335927798,-83.432617857079194,-42.465729521151403,1.95636654878636,2,shell0-shell0,0
shell0-shell0,1,518,518,0,-1,2,6,6,388.49332391989202,760.33956326012606,371.84623934023398,-19.7684165331207,-41.656416820252403,-21.8880002871317,1.95714962509088,2,shell0-shell0,0
shell0-shell0,1,519,519,0,-1,2,3,3,372.40877780921301,720.45594125713205,348.04716344791802,-35.852962643799302,-81.540038823246604,-45.687076179447303,1.9345836730685899,2,shell0-shell0,0
shell0-shell0,1,520,520,0,2,2,2,2,389.57217980111898,766.20079935629997,376.62861955518099,-18.6895606518938,-35.795180724078399,-17.1056200721846,1.96677493692556,2,shell0-shell0,0
shell0-shell0,1,521,521,0,-1,2,2,2,331.07880151853101,645.91710241458304,314.83830089605198,-77.182938934481896,-156.07887766579501,-78.895938731313507,1.95094672160226,2,shell0-shell0,0
shell0-shell0,1,522,522,0,-1,2,2,2,348.29345422113403,676.94880598531995,328.65535176418501,-59.968286231878402,-125.04717409505901,-65.078887863180398,1.9436162172474201,2,shell0-shell0,0
shell0-shell0,1,529,529,0,-1,2,4,4,346.94694448144003,677.11841513900004,330.17147065756001,-61.314795971572899,-124.877564941378,-63.562768969805497,1.95164830216634,2,shell0-shell0,0
shell0-shell0,1,531,531,0,-1,2,3,3,412.66363248495099,800.57613033767302,387.91249785272299,4.4018920319380204,-1.4198497427051999,-5.8217417746432103,1.9400210421180499,2,shell0-shell0,0
shell0-shell0,1,533,533,0,-1,2,2,2,363.35408976249602,706.100208394741,342.74611863224499,-44.907650690517002,-95.895771685637399,-50.988120995120397,1.94328405345948,2,shell0-shell0,0
shell0-shell0,1,534,534,0,2,2,3,3,341.631428822212,698.75871636081501,357.12728753860398,-66.630311630800804,-103.237263719563,-36.606952088762299,2.0453584108751799,2,shell0-shell0,0
shell0-shell0,1,535,535,0,-1,2,2,2,345.08367407313199,667.64084764869301,322.55717357556,-63.178066379880299,-134.355132431686,-71.177066051805596,1.9347216278542401,2,shell0-shell0,0
shell0-shell0,1,536,536,0,-1,2,2,2,358.31809542342501,694.13769243966601,335.819597016241,-49.943645029587501,-107.858287640713,-57.914642611125203,1.9372108227450899,2,shell0-shell0,0
shell0-shell0,1,537,537,0,2,2,3,3,380.13535649708399,746.164124212562,366.02876771547801,-28.126383955929199,-55.8318558678166,-27.7054719118874,1.96289061635414,2,shell0-shell0,0
shell0-shell0,1,538,538,0,-1,2,4,4,389.71325339352597,763.230991400574,373.51773800704802,-18.548487059487002,-38.764988679804702,-20.2165016203177,1.9584424824009701,2,shell0-shell0,0
shell0-shell0,1,539,539,0,-1,2,2,2,386.31332577674999,751.49053803183699,365.177212255087,-21.9484146762628,-50.505442048541198,-28.557027372278402,1.9452876405980399,2,shell0-shell0,0
shell0-shell0,1,542,542,0,-1,2,2,2,355.76837059746799,692.63522209317898,336.86685149571099,-52.493369855545097,-109.3607579872,-56.867388131654501,1.9468712773144701,2,shell0-shell0,0
shell0-shell0,1,543,543,0,-1,2,2,2,366.22821545951302,710.83712522493101,344.60890976541799,-42.033524993499903,-91.158854855447501,-49.125329861947598,1.94096766775064,2,shell0-shell0,0
shell0-shell0,1,545,545,0,-1,2,2,2,348.83914525487597,676.33959153197804,327.50044627710298,-59.422595198136896,-125.6563885484,-66.233793350263198,1.93882940241072,2,shell0-shell0,0
shell0-shell0,1,547,547,0,-1,2,2,2,355.67012491918302,689.62418032570201,333.95405540651899,-52.591615533829398,-112.371799754676,-59.780184220846799,1.9389432285953201,2,shell0-shell0,0
shell0-shell0,1,548,548,0,2,2,2,2,340.76512786628501,679.34107949265501,338.57595162637,-67.496612586727593,-122.65490058772301,-55.158288000995903,1.99357570343649,2,shell0-shell0,0
shell0-shell0,1,550,550,0,2,2,2,2,390.31017236004197,766.10919801495095,375.79902565490897,-17.951568092970501,-35.886782065427802,-17.935213972457301,1.96282150009724,2,shell0-shell0,0
shell0-shell0,1,551,551,0,-1,2,4,4,406.369657120927,786.30996485867604,379.94030773774898,-1.8920833320855199,-15.6860152217027,-13.7939318896172,1.9349622962245101,2,shell0-shell0,0
shell0-shell0,1,552,552,0,-1,2,2,2,360.10205943295199,702.90955357463099,342.807494141679,-48.159681020061001,-99.086426505747497,-50.926745485686403,1.9519731563920899,2,shell0-shell0,0
shell0-shell0,1,553,553,0,-1,2,3,3,357.91954037611299,701.312985752494,343.39344537638101,-50.342200076899402,-100.682994327885,-50.340794250985297,1.95941519430745,2,shell0-shell0,0
shell0-shell0,1,554,554,0,2,2,3,3,345.32917037360801,693.336404434207,348.00723406060001,-62.932570079404996,-108.65957564617101,-45.727005566766103,2.0077551041636399,2,shell0-shell0,0
shell0-shell0,1,555,555,0,-1,2,3,3,403.05547612164401,786.0921849911,383.03670886945702,-5.20626433136903,-15.9037950892782,-10.697530757909201,1.95033247669821,2,shell0-shell0,0
shell0-shell0,1,556,556,0,-1,2,2,2,337.18526511606598,655.34430138648702,318.15903627042002,-71.076475336946501,-146.65167869389199,-75.575203356945394,1.9435733680737901,2,shell0-shell0,0
shell0-shell0,1,557,557,0,2,2,2,2,378.64357666433102,748.94185946010202,370.298282795771,-29.6181637886814,-53.054120620276102,-23.435956831594599,1.97796002789199,2,shell0-shell0,0
shell0-shell0,1,560,560,0,-1,2,2,2,392.41216326454798,761.89366828635104,369.481505021803,-15.849577188464901,-40.102311794027699,-24.2527346055629,1.94156486370866,2,shell0-shell0,0
shell0-shell0,1,563,563,0,-1,2,2,2,340.67341195396801,664.89520235764701,324.22179040367899,-67.588328499045204,-137.100777722732,-69.512449223686602,1.9517085250183499,2,shell0-shell0,0
shell0-shell0,1,565,565,0,-1,2,3,3,379.51581802326399,740.72394921761304,361.20813119434899,-28.745922429748799,-61.272030862766002,-32.5261084330172,1.95176041166275,2,shell0-shell0,0
shell0-shell0,1,566,566,0,-1,2,2,2,330.33761368662402,641.09788833862103,310.76027465199701,-77.924126766388298,-160.89809174175701,-82.973964975369,1.94073536217647,2,shell0-shell0,0
shell0-shell0,1,569,569,0,-1,2,2,2,351.40671805267101,679.89664718274696,328.48992913007601,-56.855022400342101,-122.099332897632,-65.244310497289902,1.9347855696965901,2,shell0-shell0,0
shell0-shell0,1,573,573,0,2,2,2,2,365.07351599439602,725.02430181807699,359.95078582368097,-43.188224458617199,-76.971678262301793,-33.783453803684601,1.9859679490670199,2,shell0-shell0,0
shell0-shell0,1,574,574,0,-1,2,2,2,371.49947696084899,722.611655835531,351.11217887468302,-36.762263492164202,-79.384324244847207,-42.622060752683097,1.9451215967975299,2,shell0-shell0,0
shell0-shell0,1,575,575,0,-1,2,2,2,391.12210050604398,760.12294680194805,369.00084629590401,-17.139639946969201,-41.873033278430697,-24.733393331461599,1.94344156420331,2,shell0-shell0,0
shell0-shell0,1,577,577,0,-1,2,3,3,363.34362190386599,708.61211561255197,345.26849370868598,-44.918118549146399,-93.383864467826101,-48.465745918679801,1.9502533494314001,2,shell0-shell0,0
shell0-shell0,1,578,578,0,-1,2,2,2,371.04925646427603,719.52112827820201,348.47187181392701,-37.212483988737098,-82.474851802176104,-45.262367813438999,1.93915259427956,2,shell0-shell0,0
shell0-shell0,1,579,579,0,-1,2,2,2,400.75063219387999,777.611455450937,376.86082325705701,-7.5111082591329303,-24.384524629441799,-16.873416370308899,1.9403873456018299,2,shell0-shell0,0
shell0-shell0,1,582,582,0,-1,2,3,3,331.86301654920499,643.79227931609898,311.929262766894,-76.398723903807806,-158.20370076427901,-81.804976860471399,1.93993378958105,2,shell0-shell0,0
shell0-shell0,1,583,583,0,-1,2,3,3,368.243258659623,715.22338201695197,346.98012335732898,-40.018481793389398,-86.772598063426699,-46.754116270037301,1.9422579102202999,2,shell0-shell0,0
shell0-shell0,1,584,584,0,-1,2,2,2,354.90385015498401,686.99636504022396,332.09251488524097,-53.357890298029098,-114.999615040154,-61.641724742125,1.9357253090949,2,shell0-shell0,0
shell0-shell0,1,587,587,0,-1,2,3,3,392.73651546908002,761.67041843064999,368.93390296157003,-15.525224983932899,-40.325561649728201,-24.800336665795299,1.93939292230293,2,shell0-shell0,0
shell0-shell0,1,588,588,0,-1,2,2,2,374.17494456926198,728.10355881190799,353.92861424264697,-34.086795883750902,-73.892421268470201,-39.805625384719299,1.94589073741984,2,shell0-shell0,0
shell0-shell0,1,589,589,0,-1,2,2,2,351.43103479087199,679.59471972050096,328.16368492962903,-56.830705662140801,-122.401260359877,-65.570554697736497,1.93379255797631,2,shell0-shell0,0
shell0-shell0,1,591,591,0,-1,2,2,2,310.66873823353097,608.46829890861795,297.79956067508698,-97.593002219481903,-193.527681171761,-95.934678952278801,1.95857588493899,2,shell0-shell0,0
shell0-shell0,1,592,592,0,-1,2,2,2,363.95148648281003,704.46286637591004,340.51137989310001,-44.310253970202297,-97.533113704468406,-53.222859734266102,1.93559551901757,2,shell0-shell0,0
shell0-shell0,1,594,594,0,2,2,5,5,370.712144778788,724.97657163724205,354.26442685845399,-37.549595674224598,-77.019408443136896,-39.469812768912298,1.9556321039059901,2,shell0-shell0,0
shell0-shell0,1,595,595,0,-1,2,2,2,367.15839637457799,712.18805295631603,345.02965658173798,-41.103344078434603,-89.8079271240629,-48.704583045628297,1.9397297188043501,2,shell0-shell0,0
shell0-shell0,1,596,596,0,2,2,3,3,352.22428550395,712.21642295411198,359.99213745016198,-56.037454949063097,-89.779557126266695,-33.742102177203499,2.0220537091447199,2,shell0-shell0,0
shell0-shell0,1,597,597,0,-1,2,3,3,391.30372397978698,756.62036438318705,365.31664040340002,-16.958016473225801,-45.375615697192003,-28.4175992239661,1.9335884583154901,2,shell0-shell0,0
shell0-shell0,1,598,598,0,-1,2,3,3,404.45356179407497,792.72508858294395,388.27152678886898,-3.8081786589374902,-9.2708914974341496,-5.4627128384966603,1.9599903758210799,2,shell0-shell0,0
shell0-shell0,1,599,599,0,-1,2,2,2,364.73755323836298,705.59317127376005,340.85561803539701,-43.524187214650098,-96.402808806618907,-52.878621591968802,1.9345229604384699,2,shell0-shell0,0
shell0-shell0,1,600,600,0,-1,2,4,4,379.20201729449298,743.57892211544697,364.376904820954,-29.0597231585201,-58.417057964931502,-29.357334806411401,1.9609044472407799,2,shell0-shell0,0
shell0-shell0,1,605,605,0,-1,2,3,3,349.97278020082598,681.57851344024698,331.605733239421,-58.288960252186797,-120.417466640131,-62.128506387944498,1.9475186414473,2,shell0-shell0,0
shell0-shell0,1,608,608,0,-1,2,2,2,326.30142564887001,638.86627459088004,312.56484894200997,-81.960314804142499,-163.12970548949801,-81.169390685355594,1.9579021860552901,2,shell0-shell0,0
shell0-shell0,1,611,611,0,-1,2,3,3,332.73539807018398,648.03978517999303,315.30438710981002,-75.5263423828291,-153.95619490038499,-78.429852517556,1.9476129950060299,2,shell0-shell0,0
shell0-shell0,1,612,612,0,-1,2,3,3,380.49936963550903,737.29284137971399,356.79347174420502,-27.762370817503701,-64.703138700664596,-36.940767883160802,1.93769793123701,2,shell0-shell0,0
shell0-shell0,1,613,613,0,-1,2,2,2,368.05432686688499,713.638529327583,345.58420246069801,-40.207413586127501,-88.357450752795103,-48.150037166667602,1.9389488921446301,2,shell0-shell0,0
shell0-shell0,1,616,616,0,2,2,3,3,373.12466155071502,745.58471598055996,372.460054429845,-35.137078902298001,-56.411264099818901,-21.274185197521,1.9982188067706199,2,shell0-shell0,0
shell0-shell0,1,617,617,0,-1,2,2,2,360.23647389607601,706.35611393630199,346.11964004022599,-48.025266556936799,-95.639866144076606,-47.6145995871398,1.9608123139137701,2,shell0-shell0,0
shell0-shell0,1,622,622,0,-1,2,2,2,381.08222967915299,739.57601126807401,358.49378158892,-27.179510773859501,-62.419968812305001,-35.240458038445503,1.9407255276394,2,shell0-shell0,0
shell0-shell0,1,623,623,0,2,2,3,3,366.526100567897,724.00472423384804,357.47862366595098,-41.735639885115702,-77.991255846530393,-36.255615961414698,1.9753155999315499,2,shell0-shell0,0
shell0-shell0,1,624,624,0,-1,2,2,2,303.92863689624301,599.15570667284305,295.22706977659902,-104.333103556769,-202.84027340753599,-98.507169850766601,1.97136970307074,2,shell0-shell0,0
shell0-shell0,1,625,625,0,2,2,2,2,361.95498398797099,711.01924190776106,349.06425791978899,-46.306756465041303,-90.976738172617999,-44.669981707576703,1.96438583072913,2,shell0-shell0,0
shell0-shell0,1,626,626,0,-1,2,2,2,350.01980691792801,685.71620409218201,335.696397174254,-58.241933535084399,-116.27977598819599,-58.037842453111999,1.9590782879694799,2,shell0-shell0,0
shell0-shell0,1,630,630,0,2,2,2,2,367.26494045810102,725.12066026727302,357.855719809172,-40.996799994911399,-76.875319813105506,-35.8785198181941,1.9743802916848201,2,shell0-shell0,0
shell0-shell0,1,632,632,0,2,2,2,2,376.781409316902,744.31504473715802,367.53363542025602,-31.4803311361105,-57.680935343220497,-26.20060420711,1.97545586467917,2,shell0-shell0,0
shell0-shell0,1,633,633,0,2,2,3,3,361.01347355495,729.80215474167403,368.78868118672398,-47.248266898062603,-72.193825338704798,-24.945558440642198,2.0215371674503202,2,shell0-shell0,0
shell0-shell0,1,634,634,0,-1,2,2,2,347.49882366960998,672.551925220974,325.05310155136402,-60.762916783402403,-129.44405485940499,-68.681138076002199,1.9354077752516701,2,shell0-shell0,0
shell0-shell0,1,635,635,0,-1,2,2,2,324.88150332763598,639.49839937151501,314.61689604387902,-83.380237125376894,-162.49758070886401,-79.117343583486999,1.9684050733002001,2,shell0-shell0,0
shell0-shell0,1,636,636,0,-1,2,2,2,308.75181186999203,601.14372987304205,292.391918003049,-99.509928583020297,-200.85225020733699,-101.34232162431699,1.9470128004501199,2,shell0-shell0,0
shell0-shell0,1,637,637,0,-1,2,2,2,366.99887936022702,718.66493224400199,351.66605288377599,-41.262861092786203,-83.331047836376101,-42.068186743589898,1.9582210536904601,2,shell0-shell0,0
shell0-shell0,1,638,638,0,-1,2,3,3,391.16006559848501,758.66473561522196,367.50467001673701,-17.101674854527499,-43.331244465156502,-26.229569610628999,1.93952502399355,2,shell0-shell0,0
shell0-shell0,1,640,640,0,-1,2,4,4,387.32965517149398,754.75824975180399,367.42859458031,-20.932085281518301,-47.2377303285745,-26.3056450470561,1.9486198375841499,2,shell0-shell0,0
shell0-shell0,1,641,641,0,2,2,2,2,359.28201778411199,703.86903145854603,344.58701367443399,-48.979722668901097,-98.126948621832796,-49.147225952931599,1.9590989713309099,2,shell0-shell0,0
shell0-shell0,1,642,642,0,2,2,3,3,361.15144301684501,715.43771752289604,354.28627450605001,-47.110297436167301,-86.558262557482905,-39.447965121315598,1.98099088722048,2,shell0-shell0,0
shell0-shell0,1,644,644,0,2,2,2,2,315.89825398102198,632.83051840511598,316.932264424094,-92.363486471990498,-169.16546167526201,-76.801975203271795,2.0032732388673899,2,shell0-shell0,0
shell0-shell0,1,645,645,0,-1,2,4,4,383.03932483953702,745.97872873180404,362.93940389226702,-25.222415613476201,-56.017251348575002,-30.7948357350988,1.9475251765450201,2,shell0-shell0,0
shell0-shell0,1,646,646,0,-1,2,2,2,395.63941762714802,765.75913130398396,370.11971367683702,-12.622322825865099,-36.236848776394297,-23.614525950529099,1.9354975697230401,2,shell0-shell0,0
shell0-shell0,1,647,647,0,-1,2,2,2,375.405505945833,726.23838936316304,350.83288341732998,-32.856234507179998,-75.757590717215393,-42.901356210035402,1.93454378761283,2,shell0-shell0,0
shell0-shell0,1,651,651,0,-1,2,3,3,327.043766469258,634.62065530803397,307.57688883877597,-81.217973983755101,-167.37532477234501,-86.157350788589994,1.9404762309318899,2,shell0-shell0,0
shell0-shell0,1,652,652,0,-1,2,2,2,322.53390117433202,626.57069539268105,304.03679421835,-85.727839278681003,-175.425284687697,-89.697445409016296,1.9426506581520999,2,shell0-shell0,0
shell0-shell0,1,653,653,0,-1,2,2,2,361.17837641281602,704.55752339028902,343.379146977473,-47.083364040197097,-97.438456690089694,-50.355092649892498,1.9507190059047199,2,shell0-shell0,0
shell0-shell0,1,654,654,0,2,2,2,2,378.31522345399799,746.81533816416095,368.50011471016302,-29.946516999014801,-55.180641916218001,-25.2341249172032,1.97405573940635,2,shell0-shell0,0
shell0-shell0,1,655,655,0,2,2,2,2,353.89397293779098,710.32670628958203,356.432733351791,-54.367767515221303,-91.669273790796495,-37.301506275575299,2.0071737882194598,2,shell0-shell0,0
shell0-shell0,1,658,658,0,-1,2,4,4,348.11217184833902,679.09950142297498,330.98732957463699,-60.149568604674201,-122.89647865740299,-62.746910052729,1.9508065397921099,2,shell0-shell0,0
shell0-shell0,1,659,659,0,-1,2,2,2,344.52981418151501,670.002345836892,325.472531655377,-63.731926271497898,-131.99363424348601,-68.2617079719884,1.94468611498424,2,shell0-shell0,0
shell0-shell0,1,660,660,0,-1,2,2,2,366.46371437846398,709.88367957778598,343.41996519932201,-41.798026074548503,-92.112300502592106,-50.314274428043603,1.93711860608567,2,shell0-shell0,0
shell0-shell0,1,661,661,0,-1,2,3,3,377.01210587379501,735.85128109766697,358.83917522387202,-31.249634579217702,-66.144698982711802,-34.895064403494104,1.95179748775492,2,shell0-shell0,0
shell0-shell0,1,662,662,0,2,2,2,2,319.84723155746002,642.03362117950905,322.18638962204898,-88.414508895553197,-159.96235890086999,-71.547850005316704,2.00731336036019,2,shell0-shell0,0
shell0-shell0,1,664,664,0,-1,2,2,2,367.82211065511098,713.70461336629603,345.88250271118397,-40.439629797901397,-88.291366714082997,-47.851736916181601,1.9403526669322499,2,shell0-shell0,0
shell0-shell0,1,665,665,0,2,2,3,3,385.75918325314899,762.84931610928004,377.09013285613202,-22.5025571998641,-39.146663971098299,-16.644106771234199,1.9775273000012299,2,shell0-shell0,0
shell0-shell0,1,666,666,0,2,2,2,2,339.92061709824299,691.22780527812404,351.307188179881,-68.341123354769707,-110.76817480225399,-42.427051447484502,2.033497735968,2,shell0-shell0,0
shell0-shell0,1,667,667,0,-1,2,3,3,376.70216871565901,738.70435400854706,362.00218529288799,-31.559571737353298,-63.291626071831402,-31.7320543344781,1.96097717336513,2,shell0-shell0,0
shell0-shell0,1,669,669,0,-1,2,3,3,400.32089285367101,784.22140731089996,383.90051445722901,-7.9408475993421304,-17.774572769478699,-9.8337251701365709,1.95898195999867,2,shell0-shell0,0
shell0-shell0,1,670,670,0,2,2,3,3,411.96646462268501,812.65767615003097,400.69121152734698,3.7047241696718598,10.661696069652599,6.9569718999807701,1.9726306530662301,2,shell0-shell0,0
shell0-shell0,1,671,671,0,2,2,4,4,377.36888913637898,736.28645819491601,358.91756905853703,-30.8928513166342,-65.709521885462607,-34.8166705688284,1.9511053491450601,2,shell0-shell0,0
shell0-shell0,1,675,675,0,2,2,3,3,343.07721762944402,679.24908926981902,336.17187164037603,-65.184522823569097,-122.74689081055899,-57.562367986990203,1.97987232717817,2,shell0-shell0,0
shell0-shell0,1,676,676,0,2,2,2,2,362.51805127454901,725.962843940835,363.44479266628701,-45.743689178464102,-76.033136139543103,-30.289446961079001,2.0025564006771002,2,shell0-shell0,0
shell0-shell0,1,678,678,0,2,2,2,2,358.77810727265597,710.16889252747603,351.39078525482,-49.483633180356897,-91.827087552902398,-42.343454372545501,1.97940977482157,2,shell0-shell0,0
shell0-shell0,1,679,679,0,-1,2,2,2,367.02077663999302,713.68510617012396,346.664329530131,-41.240963813020201,-88.310873910254898,-47.069910097234697,1.9445359815969501,2,shell0-shell0,0
shell0-shell0,1,681,681,0,-1,2,3,3,389.33203004557703,766.91865485764799,377.58662481207102,-18.9297104074355,-35.0773252227307,-16.147614815295199,1.9698319061184599,2,shell0-shell0,0
shell0-shell0,1,682,682,0,-1,2,4,4,393.34408853169799,763.86338463694995,370.51929610525201,-14.9176519213148,-38.132595443428599,-23.214943522113899,1.94197245340168,2,shell0-shell0,0
shell0-shell0,1,684,684,0,-1,2,2,2,340.85657964096799,665.26189239852101,324.40531275755302,-67.405160812044997,-136.734087681858,-69.328926869812904,1.95173551614951,2,shell0-shell0,0
shell0-shell0,1,688,688,0,-1,2,2,2,328.74461360300597,637.892699679678,309.14808607667197,-79.517126850006804,-164.10328040070101,-84.586153550694107,1.9403898141126701,2,shell0-shell0,0
shell0-shell0,1,692,692,0,2,2,3,3,371.745591979089,730.35791771392599,358.61232573483801,-36.516148473924098,-71.638062366452203,-35.121913892528099,1.9646713598557199,2,shell0-shell0,0
shell0-shell0,1,693,693,0,-1,2,4,4,365.89947068704703,712.02631327479605,346.12684258774999,-42.362269765966197,-89.969666805582193,-47.607397039615897,1.9459615832125401,2,shell0-shell0,0
shell0-shell0,1,694,694,0,-1,2,2,2,339.47445105913999,656.13300021411999,316.65854915497903,-68.787289393872499,-145.862979866259,-77.075690472386398,1.93279051830564,2,shell0-shell0,0
shell0-shell0,1,695,695,0,2,2,2,2,368.29203483938602,738.25310597092698,369.96107113154102,-39.969705613627198,-63.742874109452003,-23.773168495824802,2.0045318283706099,2,shell0-shell0,0
shell0-shell0,1,696,696,0,-1,2,2,2,384.64075576309,749.50331202505902,364.86255626196902,-23.620984689922601,-52.4926680553192,-28.871683365396599,1.94858007321174,2,shell0-shell0,0
shell0-shell0,1,698,698,0,-1,2,4,4,365.08030374207402,715.77627899664901,350.69597525457499,-43.181436710938797,-86.219701083730001,-43.038264372791197,1.9605995493592501,2,shell0-shell0,0
shell0-shell0,1,704,704,0,-1,2,3,3,322.66556633074703,623.873671795635,301.20810546488798,-85.596174122265793,-178.12230828474401,-92.526134162478101,1.93349937797867,2,shell0-shell0,0
shell0-shell0,1,706,706,0,-1,2,2,2,341.013058980251,661.65118831027701,320.63812933002703,-67.248681472762001,-140.34479177010101,-73.096110297339195,1.9402517612928001,2,shell0-shell0,0
shell0-shell0,1,708,708,0,-1,2,2,2,372.16660473184101,722.78804367487601,350.621438943035,-36.0951357211719,-79.207936405502295,-43.112800684330402,1.9421088149369801,2,shell0-shell0,0
shell0-shell0,1,710,710,0,2,2,2,2,326.52309544518403,666.63078979153101,340.10769434634699,-81.738645007828595,-135.365190288847,-53.6265452810187,2.0416037918623799,2,shell0-shell0,0
shell0-shell0,1,711,711,0,-1,2,2,2,310.01690136236198,599.86790455302798,289.85100319066601,-98.244839090650999,-202.12807552735001,-103.88323643669899,1.9349522620119199,2,shell0-shell0,0
shell0-shell0,1,712,712,0,-1,2,2,2,337.14550107635199,655.92534256307204,318.77984148671999,-71.116239376661198,-146.07063751730701,-74.954398140645793,1.94552601315753,2,shell0-shell0,0
shell0-shell0,1,713,713,0,-1,2,2,2,372.01867496859398,725.12694936786897,353.10827439927499,-36.2430654844188,-76.869030712509698,-40.625965228090898,1.9491681417044,2,shell0-shell0,0
shell0-shell0,1,714,714,0,2,2,2,2,321.57343696639498,647.38751014030504,325.81407317391103,-86.688303486617798,-154.60846994007301,-67.920166453455295,2.01318714707135,2,shell0-shell0,0
shell0-shell0,1,715,715,0,2,2,3,3,365.17248316188801,728.92068613744198,363.74820297555402,-43.089257291124603,-73.075293942936497,-29.986036651811801,1.99609970561308,2,shell0-shell0,0
shell0-shell0,1,716,716,0,2,2,2,2,345.65781501084001,684.25152985080899,338.59371483996898,-62.6039254421732,-117.74445022957001,-55.140524787396799,1.9795633141676601,2,shell0-shell0,0
shell0-shell0,1,720,720,0,-1,2,2,2,296.47727546244101,573.85200002492695,277.37472456248599,-111.784464990572,-228.143980055452,-116.35951506488,1.9355682459299499,2,shell0-shell0,0
shell0-shell0,1,721,721,0,-1,2,2,2,348.03166340105997,677.224702922039,329.19303952097903,-60.230077051953202,-124.77127715834,-64.541200106386697,1.94587094836147,2,shell0-shell0,0
shell0-shell0,1,722,722,0,-1,2,4,4,381.646535416841,744.16863851593803,362.52210309909702,-26.615205036171599,-57.8273415644408,-31.212136528269198,1.94988967397056,2,shell0-shell0,0
shell0-shell0,1,723,723,0,-1,2,2,2,345.61557229840901,674.43571763003195,328.820145331623,-62.646168154603998,-127.560262450346,-64.914094295742501,1.95140431070541,2,shell0-shell0,0
shell0-shell0,1,724,724,0,-1,2,2,2,390.61145162835999,758.94026936386297,368.32881773550298,-17.650288824652598,-43.055710716515698,-25.405421891863099,1.9429544786770401,2,shell0-shell0,0
shell0-shell0,1,729,729,0,-1,2,3,3,375.76511928817803,733.88779059597402,358.122671307796,-32.4966211648347,-68.108189484404505,-35.611568319569898,1.9530492664838,2,shell0-shell0,0
shell0-shell0,1,730,730,0,-1,2,2,2,330.99667969459603,652.30056966113,321.30388996653397,-77.265060758417107,-149.69541041924899,-72.430349660831695,1.9707163535990599,2,shell0-shell0,0
shell0-shell0,1,731,731,0,-1,2,2,2,363.04075455355201,706.67075161418495,343.629997060633,-45.220985899460402,-95.325228466193394,-50.104242566732999,1.9465328417004,2,shell0-shell0,0
shell0-shell0,1,734,734,0,2,2,3,3,367.854958914355,729.42158919892097,361.56663028456597,-40.406781538657597,-72.574390881457205,-32.167609342799601,1.9829054129150601,2,shell0-shell0,0
shell0-shell0,1,739,739,0,-1,2,2,2,386.98689818852898,748.031935934378,361.04503774584902,-21.274842264483699,-53.964044146000198,-32.689201881516503,1.9329644994078301,2,shell0-shell0,0
shell0-shell0,1,740,740,0,2,2,2,2,289.77919388692999,587.75582115292104,297.97662726599202,-118.482546566083,-214.240158927457,-95.7576123613742,2.0282885505653701,2,shell0-shell0,0
shell0-shell0,1,742,742,0,-1,2,2,2,384.86117726168101,745.61996919913099,360.75879193744998,-23.400563191332001,-56.376010881247304,-32.975447689915299,1.9373738200986601,2,shell0-shell0,0
shell0-shell0,1,745,745,0,2,2,2,2,338.39166347906399,668.59280965068899,330.201146171625,-69.870076973948997,-133.40317042968999,-63.533093455740797,1.9757957473797401,2,shell0-shell0,0
shell0-shell0,1,746,746,0,-1,2,3,3,300.923299350516,592.45779299328694,291.53449364276997,-107.33844110249601,-209.53818708709201,-102.19974598459601,1.9688000040940301,2,shell0-shell0,0
shell0-shell0,1,747,747,0,-1,2,2,2,360.65157848198697,698.77273176225799,338.12115328027102,-47.610161971025498,-103.22324831812,-55.613086347094701,1.9375285551319399,2,shell0-shell0,0
shell0-shell0,1,748,748,0,-1,2,2,2,367.31077491529101,710.37203701959902,343.06126210430801,-40.950965537721302,-91.623943060779496,-50.672977523058201,1.93398093803108,2,shell0-shell0,0
shell0-shell0,1,749,749,0,-1,2,2,2,331.19411498179602,644.32569023800704,313.13157525621199,-77.067625471217198,-157.670289842372,-80.602664371154304,1.94546237717244,2,shell0-shell0,0
shell0-shell0,1,752,752,0,-1,2,2,2,370.86822172551098,720.99055717854901,350.12233545303798,-37.3935187275018,-81.005422901829405,-43.611904174327599,1.9440612997901301,2,shell0-shell0,0
shell0-shell0,1,755,755,0,2,2,4,4,358.40264008052998,703.73224252264595,345.32960244211603,-49.859100372482402,-98.263737557732398,-48.404637185250003,1.9635241592096599,2,shell0-shell0,0
shell0-shell0,1,756,756,0,-1,2,2,2,369.79619016024202,714.88058903323395,345.08439887299198,-38.465550292770999,-87.115391047144399,-48.6498407543734,1.93317456495011,2,shell0-shell0,0
shell0-shell0,1,757,757,0,-1,2,2,2,350.71796330798099,678.43484606091397,327.71688275293297,-57.543777145031797,-123.561134019465,-66.017356874433304,1.93441715862483,2,shell0-shell0,0
shell0-shell0,1,758,758,0,-1,2,2,2,386.66308531666101,753.91284730475695,367.249761988096,-21.598655136351901,-48.0831327756216,-26.484477639269699,1.9497926642967101,2,shell0-shell0,0
shell0-shell0,1,759,759,0,-1,2,2,2,320.70252011508802,623.32582319682001,302.62330308173199,-87.559220337924998,-178.670156883559,-91.110936545633805,1.9436262084037601,2,shell0-shell0,0
shell0-shell0,1,760,760,0,-1,2,2,2,366.96568902857501,713.28552791153595,346.31983888296202,-41.296051424438097,-88.710452168842295,-47.414400744404197,1.9437390176714699,2,shell0-shell0,0
shell0-shell0,1,761,761,0,2,2,3,3,381.23455003126901,748.69285547825996,367.45830544699101,-27.027190421744201,-53.303124602118899,-26.275934180374701,1.96386412358705,2,shell0-shell0,0
shell0-shell0,1,763,763,0,2,2,2,2,321.83572735100302,652.07836002729402,330.24263267629101,-86.426013102010003,-149.91762005308499,-63.491606951074999,2.0261217279836701,2,shell0-shell0,0
shell0-shell0,1,766,766,0,-1,2,2,2,336.13795349599502,651.80389020049904,315.66593670450402,-72.123786957017501,-150.19208987987901,-78.068302922861704,1.93909638415248,2,shell0-shell0,0
shell0-shell0,1,769,769,0,-1,2,3,3,391.15529492915499,757.05706863119599,365.901773702041,-17.106445523857399,-44.938911449182299,-27.8324659253249,1.93543863126872,2,shell0-shell0,0
shell0-shell0,1,770,770,0,2,2,2,2,339.23279664408199,680.50151525986303,341.26871861578002,-69.028943808930293,-121.494464820516,-52.465521011585501,2.00600154817529,2,shell0-shell0,0
shell0-shell0,1,773,773,0,2,2,2,2,354.06046160206898,718.59017078188504,364.529709179816,-54.201278850943901,-83.405809298493494,-29.204530447549601,2.0295690954318202,2,shell0-shell0,0
shell0-shell0,1,774,774,0,2,2,3,3,376.85371121509797,737.91220387006399,361.05849265496602,-31.408029237914999,-64.083776210314895,-32.675746972399899,1.95808660472202,2,shell0-shell0,0
shell0-shell0,1,775,775,0,-1,2,3,3,376.87015239320601,728.77070788049798,351.90055548729202,-31.391588059806999,-73.225272199880706,-41.8336841400737,1.93374482763532,2,shell0-shell0,0
shell0-shell0,1,776,776,0,-1,2,2,2,338.52485803069999,657.46427683044794,318.93941879974801,-69.736882422313201,-144.53170324993101,-74.7948208276175,1.9421447531360501,2,shell0-shell0,0
shell0-shell0,1,777,777,0,2,2,4,4,347.812116855976,686.90334591009503,339.09122905411999,-60.449623597037203,-115.09263417028301,-54.643010573246201,1.9749264405142399,2,shell0-shell0,0
shell0-shell0,1,778,778,0,-1,2,2,2,384.65756874669898,746.94854221744095,362.29097347074202,-23.604171706314101,-55.047437862937599,-31.443266156623501,1.9418532297470901,2,shell0-shell0,0
shell0-shell0,1,779,779,0,2,2,2,2,399.64798342797002,785.16987409614501,385.52189066817499,-8.6137570250431299,-16.826105984233902,-8.2123489591907592,1.9646536618585499,2,shell0-shell0,0
shell0-shell0,1,781,781,0,2,2,2,2,349.99000425118902,689.96688901084997,339.976884759661,-58.271736201823998,-112.029091069529,-53.757354867704699,1.97139027009371,2,shell0-shell0,0
shell0-shell0,1,783,783,0,2,2,2,2,367.996872338564,725.10707547804702,357.11020313948302,-40.264868114448497,-76.888904602331394,-36.624036487882897,1.9704164083517901,2,shell0-shell0,0
shell0-shell0,1,791,791,0,2,2,2,2,329.89268369763101,662.08260861711994,332.18992491948899,-78.369056755382204,-139.91337146325799,-61.544314707876303,2.0069636016055599,2,shell0-shell0,0
shell0-shell0,1,792,792,0,-1,2,2,2,373.50496852972901,730.03397617268104,356.52900764295202,-34.7567719232838,-71.962003907697905,-37.205231984413999,1.9545495714458601,2,shell0-shell0,0
shell0-shell0,1,793,793,0,-1,2,2,2,323.47745995816098,630.85739748976198,307.379937531601,-84.784280494851899,-171.13858259061701,-86.354302095764993,1.9502360305764701,2,shell0-shell0,0
shell0-shell0,1,794,794,0,-1,2,2,2,345.53719306268601,671.22003646796998,325.68284340528402,-62.724547390326698,-130.77594361240901,-68.051396222082104,1.94254062932727,2,shell0-shell0,0
shell0-shell0,1,795,795,0,-1,2,3,3,376.57303385173998,731.15043911305702,354.57740526131698,-31.688706601272699,-70.845540967321099,-39.1568343660484,1.94159000615248,2,shell0-shell0,0
shell0-shell0,1,796,796,0,-1,2,2,2,353.02807718027799,689.77994765608196,336.75187047580403,-55.233663272734901,-112.216032424296,-56.9823691515614,1.9538954328095499,2,shell0-shell0,0
shell0-shell0,1,797,797,0,-1,2,2,2,328.46773910185902,640.43733411293204,311.96959501107301,-79.794001351154193,-161.55864596744701,-81.764644616292699,1.9497724064594699,2,shell0-shell0,0
shell0-shell0,1,798,798,0,-1,2,2,2,368.772440269507,714.25662702899399,345.48418675948699,-39.489300183505499,-87.739353051384299,-48.2500528678788,1.9368492572465501,2,shell0-shell0,0
shell0-shell0,1,800,800,0,-1,2,3,3,367.366829414096,713.20590861910603,345.83907920501002,-40.894911038916703,-88.790071461272603,-47.8951604223559,1.9413998529932099,2,shell0-shell0,0
shell0-shell0,1,801,801,0,2,2,2,2,316.73400446808398,635.14685999942901,318.41285553134497,-91.527735984929194,-166.84912008095,-75.321384096020296,2.0053005078064801,2,shell0-shell0,0
shell0-shell0,1,803,803,0,-1,2,2,2,353.69895683682,684.41508563940602,330.71612880258601,-54.562783616192597,-117.580894440973,-63.018110824780102,1.93502149896123,2,shell0-shell0,0
shell0-shell0,1,809,809,0,-1,2,3,3,340.43206004931398,662.61247859028504,322.180418540971,-67.829680403698603,-139.38350149009401,-71.553821086395104,1.94638683117654,2,shell0-shell0,0
shell0-shell0,1,810,810,0,-1,2,2,2,376.81023313365603,737.16614524007696,360.35591210642002,-31.451507319356399,-64.829834840301899,-33.378327520945497,1.9563326056981101,2,shell0-shell0,0
shell0-shell0,1,811,811,0,-1,2,2,2,338.388948016482,656.12957058706297,317.74062257058102,-69.872792436531199,-145.86640949331601,-75.993617056784402,1.9389804969490501,2,shell0-shell0,0
shell0-shell0,1,812,812,0,-1,2,2,2,353.88367990835502,690.49513667490498,336.61145676655002,-54.378060544658098,-111.500843405474,-57.122782860815498,1.95119237161127,2,shell0-shell0,0
shell0-shell0,1,814,814,0,-1,2,2,2,336.30021825366498,652.30965383465002,316.00943558098498,-71.961522199348096,-149.68632624572899,-77.724804046380399,1.93966467587192,2,shell0-shell0,0
shell0-shell0,1,815,815,0,-1,2,2,2,345.08220715137702,672.05128266675104,326.96907551537402,-63.179533301635999,-129.94469741362801,-66.765164111991893,1.94751067641092,2,shell0-shell0,0
shell0-shell0,1,816,816,0,-1,2,2,2,350.11711516067299,680.539114800172,330.42199963949901,-58.144625292339498,-121.456865280206,-63.312239987866903,1.9437470644297501,2,shell0-shell0,0
shell0-shell0,1,817,817,0,2,2,2,2,360.37568810204198,713.74729258089496,353.37160447885299,-47.886052350971198,-88.248687499483594,-40.362635148512403,1.98056449462483,2,shell0-shell0,0
shell0-shell0,1,818,818,0,-1,2,3,3,359.64289332396902,696.60264423477099,336.95975091080197,-48.6188471290438,-105.393335845607,-56.774488716563603,1.9369287066859,2,shell0-shell0,0
shell0-shell0,1,819,819,0,-1,2,2,2,352.53181618727803,683.76053128415595,331.228715096879,-55.729924265735001,-118.235448796222,-62.5055245304872,1.93957112489648,2,shell0-shell0,0
shell0-shell0,1,821,821,0,-1,2,2,2,358.58276162955502,694.36265652489601,335.77989489534099,-49.678978823457904,-107.633323555483,-57.9543447320249,1.93640835763943,2,shell0-shell0,0
shell0-shell0,1,822,822,0,-1,2,3,3,384.31170377210498,748.28737488905597,363.97567111695099,-23.950036680907399,-53.708605191322199,-29.7585685104149,1.9470845346224099,2,shell0-shell0,0
shell0-shell0,1,823,823,0,2,2,2,2,363.91793042297002,729.01197807279902,365.09404764982901,-44.343810030042597,-72.984002007579207,-28.640191977536599,2.00323181994768,2,shell0-shell0,0
shell0-shell0,1,824,824,0,2,2,2,2,342.84739128390601,673.02623473192295,330.17884344801701,-65.4143491691066,-128.96974534845501,-63.555396179348897,1.96304901784888,2,shell0-shell0,0
shell0-shell0,1,826,826,0,-1,2,2,2,363.10100434440102,706.66053663660205,343.55953229220103,-45.160736108611303,-95.335443443776299,-50.174707335165003,1.94618171853453,2,shell0-shell0,0
shell0-shell0,1,828,828,0,-1,2,2,2,366.654227723237,713.04959577559703,346.39536805236003,-41.6075127297756,-88.946384304781503,-47.338871575006003,1.94474669009907,2,shell0-shell0,0
shell0-shell0,1,830,830,0,-1,2,2,2,341.674185740349,661.20611089462602,319.531925154276,-66.587554712663504,-140.78986918575299,-74.202314473089402,1.9351948098212499,2,shell0-shell0,0
shell0-shell0,1,832,832,0,-1,2,2,2,362.523274290713,708.11549051898601,345.592216228273,-45.7384661623,-93.880489561392807,-48.1420233990927,1.9532966315181699,2,shell0-shell0,0
shell0-shell0,1,833,833,0,2,2,2,2,346.34433162880202,683.87885007790601,337.53451844910398,-61.917408824210398,-118.117130002472,-56.199721178261903,1.9745634261191201,2,shell0-shell0,0
shell0-shell0,1,835,835,0,-1,2,2,2,360.86069895462401,701.29502241015302,340.43432345552901,-47.4010414983887,-100.700957670226,-53.299916171837303,1.94339540005806,2,shell0-shell0,0
shell0-shell0,1,838,838,0,-1,2,2,2,380.688983324547,740.26129403709001,359.57231071254398,-27.572757128466002,-61.734686043288299,-34.161928914822298,1.9445303816580399,2,shell0-shell0,0
shell0-shell0,1,841,841,0,-1,2,2,2,333.415572128549,645.78447209458602,312.36889996603702,-74.846168324463406,-156.21150798579299,-81.365339661329202,1.9368755573467999,2,shell0-shell0,0
shell0-shell0,1,842,842,0,-1,2,2,2,376.85959476013898,732.40037189757402,355.54077713743499,-31.402145692873901,-69.595608182804497,-38.193462489930702,1.9434303440349601,2,shell0-shell0,0
shell0-shell0,1,844,844,0,2,2,3,3,353.74462699148398,703.02794335396504,349.283316362481,-54.517113461528801,-98.968036726413601,-44.450923264884899,1.9873883296350101,2,shell0-shell0,0
shell0-shell0,1,848,848,0,-1,2,3,3,375.67240614050701,728.10055402727698,352.42814788676998,-32.5893343125054,-73.895426053101303,-41.306091740595903,1.93812625608429,2,shell0-shell0,0
shell0-shell0,1,851,851,0,-1,2,3,3,364.215968866038,716.05536783742696,351.83939897138902,-44.045771586975,-85.940612242951602,-41.894840655976601,1.96601859623788,2,shell0-shell0,0
shell0-shell0,1,852,852,0,-1,2,2,2,373.95435539722098,723.68299424331303,349.728638846092,-34.307385055792203,-78.312985837065995,-44.005600781273799,1.93521745046827,2,shell0-shell0,0
shell0-shell0,1,854,854,0,-1,2,2,2,352.88318972701097,681.89561336863096,329.01242364161999,-55.378550726002203,-120.10036671174799,-64.721815985745394,1.93235504897851,2,shell0-shell0,0
shell0-shell0,1,857,857,0,-1,2,2,2,371.84865794734702,722.61653056704597,350.76787261969997,-36.413082505666203,-79.379449513332105,-42.966367007665902,1.9433081580984699,2,shell0-shell0,0
shell0-shell0,1,865,865,0,-1,2,2,2,340.19787790294902,662.594576516448,322.39669861349898,-68.063862550063305,-139.40140356392999,-71.337541013867195,1.9476740437089699,2,shell0-shell0,0
shell0-shell0,1,867,867,0,2,2,2,2,294.48535541613097,593.22342023902399,298.73806482289302,-113.776385036882,-208.77255984135499,-94.996174804473,2.0144411575263299,2,shell0-shell0,0
shell0-shell0,1,869,869,0,-1,2,2,2,317.87995046948902,615.43448723488598,297.55453676539702,-90.381789983523603,-186.56149284549301,-96.179702861969105,1.9360594662416599,2,shell0-shell0,0
shell0-shell0,1,873,873,0,2,2,2,2,345.68390769645902,691.02387460737702,345.33996691091801,-62.577832756553804,-110.972105473002,-48.3942727164481,1.9990050425319701,2,shell0-shell0,0
shell0-shell0,1,874,874,0,-1,2,2,2,368.62916343295399,714.82829936566702,346.199135932714,-39.632577020059202,-87.167680714711395,-47.5351036946522,1.93915286763707,2,shell0-shell0,0
shell0-shell0,1,875,875,0,-1,2,2,2,373.67119617523599,724.65242525505096,350.98122907981599,-34.590544277777099,-77.343554825327104,-42.753010547549998,1.9392782549801399,2,shell0-shell0,0
shell0-shell0,1,876,876,0,-1,2,2,2,364.41185915672298,708.09803005239701,343.68617089567402,-43.849881296289297,-93.897950027981096,-50.048068731691799,1.9431256482458901,2,shell0-shell0,0
shell0-shell0,1,878,878,0,-1,2,2,2,364.91501128657097,710.24240674673194,345.32739546016097,-43.346729166441797,-91.753573333646301,-48.406844167204397,1.94632280059582,2,shell0-shell0,0
shell0-shell0,1,881,881,0,-1,2,3,3,389.68632876747398,755.79785216962898,366.111523402155,-18.575411685538601,-46.198127910749797,-27.6227162252112,1.9395031243721499,2,shell0-shell0,0
shell0-shell0,1,882,882,0,-1,2,2,2,360.105048146917,700.401111375352,340.29606322843603,-48.156692306095998,-101.594868705026,-53.438176398930302,1.9449910935144701,2,shell0-shell0,0
shell0-shell0,1,887,887,0,-1,2,2,2,368.46643760821598,715.69669414772102,347.23025653950498,-39.795302844797199,-86.299285932657895,-46.503983087860703,1.94236603689997,2,shell0-shell0,0
shell0-shell0,1,888,888,0,-1,2,2,2,392.667825567124,763.86289287920295,371.195067312079,-15.5939148858886,-38.133087201175201,-22.5391723152865,1.9453157176195099,2,shell0-shell0,0
shell0-shell0,1,893,893,0,-1,2,2,2,348.88820662591701,675.70879033031997,326.82058370440302,-59.3735338270955,-126.287189750058,-66.913655922962903,1.9367487278090301,2,shell0-shell0,0
shell0-shell0,1,897,897,0,-1,2,2,2,368.90633335859502,718.32997786306998,349.42364450447502,-39.3554070944176,-83.666002217308701,-44.310595122891101,1.9471879794614899,2,shell0-shell0,0
shell0-shell0,1,902,902,0,-1,2,2,2,342.30776817374198,663.82046186705395,321.51269369331197,-65.953972279271198,-138.17551821332501,-72.221545934053594,1.9392503576784901,2,shell0-shell0,0
shell0-shell0,1,903,903,0,-1,2,2,2,301.86767273314302,585.79948164064194,283.93180890749898,-106.39406771986999,-216.19649843973701,-109.802430719867,1.9405836880006,2,shell0-shell0,0
shell0-shell0,1,904,904,0,-1,2,2,2,373.50977302473899,725.55056565625398,352.04079263151499,-34.751967428273701,-76.445414424124706,-41.693446995850998,1.9425209674719801,2,shell0-shell0,0
shell0-shell0,1,905,905,0,2,2,2,2,381.85274758819401,750.14532088727901,368.29257329908501,-26.408992864819002,-51.850659193099297,-25.441666328280299,1.96448847265142,2,shell0-shell0,0
shell0-shell0,1,906,906,0,-1,2,2,2,371.34357027978302,727.38278678185304,356.03921650207002,-36.918170173230003,-74.613193298525402,-37.6950231252954,1.95878653892895,2,shell0-shell0,0
shell0-shell0,1,907,907,0,-1,2,2,2,377.010775131949,730.09903967409605,353.08826454214699,-31.2509653210636,-71.896940406282496,-40.6459750852189,1.9365468783181901,2,shell0-shell0,0
shell0-shell0,1,909,909,0,-1,2,3,3,344.80614406597402,665.90135804001795,321.09521397404399,-63.455596387039101,-136.09462204036001,-72.639025653321397,1.9312340267132999,2,shell0-shell0,0
shell0-shell0,1,910,910,0,-1,2,2,2,356.75304229609799,689.02773577611003,332.27469348001199,-51.508698156915003,-112.96824430426901,-61.459546147353599,1.9313857321060499,2,shell0-shell0,0
shell0-shell0,1,912,912,0,2,2,2,2,319.81503665663598,636.76479732467203,316.94976066803599,-88.446703796376596,-165.23118275570599,-76.784478959329704,1.9910408340440999,2,shell0-shell0,0
shell0-shell0,1,914,914,0,2,2,2,2,357.51081098532597,719.64127973876202,362.13046875343503,-50.750929467686298,-82.354700341616805,-31.6037708739305,2.01292172887129,2,shell0-shell0,0
shell0-shell0,1,915,915,0,-1,2,2,2,349.21734390504503,681.21528454854695,331.99794064350198,-59.044396547967303,-120.780695531831,-61.736298983864202,1.95069144313111,2,shell0-shell0,0
shell0-shell0,1,916,916,0,-1,2,2,2,378.968548318545,737.50892514235898,358.54037682381301,-29.293192134467301,-64.487054938019696,-35.193862803552399,1.94609533802905,2,shell0-shell0,0
shell0-shell0,1,919,919,0,-1,2,2,2,340.371209500845,657.88614502718497,317.51493552634003,-67.890530952167794,-144.10983505319399,-76.219304101026196,1.9328489797711601,2,shell0-shell0,0
shell0-shell0,1,920,920,0,-1,2,2,2,307.07064403149298,595.40228623422297,288.33164220273,-101.19109642152,-206.59369384615599,-105.402597424636,1.93897494862178,2,shell0-shell0,0
shell0-shell0,1,922,922,0,-1,2,2,2,373.91303815787302,724.73752790502499,350.82448974715197,-34.348702295139603,-77.258452175353298,-42.909749880213802,1.9382515556973601,2,shell0-shell0,0
shell0-shell0,1,928,928,0,-1,2,2,2,294.303051358804,569.52285874199504,275.21980738319098,-113.95868909420901,-232.47312133838301,-118.514432244174,1.9351578453315199,2,shell0-shell0,0
shell0-shell0,1,930,930,0,2,2,2,2,323.01128938054899,649.57494914804704,326.563659767498,-85.250451072463605,-152.421030932332,-67.170579859868099,2.0109976663470799,2,shell0-shell0,0
shell0-shell0,1,932,932,0,-1,2,2,2,320.09558772754798,622.67218743449405,302.57659970694601,-88.1661527254644,-179.32379264588499,-91.157639920420294,1.9452695110701901,2,shell0-shell0,0
shell0-shell0,1,937,937,0,-1,2,2,2,285.82647808853699,557.77664615990295,271.95016807136602,-122.435262364476,-244.219333920476,-121.784071556,1.95145197845221,2,shell0-shell0,0
shell0-shell0,1,938,938,0,-1,2,2,2,289.81572874493497,566.410005422631,276.59427667769501,-118.44601170807699,-235.58597465774801,-117.139962949671,1.9543797980720501,2,shell0-shell0,0
shell0-shell0,1,939,939,0,-1,2,2,2,305.12715287811102,600.60672940180302,295.47957652369303,-103.134587574902,-201.389250678575,-98.254663103672996,1.96838178358295,2,shell0-shell0,0
shell0-shell0,1,940,940,0,-1,2,2,2,302.78128658393598,585.70972416381801,282.92843757988197,-105.480453869077,-216.286255916561,-110.80580204748399,1.93443171727011,2,shell0-shell0,0
shell0-shell0,1,943,943,0,-1,2,3,3,326.29573563734499,631.06198854001502,304.76625290266998,-81.9660048156682,-170.93399154036399,-88.967986724695507,1.93401849799654,2,shell0-shell0,0
shell0-shell0,1,945,945,0,-1,2,2,2,383.87886026324998,747.13368776279106,363.25482749954102,-24.382880189762801,-54.862292317587297,-30.479412127824499,1.9462746327068801,2,shell0-shell0,0
shell0-shell0,1,946,946,0,-1,2,2,2,314.69507518074499,609.42048278301195,294.72540760226701,-93.566665272268096,-192.57549729736701,-99.008832025098499,1.9365428023714499,2,shell0-shell0,0
shell0-shell0,1,948,948,0,-1,2,2,2,352.105374712784,682.04050925297895,329.93513454019501,-56.1563657402288,-119.95547082740001,-63.799105087171199,1.9370352122836101,2,shell0-shell0,0
shell0-shell0,1,953,953,0,-1,2,2,2,345.020468439105,673.02470792527595,328.00423948616998,-63.241272013907597,-128.97127215510301,-65.730000141195305,1.9506805233036799,2,shell0-shell0,0
shell0-shell0,1,954,954,0,-1,2,2,2,356.808251602474,691.70057451149603,334.892322909021,-51.453488850538299,-110.295405568883,-58.8419167183444,1.9385778535249001,2,shell0-shell0,0
shell0-shell0,1,955,955,0,2,2,2,2,334.26705727420801,684.38041509055802,350.11335781635,-73.994683178805104,-117.615564989821,-43.6208818110156,2.0474061089697599,2,shell0-shell0,0
shell0-shell0,1,957,957,0,-1,2,2,2,385.69565270007701,746.59872451668002,360.90307181660302,-22.566087752935399,-55.397255563698302,-32.831167810762899,1.93571983321587,2,shell0-shell0,0
shell0-shell0,1,958,958,0,-1,2,2,2,317.97898365672398,617.76594243071804,299.786958773994,-90.282756796289206,-184.230037649661,-93.947280853371595,1.94278859353054,2,shell0-shell0,0
shell0-shell0,1,959,959,0,-1,2,2,2,335.06157107111,654.06374584726302,319.00217477615303,-73.200169381902597,-147.932234233115,-74.732064851212797,1.95207031279768,2,shell0-shell0,0
shell0-shell0,1,960,960,0,-1,2,2,2,367.134058782247,710.93653252083095,343.80247373858401,-41.127681670765803,-91.059447559547195,-49.931765888781399,1.9364494127266401,2,shell0-shell0,0
shell0-shell0,1,961,961,0,-1,2,2,2,338.19980950694497,653.59340904682006,315.39359953987503,-70.061930946067804,-148.40257103355901,-78.340640087490996,1.9325658698616099,2,shell0-shell0,0
shell0-shell0,1,963,963,0,-1,2,2,2,343.72384350072201,666.57696264716196,322.85311914644001,-64.537896952290893,-135.41901743321699,-70.881120480925802,1.9392805452722699,2,shell0-shell0,0
shell0-shell0,1,965,965,0,-1,2,2,2,374.74168856456203,728.88646861566099,354.14478005109902,-33.520051888450702,-73.1095114647175,-39.589459576266798,1.94503705047506,2,shell0-shell0,0
shell0-shell0,1,966,966,0,-1,2,3,3,421.73764751803998,817.19751491885097,395.45986740081099,13.4759070650276,15.201534838472901,1.7256277734452401,1.9376916424894099,2,shell0-shell0,0
shell0-shell0,1,969,969,0,2,2,2,2,341.71262949591397,680.52816788796304,338.81553839204901,-66.549110957098705,-121.467812192415,-54.918701235316298,1.9915218494905,2,shell0-shell0,0
shell0-shell0,1,970,970,0,-1,2,2,2,345.567521287891,676.33476010610502,330.76723881821403,-62.694219165121801,-125.661219974273,-62.967000809151301,1.9571710836292799,2,shell0-shell0,0
shell0-shell0,1,972,972,0,-1,2,3,3,357.75250776781598,697.10793882016003,339.35543105234399,-50.509232685196302,-104.888041260218,-54.3788085750219,1.94857596713924,2,shell0-shell0,0
shell0-shell0,1,974,974,0,-1,2,2,2,325.54394106515201,630.23805533152404,304.69411426637203,-82.717799387860893,-171.757924748855,-89.040125360993599,1.9359538785131101,2,shell0-shell0,0
shell0-shell0,1,975,975,0,-1,2,3,3,383.51326003810902,747.76269270405101,364.24943266594198,-24.748480414904201,-54.233287376327603,-29.484806961423399,1.94977011389319,2,shell0-shell0,0
shell0-shell0,1,977,977,0,-1,2,2,2,381.48463573591198,741.42256396566302,359.93792822975098,-26.777104717100698,-60.573416114715798,-33.796311397615099,1.94351880655797,2,shell0-shell0,0
shell0-shell0,1,979,979,0,2,2,2,2,317.19196821069499,633.75560457007805,316.563636359383,-91.069772242317597,-168.24037551030099,-77.170603267982898,1.99801908019659,2,shell0-shell0,0
shell0-shell0,1,981,981,0,-1,2,2,2,316.83738059163699,613.17680355935499,296.33942296771698,-91.424359861375294,-188.81917652102399,-97.394816659648399,1.93530448463611,2,shell0-shell0,0
shell0-shell0,1,983,983,0,2,2,2,2,335.51474831799197,662.58856165298801,327.07381333499598,-72.746992135020506,-139.40741842739001,-66.660426292369806,1.9748418362372699,2,shell0-shell0,0
shell0-shell0,1,987,987,0,-1,2,3,3,335.97256618348399,650.67561215010301,314.70304596661902,-72.289174269529198,-151.32036793027601,-79.031193660746496,1.9366926875653001,2,shell0-shell0,0
shell0-shell0,1,988,988,0,-1,2,2,2,339.243128025354,655.69927242759104,316.45614440223699,-69.018612427658994,-146.296707652788,-77.278095225128595,1.9328299330460901,2,shell0-shell0,0
shell0-shell0,1,989,989,0,2,2,2,2,369.23299442778301,728.60507259905899,359.37207817127597,-39.0287460252298,-73.390907481319601,-34.362161456089801,1.9732935127539499,2,shell0-shell0,0
shell0-shell0,1,992,992,0,-1,2,2,2,343.54256183235799,665.40217602715597,321.85961419479702,-64.719178620654404,-136.59380405322301,-71.874625432568493,1.9368842465343701,2,shell0-shell0,0
shell0-shell0,1,993,993,0,2,2,2,2,294.48535541613097,593.22342023902399,298.73806482289302,-113.776385036882,-208.77255984135499,-94.996174804473199,2.0144411575263299,2,shell0-shell0,0
shell0-shell0,1,994,994,0,2,2,2,2,249.95399744402599,514.31921284770601,264.36521540368,-158.30774300898599,-287.67676723267198,-129.36902422368601,2.0576554810365901,2,shell0-shell0,0
shell0-shell0,1,995,995,0,2,2,2,2,287.375789511856,585.33686129605303,297.96107178419697,-120.88595094115701,-216.65911878432499,-95.773167843168594,2.0368342868768501,2,shell0-shell0,0
shell0-shell0,1,996,996,0,-1,2,2,2,304.66873109624203,590.18626578215503,285.51753468591301,-103.59300935677101,-211.80971429822301,-108.21670494145199,1.9371409191175599,2,shell0-shell0,0
shell0-shell0,2,13,1013,0,-1,2,10,10,477.69043145902702,930.51476257593902,452.82433111691103,69.428691006014603,128.51878249556,59.0900914895455,1.9479451571467199,2,shell0-shell0,0
shell0-shell0,2,17,1017,0,2,2,14,14,476.47564159246002,940.29689715490599,463.82125556244699,68.213901139446804,138.300917074528,70.087015935081098,1.97344169370816,2,shell0-shell0,0
shell0-shell0,2,25,1025,0,2,2,6,6,443.78443460993498,873.20665244394104,429.42221783400601,35.522694156922498,71.210672363562495,35.687978206639997,1.96763695241237,2,shell0-shell0,0
shell0-shell0,2,35,1035,0,-1,2,9,9,419.24038932088803,817.76399335720703,398.523604036319,10.9786488678753,15.7680132768287,4.7893644089534204,1.9505849488449201,2,shell0-shell0,0
shell0-shell0,2,39,1039,0,2,2,14,14,440.18283894917101,862.37191868777404,422.18907973860399,31.9210984961578,60.375938607395803,28.454840111237999,1.9591220792397901,2,shell0-shell0,0
shell0-shell0,2,40,1040,0,-1,2,5,5,407.32882841346401,796.03663270816105,388.70780429469698,-0.932912039548626,-5.9593473722177404,-5.0264353326691102,1.95428503258339,2,shell0-shell0,0
shell0-shell0,2,43,1043,0,2,2,8,8,452.62558953493999,891.12148122757401,438.49589169263402,44.363849081927398,89.125501147195607,44.761652065268201,1.9687828126182101,2,shell0-shell0,0
shell0-shell0,2,44,1044,0,2,2,5,5,424.41415270948897,840.60367928079802,416.18952657130899,16.152412256476602,38.607699200419503,22.455286943942902,1.98062122555133,2,shell0-shell0,0
shell0-shell0,2,48,1048,0,-1,2,13,13,460.717013495358,895.83467098765902,435.11765749230102,52.455273042345603,93.838690907280906,41.383417864935303,1.9444358353323199,2,shell0-shell0,0
shell0-shell0,2,52,1052,0,2,2,6,6,439.64175493079199,872.84812786668101,433.20637293588902,31.380014477779199,70.852147786302595,39.472133308523297,1.9853622138417799,2,shell0-shell0,0
shell0-shell0,2,54,1054,0,2,2,12,12,431.417051461163,842.37779559422199,410.96074413305899,23.155311008150001,40.381815513843101,17.2265045056931,1.95258345200121,2,shell0-shell0,0
shell0-shell0,2,58,1058,0,-1,2,13,13,456.79586795895699,885.04709422306803,428.25122626411098,48.534127505943999,83.051114142689499,34.5169866367455,1.93751116483959,2,shell0-shell0,0
shell0-shell0,2,59,1059,0,-1,2,9,9,428.45126924629801,833.48469673115198,405.033427484855,20.189528793284801,31.4887166507737,11.2991878574888,1.94534304495669,2,shell0-shell0,0
shell0-shell0,2,61,1061,0,-1,2,14,14,495.74187173072698,967.34909646000904,471.60722472928097,87.480131277714605,165.35311637962999,77.872985101915603,1.9513161014275699,2,shell0-shell0,0
shell0-shell0,2,62,1062,0,-1,2,9,9,443.02369427772999,865.53188898931705,422.50819471158701,34.761953824717402,63.535908908938602,28.773955084221299,1.95369209405472,2,shell0-shell0,0
shell0-shell0,2,63,1063,0,2,2,12,12,482.47894017808602,944.69236916247098,462.21342898438502,74.2171997250733,142.696389082092,68.479189357019095,1.95799710721836,2,shell0-shell0,0
shell0-shell0,2,65,1065,0,2,2,3,3,442.98776767894401,868.26362249405304,425.27585481510999,34.726027225930999,66.267642413674807,31.541615187743801,1.9600171513614599,2,shell0-shell0,0
shell0-shell0,2,67,1067,0,-1,2,11,11,450.28535161569903,876.61961727817902,426.33426566247999,42.023611162685803,74.623637197800093,32.600026035114297,1.9468090936840901,2,shell0-shell0,0
shell0-shell0,2,68,1068,0,-1,2,4,4,415.52722033091601,804.90837755482596,389.38115722391001,7.2654798779033198,2.9123974744472898,-4.35308240345603,1.9370773758547399,2,shell0-shell0,0
shell0-shell0,2,69,1069,0,-1,2,7,7,426.15112863884798,827.90907796214196,401.75794932329399,17.889388185835099,25.913097881763001,8.0237096959278897,1.9427593225120201,2,shell0-shell0,0
shell0-shell0,2,70,1070,0,-1,2,8,8,456.94787634314099,888.86549395808004,431.91761761493899,48.686135890128099,86.869513877700996,38.183377987572896,1.94522294549542,2,shell0-shell0,0
shell0-shell0,2,75,1075,0,2,2,10,10,428.46021206769598,836.82545622517296,408.36524415747698,20.198471614683299,34.829476144794398,14.631004530111101,1.95309957063868,2,shell0-shell0,0
shell0-shell0,2,78,1078,0,-1,2,2,2,377.72933212602402,736.61798295083304,358.88865082480999,-30.5324083269889,-65.377997129545193,-34.8455888025563,1.9501212119398501,2,shell0-shell0,0
shell0-shell0,2,81,1081,0,2,2,5,5,412.26833277439101,805.22144756085197,392.95311478645999,4.0065923213785499,3.22546748047318,-0.78112484090536305,1.95314891673113,2,shell0-shell0,0
shell0-shell0,2,83,1083,0,2,2,6,6,432.30867440862397,845.49927604295101,413.19060163432698,24.0469339556108,43.503295962572501,19.456362006961701,1.9557768004529399,2,shell0-shell0,0
shell0-shell0,2,86,1086,0,2,2,15,15,462.99078765253603,904.78495933997601,441.79417168743902,54.729047199523599,102.788979259597,48.0599320600734,1.95421806107079,2,shell0-shell0,0
shell0-shell0,2,92,1092,0,2,2,12,12,451.50682865391599,894.53996708539,443.03313843147401,43.245088200902998,92.543987005011203,49.298898804108198,1.9812324206752201,2,shell0-shell0,0
shell0-shell0,2,94,1094,0,-1,2,4,4,427.40006592842298,828.78425875889002,401.38419283046699,19.1383254754105,26.788278678511599,7.6499532031010604,1.9391299272697999,2,shell0-shell0,0
shell0-shell0,2,95,1095,0,-1,2,7,7,447.70792081321298,868.22457903296197,420.51665821974899,39.446180360200103,66.228598952582999,26.7824185923828,1.9392656208894501,2,shell0-shell0,0
shell0-shell0,2,96,1096,0,-1,2,3,3,399.57535069672002,776.90376499715398,377.32841430043402,-8.6863897562930106,-25.0922150832243,-16.4058253269313,1.9443235515967301,2,shell0-shell0,0
shell0-shell0,2,99,1099,0,-1,2,5,5,434.04459713040302,852.38962089966299,418.34502376926099,25.782856677389798,50.393640819284897,24.610784141895099,1.96382958464421,2,shell0-shell0,0
shell0-shell0,2,100,1100,0,2,2,14,14,427.88775333500399,836.10168927852999,408.213935943526,19.626012881991201,34.105709198151402,14.479696316160201,1.9540210785699299,2,shell0-shell0,0
shell0-shell0,2,102,1102,0,2,2,5,5,427.57856556826499,851.72678072662802,424.14821515836297,19.3168251152523,49.730800646249001,30.413975530996701,1.9919772629263,2,shell0-shell0,0
shell0-shell0,2,106,1106,0,-1,2,2,2,395.96715399653198,768.41445063080005,372.44729663426801,-12.294586456480801,-33.581529449578497,-21.2869429930977,1.9406014940257701,2,shell0-shell0,0
shell0-shell0,2,108,1108,0,-1,2,4,4,402.38683972186101,782.56619340918303,380.17935368732202,-5.8749007311516799,-19.429786671195199,-13.5548859400435,1.9448106055111301,2,shell0-shell0,0
shell0-shell0,2,110,1110,0,-1,2,5,5,439.636588833801,853.197263648025,413.56067481422298,31.374848380788698,51.2012835676462,19.826435186857498,1.9406875708667699,2,shell0-shell0,0
shell0-shell0,2,112,1112,0,2,2,4,4,394.31831138400702,799.53155289685697,405.21324151285103,-13.943429069005999,-2.4644271835212499,11.4790018854848,2.0276297849080498,2,shell0-shell0,0
shell0-shell0,2,114,1114,0,-1,2,5,5,467.42199203295399,908.26378882450899,440.841796791555,59.160251579941502,106.267808744131,47.107557164189402,1.9431344787056499,2,shell0-shell0,0
shell0-shell0,2,115,1115,0,-1,2,4,4,391.81224790536601,760.76335404120505,368.95110613583898,-16.4494925476472,-41.232626039174001,-24.783133491526801,1.9416528148577701,2,shell0-shell0,0
shell0-shell0,2,117,1117,0,-1,2,6,6,407.26932726659402,787.94792915676499,380.67860189017,-0.99241318641850296,-14.048050923613999,-13.0556377371955,1.93470972745508,2,shell0-shell0,0
shell0-shell0,2,118,1118,0,2,2,7,7,418.09450183053502,817.94110378269795,399.84660195216202,9.8327613775225,15.945123702319099,6.1123623247965497,1.9563546045248701,2,shell0-shell0,0
shell0-shell0,2,120,1120,0,-1,2,5,5,393.10822631574001,766.65317897008902,373.544952654349,-15.1535141372723,-35.3428011102894,-20.189286973017101,1.95023438241234,2,shell0-shell0,0
shell0-shell0,2,122,1122,0,-1,2,9,9,394.52991132342203,773.71209774676095,379.18218642333898,-13.7318291295904,-28.2838823336172,-14.5520532040268,1.9610987039015599,2,shell0-shell0,0
shell0-shell0,2,123,1123,0,2,2,8,8,428.48060090322599,832.39884951591296,403.91824861268702,20.218860450213,30.402869435533901,10.184008985320901,1.9426756958453599,2,shell0-shell0,0
shell0-shell0,2,124,1124,0,-1,2,9,9,408.25171086842403,790.57724260776297,382.325531739339,-0.010029584589005901,-11.4187374726156,-11.4087078880266,1.93649462221742,2,shell0-shell0,0
shell0-shell0,2,126,1126,0,-1,2,3,3,373.77660908232502,724.77347966769401,350.99687058536898,-34.485131370687803,-77.222500412684695,-42.7373690419968,1.9390552058544199,2,shell0-shell0,0
shell0-shell0,2,128,1128,0,-1,2,6,6,424.00727818000598,821.41564524339105,397.40836706338501,15.745537726993501,19.4196651630125,3.6741274360190301,1.9372677958954101,2,shell0-shell0,0
shell0-shell0,2,129,1129,0,-1,2,6,6,447.93293303098699,876.93461798162002,429.00168495063298,39.671192577973798,74.938637901241506,35.267445323267602,1.95773642283399,2,shell0-shell0,0
shell0-shell0,2,130,1130,0,-1,2,7,7,412.56398752146401,799.363980364025,386.79999284256002,4.3022470684514902,-2.6319997163540201,-6.9342467848055103,1.93755151816889,2,shell0-shell0,0
shell0-shell0,2,133,1133,0,2,2,3,3,364.51569221303998,725.59539294756303,361.07970073452401,-43.746048239973199,-76.400587132815403,-32.654538892842197,1.9905738173913601,2,shell0-shell0,0
shell0-shell0,2,134,1134,0,-1,2,5,5,445.14035703405699,863.58154154557599,418.441184511519,36.878616581044298,61.585561465197102,24.706944884152801,1.9400207774904199,2,shell0-shell0,0
shell0-shell0,2,136,1136,0,2,2,5,5,391.99858078527302,780.26703142667998,388.26845064140701,-16.263159667739401,-21.7289486536982,-5.4657889859588504,1.9904843274269199,2,shell0-shell0,0
shell0-shell0,2,138,1138,0,-1,2,11,11,438.88824164908402,852.93125369563802,414.04301204655297,30.6265011960717,50.935273615259199,20.308772419187601,1.9433905326121801,2,shell0-shell0,0
shell0-shell0,2,141,1141,0,-1,2,3,3,393.21944253522202,767.97116000979099,374.75171747456898,-15.0422979177903,-34.024820070587303,-18.982522152796999,1.95303455764652,2,shell0-shell0,0
shell0-shell0,2,142,1142,0,2,2,2,2,374.14456531719998,753.09775854510804,378.953193227908,-34.117175135812403,-48.898221535270601,-14.7810463994582,2.0128523259629101,2,shell0-shell0,0
shell0-shell0,2,144,1144,0,-1,2,10,10,443.00501587572302,866.25861668459697,423.25360080887401,34.743275422710198,64.262636604218599,29.519361181508401,1.9554149177570701,2,shell0-shell0,0
shell0-shell0,2,145,1145,0,-1,2,7,7,412.77370351469602,803.90014442455197,391.126440909856,4.5119630616831001,1.90416434417364,-2.6077987175094699,1.9475565850718799,2,shell0-shell0,0
shell0-shell0,2,146,1146,0,-1,2,6,6,478.72111709357102,930.37216693826201,451.65104984469002,70.459376640558602,128.376186857883,57.916810217324603,1.94345336714363,2,shell0-shell0,0
shell0-shell0,2,149,1149,0,2,2,7,7,406.61845473987199,794.085639546077,387.46718480620399,-1.64328571314059,-7.9103405343020103,-6.2670548211614197,1.9529011295222201,2,shell0-shell0,0
shell0-shell0,2,150,1150,0,2,2,4,4,424.46360452046599,829.85335806780199,405.38975354733702,16.201864067452799,27.8573779874237,11.655513919970801,1.9550636361516101,2,shell0-shell0,0
shell0-shell0,2,155,1155,0,2,2,3,3,381.677330126725,752.96969308502605,371.292362958301,-26.584410326287799,-49.026286995352599,-22.4418766690649,1.9727912392256099,2,shell0-shell0,0
shell0-shell0,2,156,1156,0,2,2,8,8,403.44387705391301,786.27765934960701,382.83378229569399,-4.8178633990994504,-15.718320730771399,-10.900457331671999,1.94891459275892,2,shell0-shell0,0
shell0-shell0,2,157,1157,0,2,2,5,5,410.78905656533698,804.86855536784299,394.07949880250499,2.5273161123246299,2.87257528746431,0.34525917513968801,1.9593232645909699,2,shell0-shell0,0
shell0-shell0,2,158,1158,0,2,2,5,5,421.40540503592001,834.22106477631905,412.81565974039898,13.1436645829071,32.225084695940197,19.081420113033001,1.9796164330289301,2,shell0-shell0,0
shell0-shell0,2,162,1162,0,2,2,2,2,360.40347629420302,717.52266446405497,357.11918816985298,-47.858264158810101,-84.473315616323106,-36.615051457512998,1.99088719077263,2,shell0-shell0,0
shell0-shell0,2,163,1163,0,-1,2,5,5,390.28064869290603,766.42344677288804,376.14279807998201,-17.9810917601067,-35.5725333074909,-17.5914415473841,1.96377516881692,2,shell0-shell0,0
shell0-shell0,2,166,1166,0,2,2,6,6,422.4759109181,842.09402444749503,419.61811352939498,14.2141704650872,40.098044367116898,25.883873902029698,1.9932355968355799,2,shell0-shell0,0
shell0-shell0,2,168,1168,0,-1,2,4,4,417.544837335507,810.75435037387604,393.20951303836898,9.2830968824939593,8.7583702934970198,-0.52472658899694102,1.9417180572691799,2,shell0-shell0,0
shell0-shell0,2,169,1169,0,-1,2,3,3,384.203112342922,745.52434201989104,361.32122967696898,-24.058628110091099,-56.471638060487997,-32.413009950396898,1.94044326573406,2,shell0-shell0,0
shell0-shell0,2,170,1170,0,-1,2,5,5,396.83299676234998,770.3620577273,373.52906096495002,-11.4287436906632,-31.633922353078901,-20.205178662415701,1.94127520647847,2,shell0-shell0,0
shell0-shell0,2,175,1175,0,-1,2,6,6,417.84085429029,811.31215616451198,393.47130187422198,9.5791138372772995,9.3161760841332999,-0.26293775314400097,1.9416774301367401,2,shell0-shell0,0
shell0-shell0,2,178,1178,0,-1,2,6,6,428.40523463487,836.68175479004799,408.27652015517799,20.143494181856799,34.685774709669303,14.542280527812499,1.9530147793435599,2,shell0-shell0,0
shell0-shell0,2,179,1179,0,2,2,8,8,439.81562707447301,870.43205042203499,430.616423347563,31.553886621459899,68.436070341656801,36.882183720196899,1.9790839543649199,2,shell0-shell0,0
shell0-shell0,2,181,1181,0,2,2,4,4,403.681373942623,788.70804485250505,385.026670909882,-4.5803665103899203,-13.2879352278733,-8.7075687174833494,1.9537885465198801,2,shell0-shell0,0
shell0-shell0,2,182,1182,0,-1,2,2,2,382.56419128210302,739.90878337048105,357.344592088377,-25.697549170909401,-62.087196709897903,-36.389647538988498,1.9340774704783401,2,shell0-shell0,0
shell0-shell0,2,183,1183,0,-1,2,7,7,411.54831601337202,798.24554818898901,386.69723217561699,3.2865755603589801,-3.7504318913896699,-7.0370074517486501,1.9396156347364399,2,shell0-shell0,0
shell0-shell0,2,184,1184,0,2,2,5,5,421.52900940088898,831.06300518279204,409.533995781903,13.2672689478765,29.067025102413702,15.799756154537199,1.97154403765465,2,shell0-shell0,0
shell0-shell0,2,189,1189,0,-1,2,2,2,375.03282729860001,725.83970550687502,350.80687820827501,-33.228913154412901,-76.156274573503893,-42.927361419091,1.93540312386831,2,shell0-shell0,0
shell0-shell0,2,190,1190,0,-1,2,6,6,423.09626244988698,827.08145611212103,403.985193662234,14.8345219968742,25.0854760317422,10.2509540348681,1.95483044762203,2,shell0-shell0,0
shell0-shell0,2,191,1191,0,-1,2,8,8,419.99237079102699,814.68069607592201,394.68832528489497,11.7306303380147,12.6847159955437,0.95408565752899199,1.93975117819766,2,shell0-shell0,0
shell0-shell0,2,192,1192,0,-1,2,2,2,380.25815648398401,743.03281130156199,362.77465481757798,-28.003583969028998,-58.963168778816701,-30.9595848097877,1.9540220206502199,2,shell0-shell0,0
shell0-shell0,2,193,1193,0,-1,2,4,4,389.55952566396701,755.00106241913295,365.441536755166,-18.702214789046099,-46.994917661245601,-28.292702872199499,1.9380890792807799,2,shell0-shell0,0
shell0-shell0,2,194,1194,0,-1,2,7,7,431.63314607524001,836.80265334195497,405.16950726671502,23.371405622227101,34.806673261576698,11.4352676393497,1.93868951203319,2,shell0-shell0,0
shell0-shell0,2,195,1195,0,-1,2,7,7,417.77202760906198,814.58237826928405,396.81035066022298,9.5102871560488893,12.5863981889056,3.0761110328567201,1.94982508266816,2,shell0-shell0,0
shell0-shell0,2,197,1197,0,2,2,8,8,409.827333900209,795.99134349938902,386.164009599179,1.5655934471966999,-6.0046365809896498,-7.5702300281863604,1.9422602585439299,2,shell0-shell0,0
shell0-shell0,2,198,1198,0,-1,2,3,3,412.70864650695597,802.65926338473901,389.95061687778298,4.4469060539429996,0.66328330436044802,-3.7836227495825501,1.94485691099087,2,shell0-shell0,0
shell0-shell0,2,202,1202,0,-1,2,5,5,430.61771656277602,843.192612799946,412.57489623716998,22.355976109763699,41.196632719567802,18.8406566098041,1.95810014397544,2,shell0-shell0,0
shell0-shell0,2,205,1205,0,2,2,3,3,394.92488043274199,792.26270097666395,397.33782054392202,-13.336860020271001,-9.7332791037143807,3.6035809165566701,2.0061098710938099,2,shell0-shell0,0
shell0-shell0,2,206,1206,0,-1,2,5,5,407.64674870799303,798.31504960086897,390.668300892876,-0.61499174501926701,-3.6809304795092399,-3.06593873448998,1.9583500963299001,2,shell0-shell0,0
shell0-shell0,2,211,1211,0,-1,2,5,5,430.70436264936501,840.49486108469296,409.79049843532698,22.442622196352499,38.498881004313901,16.056258807961498,1.95144264598252,2,shell0-shell0,0
shell0-shell0,2,212,1212,0,2,2,6,6,385.57253888847401,765.48420007509606,379.91166118662301,-22.6892015645392,-36.511780005282198,-13.822578440742999,1.98531825498214,2,shell0-shell0,0
shell0-shell0,2,216,1216,0,2,2,5,5,423.59654703974599,832.25550406757804,408.658957027832,15.334806586733301,30.259523987199898,14.9247174004666,1.9647362800374499,2,shell0-shell0,0
shell0-shell0,2,217,1217,0,-1,2,7,7,416.71632508707302,810.18533973321905,393.469014646147,8.45458463405987,8.1893596528407198,-0.265224981219149,1.94421310363574,2,shell0-shell0,0
shell0-shell0,2,218,1218,0,-1,2,4,4,406.02168379638698,788.92199553537796,382.90031173899098,-2.2400566566258799,-13.0739845450004,-10.8339278883745,1.9430538491412399,2,shell0-shell0,0
shell0-shell0,2,219,1219,0,-1,2,4,4,389.53458149213702,753.45634678591398,363.92176529377701,-18.727158960875801,-48.539633294464998,-29.812474333589201,1.93424764471424,2,shell0-shell0,0
shell0-shell0,2,220,1220,0,-1,2,3,3,440.373470760808,853.23489534343798,412.86142458262998,32.111730307795099,51.238915263058999,19.1271849552638,1.9375256503743301,2,shell0-shell0,0
shell0-shell0,2,225,1225,0,-1,2,3,3,386.66905528498899,753.17563168145705,366.50657639646897,-21.592685168024001,-48.820348398921197,-27.2276632308972,1.9478559801645901,2,shell0-shell0,0
shell0-shell0,2,226,1226,0,-1,2,11,11,411.87100888197301,798.16366040047001,386.292651518497,3.6092684289605499,-3.8323196799084398,-7.4415881088689799,1.9378971648601599,2,shell0-shell0,0
shell0-shell0,2,227,1227,0,-1,2,3,3,366.90027901411298,720.75204364146805,353.85176462735598,-41.3614614389002,-81.243936438910296,-39.882475000010103,1.9644358014068,2,shell0-shell0,0
shell0-shell0,2,232,1232,0,-1,2,3,3,398.83478647499902,773.83646316674401,375.00167669174499,-9.4269539780138398,-28.159516913634199,-18.7325629356204,1.9402431518226,2,shell0-shell0,0
shell0-shell0,2,233,1233,0,-1,2,3,3,378.60807587366997,735.57054547179405,356.96246959812402,-29.653664579343101,-66.425434608584695,-36.771770029241601,1.94282846126408,2,shell0-shell0,0
shell0-shell0,2,236,1236,0,-1,2,7,7,414.98204841158099,808.35543658087499,393.37338816929298,6.7203079585685801,6.3594565004962096,-0.36085145807237501,1.94792868673477,2,shell0-shell0,0
shell0-shell0,2,237,1237,0,-1,2,3,3,422.01119771017301,820.14759013227194,398.13639242209899,13.7494572571605,18.151610051893599,4.4021527947330696,1.94342613319832,2,shell0-shell0,0
shell0-shell0,2,239,1239,0,-1,2,3,3,405.23822844574499,786.01635920660897,380.77813076086301,-3.02351200726741,-15.979620873769999,-12.9561088665026,1.93964020181734,2,shell0-shell0,0
shell0-shell0,2,241,1241,0,-1,2,4,4,411.98643866173097,799.51613832073804,387.52969965900701,3.7246982087178799,-2.4798417596407498,-6.2045399683586302,1.94063702901929,2,shell0-shell0,0
shell0-shell0,2,244,1244,0,2,2,4,4,430.19226923963203,843.02115441835895,412.82888517872698,21.930528786619199,41.025174337980197,19.094645551361001,1.9596380844044601,2,shell0-shell0,0
shell0-shell0,2,245,1245,0,2,2,4,4,390.94810956170801,764.430306250022,373.48219668831302,-17.3136308913043,-37.565673830356801,-20.252042939052401,1.9553242170860601,2,shell0-shell0,0
shell0-shell0,2,247,1247,0,2,2,6,6,393.18292677155,782.76252322586004,389.57959645430998,-15.0788136814631,-19.2334568545186,-4.15464317305549,1.9908354863044899,2,shell0-shell0,0
shell0-shell0,2,248,1248,0,-1,2,3,3,369.17929490743899,717.32144015127903,348.14214524383902,-39.0824455455733,-84.674539929099794,-45.592094383526401,1.9430164422713001,2,shell0-shell0,0
shell0-shell0,2,250,1250,0,-1,2,2,2,394.54256035434202,768.43208305945598,373.88952270511402,-13.719180098671099,-33.563897020922802,-19.844716922251699,1.9476532072213499,2,shell0-shell0,0
shell0-shell0,2,253,1253,0,-1,2,4,4,423.27845377314497,825.98002139565995,402.70156762251497,15.016713320132499,23.9840413152818,8.9673279951493896,1.95138688027419,2,shell0-shell0,0
shell0-shell0,2,257,1257,0,-1,2,3,3,392.83144091396099,759.73537473783699,366.903933823876,-15.4302995390521,-42.260605342541801,-26.830305803489701,1.9339983911935299,2,shell0-shell0,0
shell0-shell0,2,258,1258,0,2,2,4,4,382.86994641473302,767.18394009013002,384.31399367539802,-25.391794038279802,-34.812039990248103,-9.4202459519682993,2.0037716391014402,2,shell0-shell0,0
shell0-shell0,2,260,1260,0,-1,2,6,6,437.533927919414,848.39621573198701,410.86228781257398,29.272187466400801,46.400235651608803,17.128048185208002,1.93904097852784,2,shell0-shell0,0
shell0-shell0,2,262,1262,0,-1,2,11,11,422.964434577509,821.00988528392304,398.04545070641399,14.702694124496601,19.013905203544599,4.31121107904801,1.9410849191233099,2,shell0-shell0,0
shell0-shell0,2,266,1266,0,-1,2,5,5,393.57476149411502,766.39330298812399,372.818541494008,-14.686978958897599,-35.602677092255,-20.915698133357498,1.94726231956208,2,shell0-shell0,0
shell0-shell0,2,267,1267,0,-1,2,4,4,375.57479986622701,727.69570275287094,352.12090288664399,-32.686940586785603,-74.300277327507601,-41.613336740721998,1.9375519950008999,2,shell0-shell0,0
shell0-shell0,2,269,1269,0,-1,2,13,13,417.8551739257,813.08330978662605,395.22813586092599,9.5934334726874795,11.087329706247701,1.4938962335602399,1.9458495682793699,2,shell0-shell0,0
shell0-shell0,2,272,1272,0,-1,2,2,2,381.94794553563298,739.17434754443195,357.226402008798,-26.313794917379301,-62.821632535946698,-36.5078376185675,1.93527509752103,2,shell0-shell0,0
shell0-shell0,2,275,1275,0,-1,2,6,6,405.9384749628,787.42366617459197,381.48519121179203,-2.32326549021252,-14.572313905786499,-12.249048415574,1.93976110849495,2,shell0-shell0,0
shell0-shell0,2,276,1276,0,-1,2,4,4,398.03307500015802,769.95895553857099,371.92588053841303,-10.228665452854999,-32.037024541808002,-21.8083590889531,1.9344094847853199,2,shell0-shell0,0
shell0-shell0,2,277,1277,0,2,2,6,6,429.62028269001797,846.32858910122104,416.70830641120301,21.358542237005199,44.332609020842298,22.974066783836999,1.9699456082520901,2,shell0-shell0,0
shell0-shell0,2,278,1278,0,-1,2,4,4,408.20810447124398,792.92542697593001,384.71732250468602,-0.053635981768479703,-9.0705531044487806,-9.0169171226803009,1.9424539059630199,2,shell0-shell0,0
shell0-shell0,2,279,1279,0,-1,2,3,3,359.25796701946501,698.51694492106105,339.25897790159598,-49.003773433547501,-103.47903515931699,-54.475261725769698,1.9443325104693201,2,shell0-shell0,0
shell0-shell0,2,280,1280,0,-1,2,5,5,375.02766132444202,730.64498687167804,355.61732554723699,-33.234079128571203,-71.350993208700402,-38.116914080129199,1.9482429223789599,2,shell0-shell0,0
shell0-shell0,2,281,1281,0,-1,2,7,7,419.45666485817401,811.015350055863,391.55868519768899,11.194924405161499,9.0193699754844392,-2.1755544296771099,1.93349019815928,2,shell0-shell0,0
shell0-shell0,2,282,1282,0,2,2,4,4,426.06713395731703,831.13281401501604,405.06568005769799,17.8053935043047,29.136833934637,11.3314404303323,1.9507085803484601,2,shell0-shell0,0
shell0-shell0,2,283,1283,0,-1,2,2,2,388.42840702876703,752.14897443124198,363.72056740247501,-19.833333424246,-49.847005649136698,-30.013672224890701,1.9363902351651101,2,shell0-shell0,0
shell0-shell0,2,284,1284,0,2,2,14,14,424.17711636077797,825.18201619676597,401.00489983598902,15.915375907765,23.1860361163878,7.2706602086227603,1.9453713658021099,2,shell0-shell0,0
shell0-shell0,2,290,1290,0,-1,2,3,3,341.26008318750303,664.71378386520405,323.45370067770102,-67.001657265509607,-137.28219621517499,-70.2805389496652,1.94782166626848,2,shell0-shell0,0
shell0-shell0,2,291,1291,0,-1,2,7,7,422.24881675224799,819.91686708412601,397.66805033187802,13.987076299234801,17.920887003747499,3.9338107045126098,1.9417860620441001,2,shell0-shell0,0
shell0-shell0,2,292,1292,0,-1,2,6,6,403.03160874538901,784.39300900321496,381.36140025782601,-5.2301317076237996,-17.602971077163101,-12.3728393695393,1.94623198772171,2,shell0-shell0,0
shell0-shell0,2,293,1293,0,-1,2,2,2,374.424307619518,729.86094474744698,355.43663712792898,-33.8374328334952,-72.135035332931906,-38.297602499436699,1.94928836054393,2,shell0-shell0,0
shell0-shell0,2,294,1294,0,-1,2,2,2,327.30867918657299,633.596060255937,306.28738106936402,-80.953061266439406,-168.39991982444101,-87.446858558002006,1.93577531103223,2,shell0-shell0,0
shell0-shell0,2,295,1295,0,-1,2,7,7,404.470104753768,781.40740182464299,376.93729707087499,-3.7916356992448601,-20.588578255735801,-16.796942556490901,1.93192869544795,2,shell0-shell0,0
shell0-shell0,2,296,1296,0,-1,2,2,2,349.30609281905203,679.07360950045495,329.76751668140298,-58.955647633960801,-122.922370579923,-63.966722945962601,1.94406459967542,2,shell0-shell0,0
shell0-shell0,2,297,1297,0,-1,2,2,2,365.82255543373401,708.35650120104106,342.53394576730699,-42.439185019278497,-93.639478879337702,-51.200293860059197,1.9363390547671,2,shell0-shell0,0
shell0-shell0,2,298,1298,0,-1,2,2,2,400.73999553554398,777.93133399664805,377.19133846110401,-7.5217449174687703,-24.064646083730601,-16.542901166261899,1.9412370680820901,2,shell0-shell0,0
shell0-shell0,2,300,1300,0,-1,2,4,4,414.27237865548898,801.63096588228905,387.35858722680001,6.0106382024761702,-0.36501419808973901,-6.3756524005659099,1.9350335846284601,2,shell0-shell0,0
shell0-shell0,2,303,1303,0,-1,2,5,5,416.36540666932899,808.63661221963696,392.27120555030803,8.1036662163159008,6.6406321392580603,-1.4630340770578401,1.9421320774178601,2,shell0-shell0,0
shell0-shell0,2,304,1304,0,-1,2,3,3,381.52028801147799,738.93465622296299,357.414368211485,-26.741452441534499,-63.061323857415097,-36.319871415880598,1.9368161522270899,2,shell0-shell0,0
shell0-shell0,2,308,1308,0,2,2,5,5,420.41599794600501,831.97299972176597,411.55700177576102,12.1542574929924,29.977019641387901,17.822762148395501,1.9789280231638999,2,shell0-shell0,0
shell0-shell0,2,310,1310,0,-1,2,2,2,375.37188329187501,728.40302392533602,353.03114063346101,-32.889857161137897,-73.592956155042401,-40.703098993904497,1.94048370788325,2,shell0-shell0,0
shell0-shell0,2,312,1312,0,-1,2,3,3,391.24338781614,759.01710309830798,367.77371528216798,-17.018352636872802,-42.978876982070801,-25.960524345197999,1.94001260273055,2,shell0-shell0,0
shell0-shell0,2,313,1313,0,-1,2,6,6,387.22439606939599,752.35073285635303,365.12633678695698,-21.0373443836164,-49.645247224025098,-28.607902840408698,1.9429321615405699,2,shell0-shell0,0
shell0-shell0,2,316,1316,0,-1,2,3,3,352.68583169794903,685.934872362737,333.249040664787,-55.575908755063402,-116.061107717642,-60.485198962578501,1.94488922069938,2,shell0-shell0,0
shell0-shell0,2,319,1319,0,-1,2,4,4,404.39939281506201,782.06511317178001,377.66572035671697,-3.8623476379502799,-19.930866908598901,-16.068519270648601,1.93389289664297,2,shell0-shell0,0
shell0-shell0,2,322,1322,0,2,2,5,5,411.37913099660801,819.09687676688304,407.71774577027497,3.1173905435948699,17.100896686504299,13.9835061429094,1.9910997302720199,2,shell0-shell0,0
shell0-shell0,2,323,1323,0,-1,2,7,7,411.33557892999602,804.02960660546603,392.69402767547098,3.0738384769827598,2.03362652508793,-1.0402119518948301,1.9546804307494701,2,shell0-shell0,0
shell0-shell0,2,324,1324,0,-1,2,2,2,365.59541948939102,717.32593085529902,351.730511365908,-42.666320963621999,-84.670049225079495,-42.003728261457503,1.9620758155481099,2,shell0-shell0,0
shell0-shell0,2,325,1325,0,-1,2,3,3,373.60000174307299,723.38585377749303,349.78585203441997,-34.661738709940202,-78.610126302885604,-43.948387592945501,1.9362576295568901,2,shell0-shell0,0
shell0-shell0,2,326,1326,0,2,2,4,4,399.65619834662903,780.15212381703304,380.49592547040498,-8.6055421063838899,-21.843856263345199,-13.2383141569613,1.9520581115581599,2,shell0-shell0,0
shell0-shell0,2,328,1328,0,-1,2,3,3,346.85209516239303,680.59638714454104,333.74429198214898,-61.4096452906198,-121.39959293583701,-59.989947645217299,1.9622092431815701,2,shell0-shell0,0
shell0-shell0,2,329,1329,0,2,2,3,3,416.34533235886198,823.24194179168796,406.89660943282598,8.0835919058496906,21.245961711309601,13.1623698054599,1.9773055629745999,2,shell0-shell0,0
shell0-shell0,2,330,1330,0,-1,2,3,3,399.531618771887,776.82258149103995,377.29096271915301,-8.7301216811254108,-25.173398589338099,-16.443276908212699,1.9443331766304299,2,shell0-shell0,0
shell0-shell0,2,331,1331,0,2,2,9,9,417.102176725096,823.64670551777203,406.544528792677,8.8404362720832008,21.650725437393898,12.810289165310699,1.9746881015694699,2,shell0-shell0,0
shell0-shell0,2,333,1333,0,-1,2,3,3,388.87045249855601,753.61441995786402,364.74396745930699,-19.391287954456601,-48.381560122514998,-28.9902721680584,1.93795752574095,2,shell0-shell0,0
shell0-shell0,2,334,1334,0,-1,2,2,2,325.83422277101999,632.81567305212502,306.98145028110503,-82.427517681992896,-169.18030702825399,-86.752789346260698,1.94213998661779,2,shell0-shell0,0
shell0-shell0,2,335,1335,0,-1,2,5,5,404.87625692014399,787.60970312773304,382.733446207589,-3.3854835328692201,-14.3862769526456,-11.0007934197764,1.94530968330672,2,shell0-shell0,0
shell0-shell0,2,337,1337,0,-1,2,4,4,418.391363737456,812.55187473220803,394.16051099475197,10.1296232844428,10.555894651829201,0.426271367386448,1.94208567661089,2,shell0-shell0,0
shell0-shell0,2,339,1339,0,-1,2,3,3,376.40828599979397,726.77804873013201,350.36976273033798,-31.853454453218301,-75.217931350246204,-43.364476897027899,1.9308237245620301,2,shell0-shell0,0
shell0-shell0,2,340,1340,0,2,2,5,5,419.601158884168,822.43470877367804,402.83354988950998,11.3394184311549,20.438728693299002,9.0993102621441704,1.96003917377338,2,shell0-shell0,0
shell0-shell0,2,343,1343,0,2,2,2,2,373.10761085538599,745.33645183737099,372.22884098198602,-35.154129597627197,-56.659528243007301,-21.505398645380101,1.9976447280949701,2,shell0-shell0,0
shell0-shell0,2,344,1344,0,-1,2,4,4,384.00985455139198,744.91873883819596,360.90888428680398,-24.251885901620501,-57.077241242182701,-32.825355340562197,1.9398427670780101,2,shell0-shell0,0
shell0-shell0,2,347,1347,0,2,2,3,3,401.15805452273997,793.62928038278699,392.47122586004701,-7.1036859302729498,-8.3666996975920291,-1.26301376731908,1.97834562072291,2,shell0-shell0,0
shell0-shell0,2,350,1350,0,-1,2,2,2,367.351059497954,709.98474888347505,342.63368938551997,-40.910680955058403,-92.011231196903907,-51.100550241845397,1.93271458058073,2,shell0-shell0,0
shell0-shell0,2,353,1353,0,2,2,6,6,417.531391572399,817.17732742430405,399.64593585190403,9.2696511193867099,15.181347343925401,5.9116962245386704,1.95716380592813,2,shell0-shell0,0
shell0-shell0,2,354,1354,0,2,2,3,3,360.28827398553102,715.12964480966696,354.84137082413599,-47.973466467481998,-86.866335270712099,-38.892868803230002,1.9848818194909801,2,shell0-shell0,0
shell0-shell0,2,355,1355,0,-1,2,6,6,442.447850576093,857.99637563516001,415.548525059067,34.186110123080198,56.000395554781299,21.814285431701101,1.93920339881412,2,shell0-shell0,0
shell0-shell0,2,357,1357,0,-1,2,2,2,387.25957137033703,754.92907657949502,367.66950520915799,-21.002169082675898,-47.066903500883399,-26.0647344182075,1.94941360366676,2,shell0-shell0,0
shell0-shell0,2,358,1358,0,-1,2,3,3,386.72922439956898,747.57732560534703,360.84810120577799,-21.532516053444098,-54.418654475031602,-32.886138421587603,1.9330768880113101,2,shell0-shell0,0
shell0-shell0,2,359,1359,0,2,2,2,2,369.54856711629202,727.95845620967498,358.40988909338199,-38.713173336720502,-74.037523870703893,-35.324350533983399,1.9698586897256101,2,shell0-shell0,0
shell0-shell0,2,362,1362,0,-1,2,3,3,375.96397911358201,736.11718266815501,360.153203554573,-32.297761339430998,-65.878797412223307,-33.581036072792401,1.9579460362232399,2,shell0-shell0,0
shell0-shell0,2,364,1364,0,-1,2,4,4,402.92892531312998,779.542447579959,376.61352226682902,-5.3328151398824799,-22.453532500419101,-17.120717360536599,1.9346897147534099,2,shell0-shell0,0
shell0-shell0,2,366,1366,0,-1,2,4,4,397.21061775025601,773.52200552257204,376.31138777231598,-11.051122702757199,-28.473974557806599,-17.422851855049402,1.94738501680466,2,shell0-shell0,0
shell0-shell0,2,369,1369,0,-1,2,2,2,363.94320733950599,707.29349007646999,343.350282736964,-44.318533113506497,-94.702490003908494,-50.383956890401898,1.9434172030491199,2,shell0-shell0,0
shell0-shell0,2,375,1375,0,-1,2,4,4,392.75182094789398,761.43889822426002,368.68707727636598,-15.5099195051184,-40.557081856118401,-25.047162351000001,1.93872786225803,2,shell0-shell0,0
shell0-shell0,2,376,1376,0,2,2,4,4,384.38450964984298,767.12716003507296,382.74265038522998,-23.8772308031694,-34.868820045305597,-10.9915892421362,1.99572860189889,2,shell0-shell0,0
shell0-shell0,2,377,1377,0,-1,2,2,2,353.88367990835502,690.49513667490396,336.611456766549,-54.378060544658098,-111.500843405475,-57.1227828608165,1.95119237161126,2,shell0-shell0,0
shell0-shell0,2,379,1379,0,-1,2,4,4,391.15076881759398,758.397292209478,367.24652339188401,-17.1109716354188,-43.5986878709002,-26.4877162354815,1.93888738734179,2,shell0-shell0,0
shell0-shell0,2,380,1380,0,2,2,2,2,363.87508038283403,711.31152420632702,347.43644382349203,-44.386660070178401,-90.684455874051807,-46.297795803873399,1.95482340658765,2,shell0-shell0,0
shell0-shell0,2,381,1381,0,-1,2,2,2,359.52673960466399,697.16328827232098,337.636548667657,-48.735000848348399,-104.83269180805701,-56.097690959709098,1.9391138724171699,2,shell0-shell0,0
shell0-shell0,2,382,1382,0,-1,2,5,5,384.11401543064397,745.43536028161998,361.321344850976,-24.147725022369102,-56.560619798758999,-32.412894776389898,1.94066170547275,2,shell0-shell0,0
shell0-shell0,2,384,1384,0,-1,2,2,2,395.972146920998,771.52049178009304,375.54834485909498,-12.2895935320152,-30.475488300285701,-18.185894768270501,1.9484211144124299,2,shell0-shell0,0
shell0-shell0,2,385,1385,0,2,2,2,2,369.63362933499099,731.222146840351,361.58851750536002,-38.6281111180217,-70.7738332400274,-32.145722122005701,1.97823490291155,2,shell0-shell0,0
shell0-shell0,2,387,1387,0,-1,2,3,3,387.75672738875198,753.00633004645897,365.24960265770602,-20.505013064260499,-48.98965003392,-28.484636969659501,1.9419555532082899,2,shell0-shell0,0
shell0-shell0,2,388,1388,0,2,2,3,3,399.25838196416998,785.43246099406599,386.17407902989601,-9.0033584888427605,-16.563519086312201,-7.5601605974694603,1.9672284827937601,2,shell0-shell0,0
shell0-shell0,2,389,1389,0,-1,2,3,3,414.06148430204797,803.82725338487796,389.76576908282999,5.799743849035,1.83127330449952,-3.9684705445354802,1.9413234117629401,2,shell0-shell0,0
shell0-shell0,2,390,1390,0,-1,2,2,2,363.92805662478202,708.82919753744295,344.90114091266099,-44.333683828230797,-93.166782542935394,-48.833098714704498,1.94771792016097,2,shell0-shell0,0
shell0-shell0,2,395,1395,0,-1,2,3,3,392.46462378312401,764.95893543223599,372.49431164911198,-15.7971166698884,-37.037044648142498,-21.239927978254102,1.9491156376299299,2,shell0-shell0,0
shell0-shell0,2,397,1397,0,-1,2,2,2,384.35506688835198,749.06201398965504,364.706947101303,-23.906673564660501,-52.933966090723203,-29.027292526062599,1.9488802893998101,2,shell0-shell0,0
shell0-shell0,2,398,1398,0,-1,2,3,3,394.48971637944101,770.72171174655898,376.23199536711797,-13.772024073571499,-31.274268333819499,-17.502244260247899,1.95371813192017,2,shell0-shell0,0
shell0-shell0,2,399,1399,0,-1,2,9,9,388.41978967659401,757.69630210058199,369.27651242398798,-19.841950776418599,-44.299677979796201,-24.457727203377601,1.9507149796138199,2,shell0-shell0,0
shell0-shell0,2,402,1402,0,-1,2,5,5,379.694914761505,743.71479870641201,364.01988394490701,-28.5668256915081,-58.281181373967001,-29.714355682458901,1.95871677442285,2,shell0-shell0,0
shell0-shell0,2,403,1403,0,2,2,3,3,376.39171761396398,740.07504520407099,363.68332759010701,-31.870022839049099,-61.920934876307903,-30.0509120372589,1.9662362654937799,2,shell0-shell0,0
shell0-shell0,2,404,1404,0,-1,2,2,2,329.24884570733002,636.45453855291498,307.20569284558502,-79.0128947456828,-165.54144152746301,-86.528546781780506,1.9330501742097601,2,shell0-shell0,0
shell0-shell0,2,406,1406,0,-1,2,2,2,383.00416580280103,743.901853113534,360.897687310734,-25.257574650212099,-58.094126966844101,-32.836552316632002,1.94228136279998,2,shell0-shell0,0
shell0-shell0,2,412,1412,0,-1,2,5,5,403.01357665722298,783.64051335911904,380.626936701896,-5.2481637957901599,-18.355466721259901,-13.1073029254697,1.94445189628347,2,shell0-shell0,0
shell0-shell0,2,414,1414,0,-1,2,3,3,359.69784299762898,699.00835426593198,339.310511268303,-48.563897455384101,-102.987625814447,-54.423728359062501,1.94332095083078,2,shell0-shell0,0
shell0-shell0,2,415,1415,0,2,2,4,4,371.11698400329698,744.79300904160198,373.676025038305,-37.1447564497158,-57.202971038777001,-20.058214589061201,2.0068955104328601,2,shell0-shell0,0
shell0-shell0,2,416,1416,0,2,2,2,2,347.73833971148798,692.84081081124202,345.10247109975398,-60.523400741524597,-109.155169269136,-48.631768527611698,1.99241996550072,2,shell0-shell0,0
shell0-shell0,2,420,1420,0,2,2,4,4,378.893165198622,743.160977106377,364.267811907755,-29.3685752543911,-58.835002974002002,-29.466427719610898,1.96139979647508,2,shell0-shell0,0
shell0-shell0,2,421,1421,0,-1,2,2,2,369.69113857414402,719.28253682013997,349.591398245996,-38.570601878869198,-82.713443260238805,-44.1428413813696,1.94563099238551,2,shell0-shell0,0
shell0-shell0,2,422,1422,0,2,2,3,3,383.87489856109698,761.25489559085202,377.37999702975497,-24.386841891915701,-40.741084489526699,-16.354242597611002,1.9830806818687901,2,shell0-shell0,0
shell0-shell0,2,423,1423,0,-1,2,5,5,399.44753740432202,779.19550778602604,379.74797038170402,-8.8142030486908407,-22.8004722943529,-13.986269245661999,1.9506829679045501,2,shell0-shell0,0
shell0-shell0,2,424,1424,0,-1,2,2,2,342.48121190244302,664.54436893873003,322.06315703628701,-65.7805285505694,-137.45161114164799,-71.671082591078999,1.9403819708744401,2,shell0-shell0,0
shell0-shell0,2,425,1425,0,-1,2,2,2,371.18995480592997,721.39635568908602,350.20640088315599,-37.0717856470824,-80.599624391292494,-43.5278387442102,1.9434694995080199,2,shell0-shell0,0
shell0-shell0,2,426,1426,0,2,2,2,2,352.81956803426601,700.519239177553,347.69967114328699,-55.442172418746999,-101.47674090282599,-46.034568484078903,1.9854886254764601,2,shell0-shell0,0
shell0-shell0,2,428,1428,0,2,2,4,4,362.94489175241102,723.14999198518103,360.20510023277001,-45.316848700601298,-78.845988095197399,-33.5291393945961,1.9924512189538901,2,shell0-shell0,0
shell0-shell0,2,430,1430,0,2,2,7,7,403.37453070358902,789.18877919851002,385.814248494921,-4.8872097494239597,-12.8072008818688,-7.9199911324448102,1.95646655682986,2,shell0-shell0,0
shell0-shell0,2,432,1432,0,-1,2,3,3,353.68338917311002,684.86703943408702,331.18365026097598,-54.578351279902598,-117.12894064629199,-62.550589366389303,1.9363845190334299,2,shell0-shell0,0
shell0-shell0,2,436,1436,0,2,2,2,2,370.13567261607602,738.60837338687804,368.47270077080299,-38.126067836936897,-63.387606693500203,-25.261538856563298,1.9955071289575499,2,shell0-shell0,0
shell0-shell0,2,437,1437,0,-1,2,2,2,376.56152763467298,730.34466808941704,353.783140454744,-31.700212818339299,-71.651311990961304,-39.951099172622001,1.93950952099911,2,shell0-shell0,0
shell0-shell0,2,438,1438,0,-1,2,3,3,380.05301080174098,738.66654233334998,358.613531531609,-28.208729651271401,-63.3294377470285,-35.120708095757003,1.9435881872770699,2,shell0-shell0,0
shell0-shell0,2,439,1439,0,2,2,4,4,394.950581071182,777.39845731978301,382.44787624859998,-13.3111593818307,-24.597522760596,-11.2863633787653,1.96834362215984,2,shell0-shell0,0
shell0-shell0,2,440,1440,0,-1,2,3,3,376.40892723988998,728.65539066104702,352.24646342115699,-31.852813213122701,-73.340589419331096,-41.487776206208402,1.93580794165561,2,shell0-shell0,0
shell0-shell0,2,443,1443,0,-1,2,2,2,365.28045546123201,727.23385448997306,361.95339902874099,-42.981284991780498,-74.762125590405304,-31.780840598624799,1.99089177539409,2,shell0-shell0,0
shell0-shell0,2,446,1446,0,2,2,4,4,404.84640540338802,792.41600831417304,387.56960291078502,-3.4153350496250101,-9.5799717662055208,-6.1646367165804996,1.9573250441105201,2,shell0-shell0,0
shell0-shell0,2,447,1447,0,-1,2,3,3,364.85676671800201,707.18156109455595,342.32479437655502,-43.404973735011097,-94.8144189858224,-51.409445250811203,1.9382443347724401,2,shell0-shell0,0
shell0-shell0,2,448,1448,0,-1,2,2,2,351.68694977003099,681.82331227866302,330.13636250863198,-56.574790682982098,-120.172667801716,-63.597877118733798,1.93872224353081,2,shell0-shell0,0
shell0-shell0,2,449,1449,0,-1,2,5,5,390.29358449114699,755.15371989577704,364.86013540463,-17.968155961865399,-46.842260184601301,-28.874104222735902,1.9348350828782499,2,shell0-shell0,0
shell0-shell0,2,450,1450,0,2,2,2,2,345.94612226349398,682.14211204764399,336.19598978415002,-62.315618189519199,-119.85386803273499,-57.538249843215603,1.97181603766636,2,shell0-shell0,0
shell0-shell0,2,456,1456,0,-1,2,2,2,333.12570373433601,646.04996285147797,312.92425911714099,-75.136036718676294,-155.94601722890101,-80.809980510224406,1.9393578928592501,2,shell0-shell0,0
shell0-shell0,2,459,1459,0,-1,2,4,4,380.272461129406,749.09424766118002,368.82178653177402,-27.989279323606901,-52.901732419198403,-24.912453095591601,1.9698882360199801,2,shell0-shell0,0
shell0-shell0,2,460,1460,0,-1,2,2,2,365.61601267868002,712.37559605786203,346.759583379182,-42.645727774333203,-89.620384022516603,-46.9746562481834,1.9484255923001099,2,shell0-shell0,0
shell0-shell0,2,461,1461,0,-1,2,3,3,379.76234464220801,737.23261119551398,357.47026655330501,-28.499395810804302,-64.763368884865002,-36.263973074060701,1.94129992506259,2,shell0-shell0,0
shell0-shell0,2,463,1463,0,-1,2,2,2,349.474617125642,682.80167556974197,333.32705844409998,-58.787123327370601,-119.194304510636,-60.407181183265699,1.95379475964706,2,shell0-shell0,0
shell0-shell0,2,466,1466,0,-1,2,2,2,357.50092028194501,713.11008768769602,355.60916740575198,-50.760820171067799,-88.885892392682095,-38.125072221614197,1.9947083971848201,2,shell0-shell0,0
shell0-shell0,2,468,1468,0,-1,2,2,2,292.44844409419898,566.56224423591698,274.113800141718,-115.81329635881301,-235.43373584446101,-119.62043948564801,1.9373064062307801,2,shell0-shell0,0
shell0-shell0,2,469,1469,0,2,2,2,2,309.98540712708098,626.88895615692797,316.90354902984598,-98.276333325931404,-175.10702392345101,-76.830690597519506,2.0223176373587401,2,shell0-shell0,0
shell0-shell0,2,470,1470,0,-1,2,2,2,325.76327313707901,638.32885589832995,312.56558276125099,-82.498467315933596,-163.66712418204801,-81.168656866114603,1.9594868683362201,2,shell0-shell0,0
shell0-shell0,2,471,1471,0,-1,2,6,6,383.82318489316299,744.73012276674694,360.90693787358401,-24.4385555598496,-57.265857313631798,-32.827301753782301,1.9402947817601,2,shell0-shell0,0
shell0-shell0,2,475,1475,0,2,2,2,2,337.58191043791197,681.00578744647203,343.42387700856,-70.679830015100293,-120.99019263390601,-50.310362618805897,2.0173053306175901,2,shell0-shell0,0
shell0-shell0,2,478,1478,0,2,2,4,4,387.07491572569103,761.55516018492904,374.48024445923801,-21.1868247273216,-40.4408198954496,-19.2539951681281,1.96746192854466,2,shell0-shell0,0
shell0-shell0,2,479,1479,0,-1,2,3,3,389.70905002827601,759.46362059512398,369.75457056684797,-18.552690424736401,-42.532359485254098,-23.979669060517701,1.9487964689042201,2,shell0-shell0,0
shell0-shell0,2,482,1482,0,-1,2,2,2,375.83972966425603,728.48044329070103,352.64071362644501,-32.422010788756602,-73.5155367896771,-41.093526000920498,1.93827417857464,2,shell0-shell0,0
shell0-shell0,2,484,1484,0,2,2,3,3,380.70619612005902,745.39128045302402,364.685084332965,-27.555544332954099,-56.604699627354897,-29.049155294400801,1.95791738629323,2,shell0-shell0,0
shell0-shell0,2,486,1486,0,2,2,4,4,411.448945312614,804.07828114439405,392.62933583177897,3.1872048596014801,2.0823010640150401,-1.10490379558644,1.9542601586533801,2,shell0-shell0,0
shell0-shell0,2,487,1487,0,-1,2,2,2,365.90988735074501,709.19138393407798,343.28149658333302,-42.351853102267803,-92.804596146300995,-50.452743044033198,1.93815856977453,2,shell0-shell0,0
shell0-shell0,2,490,1490,0,-1,2,2,2,360.024194902864,700.56251102219596,340.53831611933202,-48.237545550148397,-101.433469058182,-53.195923508034099,1.9458761964906599,2,shell0-shell0,0
shell0-shell0,2,492,1492,0,2,2,2,2,364.65934981247602,719.10401469650799,354.44466488403202,-43.602390640536903,-82.891965383870698,-39.289574743333802,1.9719884189622501,2,shell0-shell0,0
shell0-shell0,2,494,1494,0,-1,2,2,2,359.36267707095499,696.21410548527399,336.851428414319,-48.899063382057903,-105.781874595104,-56.882811213046601,1.93735785574585,2,shell0-shell0,0
shell0-shell0,2,495,1495,0,-1,2,2,2,396.76043119524797,770.67781883451903,373.917387639271,-11.501309257764699,-31.318161245859301,-19.816851988094601,1.9424261046214699,2,shell0-shell0,0
shell0-shell0,2,496,1496,0,-1,2,3,3,394.55417598105402,767.36481106113001,372.81063508007497,-13.7075644719585,-34.631169019249,-20.923604547290498,1.94489086106638,2,shell0-shell0,0
shell0-shell0,2,497,1497,0,-1,2,2,2,368.53214159615601,721.10057017762699,352.56842858147098,-39.729598856856903,-80.895409902751894,-41.165811045894998,1.95668298307566,2,shell0-shell0,0
shell0-shell0,2,498,1498,0,2,2,2,2,330.49301019722401,651.96821121610697,321.47520101888301,-77.768730255788398,-150.027768864271,-72.259038608483095,1.97271406988922,2,shell0-shell0,0
shell0-shell0,2,500,1500,0,-1,2,3,3,362.15455943149902,704.02504405639195,341.87048462489298,-46.107181021514201,-97.970936023986596,-51.863755002472402,1.9439905579583301,2,shell0-shell0,0
shell0-shell0,2,505,1505,0,2,2,2,2,355.34294343792601,701.05226349048803,345.709320052561,-52.918797015086298,-100.943716589891,-48.024919574804699,1.97288922275433,2,shell0-shell0,0
shell0-shell0,2,506,1506,0,-1,2,3,3,401.10044498377101,778.39483742104699,377.294392437277,-7.1612954692419599,-23.601142659331199,-16.439847190089299,1.9406481522416199,2,shell0-shell0,0
shell0-shell0,2,507,1507,0,2,2,2,2,362.40792546453798,716.34069994181596,353.932774477279,-45.853814988475101,-85.655280138562105,-39.801465150087097,1.9766143332092001,2,shell0-shell0,0
shell0-shell0,2,509,1509,0,-1,2,2,2,393.79078954085497,771.66374577046099,377.87295622960602,-14.470950912157701,-30.332234309917801,-15.861283397760101,1.9595779440910499,2,shell0-shell0,0
shell0-shell0,2,512,1512,0,-1,2,2,2,334.36173900241801,646.53573913048695,312.174000128069,-73.9000014505949,-155.46024094989099,-81.560239499296401,1.9336415137074401,2,shell0-shell0,0
shell0-shell0,2,513,1513,0,-1,2,4,4,338.05987332276902,653.48141259035503,315.42153926758601,-70.201867130243997,-148.51456749002301,-78.312700359779399,1.9330345425717901,2,shell0-shell0,0
shell0-shell0,2,514,1514,0,-1,2,2,2,367.29485211708499,718.56336222329901,351.26851010621402,-40.966888335927798,-83.432617857079293,-42.465729521151601,1.95636654878636,2,shell0-shell0,0
shell0-shell0,2,518,1518,0,-1,2,6,6,388.49332391989202,760.33956326012606,371.84623934023398,-19.7684165331207,-41.656416820252602,-21.888000287131899,1.95714962509088,2,shell0-shell0,0
shell0-shell0,2,519,1519,0,-1,2,3,3,372.40877780921301,720.45594125713205,348.04716344791802,-35.852962643799302,-81.540038823246604,-45.687076179447303,1.9345836730685899,2,shell0-shell0,0
shell0-shell0,2,520,1520,0,2,2,2,2,389.57217980111898,766.20079935629997,376.62861955518099,-18.6895606518938,-35.795180724078797,-17.105620072185001,1.96677493692556,2,shell0-shell0,0
shell0-shell0,2,521,1521,0,-1,2,2,2,331.07880151853101,645.91710241458304,314.83830089605198,-77.182938934481896,-156.078877665796,-78.895938731313706,1.95094672160226,2,shell0-shell0,0
shell0-shell0,2,522,1522,0,-1,2,2,2,348.29345422113403,676.94880598531995,328.65535176418501,-59.968286231878402,-125.04717409505901,-65.078887863180398,1.9436162172474201,2,shell0-shell0,0
shell0-shell0,2,529,1529,0,-1,2,4,4,346.94694448144003,677.11841513900004,330.17147065756001,-61.314795971572899,-124.87756494137901,-63.562768969805703,1.95164830216634,2,shell0-shell0,0
shell0-shell0,2,531,1531,0,-1,2,3,3,412.66363248495099,800.57613033767302,387.91249785272203,4.4018920319380204,-1.4198497427057599,-5.8217417746437796,1.9400210421180499,2,shell0-shell0,0
shell0-shell0,2,533,1533,0,-1,2,2,2,363.35408976249602,706.100208394741,342.74611863224499,-44.907650690517002,-95.895771685637598,-50.988120995120497,1.94328405345948,2,shell0-shell0,0
shell0-shell0,2,534,1534,0,2,2,3,3,341.631428822212,698.75871636081501,357.12728753860301,-66.630311630800804,-103.237263719563,-36.606952088762597,2.0453584108751799,2,shell0-shell0,0
shell0-shell0,2,535,1535,0,-1,2,2,2,345.08367407313199,667.64084764869199,322.55717357556,-63.178066379880299,-134.355132431686,-71.177066051805994,1.9347216278542401,2,shell0-shell0,0
shell0-shell0,2,536,1536,0,-1,2,2,2,358.31809542342501,694.13769243966601,335.81959701623998,-49.943645029587501,-107.858287640713,-57.914642611125402,1.9372108227450899,2,shell0-shell0,0
shell0-shell0,2,537,1537,0,2,2,3,3,380.13535649708399,746.164124212562,366.02876771547801,-28.126383955929199,-55.831855867816799,-27.705471911887599,1.96289061635414,2,shell0-shell0,0
shell0-shell0,2,538,1538,0,-1,2,4,4,389.71325339352597,763.23099140057298,373.51773800704802,-18.548487059487002,-38.7649886798051,-20.216501620318098,1.9584424824009701,2,shell0-shell0,0
shell0-shell0,2,539,1539,0,-1,2,2,2,386.31332577674999,751.49053803183699,365.177212255087,-21.9484146762628,-50.505442048541603,-28.5570273722788,1.9452876405980399,2,shell0-shell0,0
shell0-shell0,2,542,1542,0,-1,2,2,2,355.76837059746799,692.63522209317898,336.86685149571099,-52.493369855545097,-109.3607579872,-56.8673881316547,1.9468712773144701,2,shell0-shell0,0
shell0-shell0,2,543,1543,0,-1,2,2,2,366.22821545951302,710.83712522493101,344.60890976541799,-42.033524993499903,-91.1588548554478,-49.125329861947897,1.94096766775064,2,shell0-shell0,0
shell0-shell0,2,545,1545,0,-1,2,2,2,348.83914525487597,676.33959153197804,327.50044627710201,-59.422595198136896,-125.656388548401,-66.233793350263696,1.93882940241072,2,shell0-shell0,0
shell0-shell0,2,547,1547,0,-1,2,2,2,355.67012491918302,689.62418032570201,333.95405540651899,-52.591615533829398,-112.371799754677,-59.780184220847097,1.9389432285953201,2,shell0-shell0,0
shell0-shell0,2,548,1548,0,2,2,2,2,340.76512786628501,679.34107949265501,338.57595162637,-67.496612586727593,-122.654900587724,-55.158288000996102,1.99357570343649,2,shell0-shell0,0
shell0-shell0,2,550,1550,0,2,2,2,2,390.31017236004197,766.10919801495004,375.79902565490801,-17.951568092970501,-35.8867820654281,-17.9352139724575,1.96282150009724,2,shell0-shell0,0
shell0-shell0,2,551,1551,0,-1,2,4,4,406.369657120927,786.30996485867502,379.94030773774801,-1.8920833320855199,-15.6860152217034,-13.7939318896179,1.9349622962245101,2,shell0-shell0,0
shell0-shell0,2,552,1552,0,-1,2,2,2,360.10205943295199,702.90955357463099,342.807494141679,-48.159681020061001,-99.086426505747994,-50.926745485687,1.9519731563920899,2,shell0-shell0,0
shell0-shell0,2,553,1553,0,-1,2,3,3,357.91954037611299,701.31298575249298,343.39344537637999,-50.342200076899402,-100.682994327885,-50.340794250985702,1.95941519430744,2,shell0-shell0,0
shell0-shell0,2,554,1554,0,2,2,3,3,345.32917037360801,693.336404434207,348.00723406059899,-62.932570079404996,-108.65957564617101,-45.727005566766401,2.0077551041636399,2,shell0-shell0,0
shell0-shell0,2,555,1555,0,-1,2,3,3,403.05547612164401,786.0921849911,383.03670886945599,-5.20626433136903,-15.9037950892784,-10.6975307579094,1.95033247669821,2,shell0-shell0,0
shell0-shell0,2,556,1556,0,-1,2,2,2,337.18526511606598,655.34430138648599,318.15903627042002,-71.076475336946501,-146.65167869389199,-75.575203356945806,1.9435733680737901,2,shell0-shell0,0
shell0-shell0,2,557,1557,0,2,2,2,2,378.64357666433102,748.94185946010202,370.298282795771,-29.6181637886814,-53.054120620276301,-23.435956831594901,1.97796002789199,2,shell0-shell0,0
shell0-shell0,2,560,1560,0,-1,2,2,2,392.41216326454798,761.89366828635002,369.48150502180198,-15.849577188464901,-40.102311794028402,-24.2527346055635,1.94156486370865,2,shell0-shell0,0
shell0-shell0,2,563,1563,0,-1,2,2,2,340.67341195396801,664.89520235764701,324.22179040367899,-67.588328499045204,-137.100777722732,-69.512449223686502,1.9517085250183499,2,shell0-shell0,0
shell0-shell0,2,565,1565,0,-1,2,3,3,379.51581802326399,740.72394921761202,361.20813119434803,-28.745922429748799,-61.2720308627663,-32.526108433017498,1.95176041166275,2,shell0-shell0,0
shell0-shell0,2,566,1566,0,-1,2,2,2,330.33761368662402,641.09788833862103,310.76027465199701,-77.924126766388298,-160.89809174175801,-82.973964975369199,1.94073536217647,2,shell0-shell0,0
shell0-shell0,2,569,1569,0,-1,2,2,2,351.40671805267101,679.89664718274605,328.48992913007601,-56.855022400342101,-122.099332897632,-65.2443104972903,1.9347855696965901,2,shell0-shell0,0
shell0-shell0,2,573,1573,0,2,2,2,2,365.07351599439602,725.02430181807597,359.95078582368001,-43.188224458617199,-76.971678262302603,-33.783453803685397,1.9859679490670199,2,shell0-shell0,0
shell0-shell0,2,574,1574,0,-1,2,2,2,371.49947696084899,722.611655835531,351.112178874682,-36.762263492164202,-79.384324244847605,-42.622060752683403,1.9451215967975199,2,shell0-shell0,0
shell0-shell0,2,575,1575,0,-1,2,2,2,391.12210050604398,760.12294680194702,369.00084629590299,-17.139639946969201,-41.873033278431599,-24.733393331462501,1.9434415642033001,2,shell0-shell0,0
shell0-shell0,2,577,1577,0,-1,2,3,3,363.34362190386599,708.61211561255197,345.26849370868598,-44.918118549146399,-93.383864467826101,-48.465745918679801,1.9502533494314001,2,shell0-shell0,0
shell0-shell0,2,578,1578,0,-1,2,2,2,371.04925646427603,719.52112827820201,348.47187181392599,-37.212483988737098,-82.474851802176403,-45.262367813439397,1.93915259427956,2,shell0-shell0,0
shell0-shell0,2,579,1579,0,-1,2,2,2,400.75063219387999,777.61145545093598,376.86082325705701,-7.5111082591329303,-24.384524629442101,-16.873416370309201,1.9403873456018299,2,shell0-shell0,0
shell0-shell0,2,582,1582,0,-1,2,3,3,331.86301654920499,643.79227931609898,311.929262766894,-76.398723903807806,-158.20370076427901,-81.804976860471498,1.93993378958105,2,shell0-shell0,0
shell0-shell0,2,583,1583,0,-1,2,3,3,368.243258659623,715.22338201695197,346.98012335732898,-40.018481793389398,-86.772598063426699,-46.754116270037301,1.9422579102202999,2,shell0-shell0,0
shell0-shell0,2,584,1584,0,-1,2,2,2,354.90385015498401,686.99636504022396,332.09251488524097,-53.357890298029098,-114.999615040154,-61.641724742125199,1.9357253090949,2,shell0-shell0,0
shell0-shell0,2,587,1587,0,-1,2,3,3,392.73651546908002,761.67041843064999,368.93390296157003,-15.525224983932899,-40.325561649728598,-24.800336665795701,1.93939292230293,2,shell0-shell0,0
shell0-shell0,2,588,1588,0,-1,2,2,2,374.17494456926198,728.10355881190799,353.92861424264601,-34.086795883750902,-73.892421268470599,-39.805625384719598,1.94589073741984,2,shell0-shell0,0
shell0-shell0,2,589,1589,0,-1,2,2,2,351.43103479087199,679.59471972050096,328.16368492962903,-56.830705662140801,-122.40126035987799,-65.570554697736796,1.93379255797631,2,shell0-shell0,0
shell0-shell0,2,591,1591,0,-1,2,2,2,310.66873823353097,608.46829890861795,297.79956067508698,-97.593002219481903,-193.527681171761,-95.934678952278801,1.95857588493899,2,shell0-shell0,0
shell0-shell0,2,592,1592,0,-1,2,2,2,363.95148648281003,704.46286637590902,340.51137989309899,-44.310253970202297,-97.533113704469301,-53.222859734266997,1.93559551901756,2,shell0-shell0,0
shell0-shell0,2,594,1594,0,2,2,5,5,370.712144778788,724.97657163724102,354.26442685845302,-37.549595674224598,-77.019408443137095,-39.469812768912497,1.9556321039059801,2,shell0-shell0,0
shell0-shell0,2,595,1595,0,-1,2,2,2,367.15839637457799,712.188052956315,345.02965658173702,-41.103344078434603,-89.807927124063298,-48.704583045628702,1.9397297188043501,2,shell0-shell0,0
shell0-shell0,2,596,1596,0,2,2,3,3,352.22428550395,712.21642295411095,359.99213745016198,-56.037454949063097,-89.779557126267207,-33.742102177204004,2.0220537091447199,2,shell0-shell0,0
shell0-shell0,2,597,1597,0,-1,2,3,3,391.30372397978698,756.62036438318603,365.31664040339899,-16.958016473225801,-45.375615697192202,-28.417599223966398,1.9335884583154901,2,shell0-shell0,0
shell0-shell0,2,598,1598,0,-1,2,3,3,404.45356179407497,792.72508858294395,388.27152678886898,-3.8081786589374902,-9.2708914974344907,-5.4627128384969996,1.9599903758210799,2,shell0-shell0,0
shell0-shell0,2,599,1599,0,-1,2,2,2,364.73755323836298,705.59317127375903,340.85561803539701,-43.524187214650098,-96.402808806619305,-52.8786215919692,1.9345229604384599,2,shell0-shell0,0
shell0-shell0,2,600,1600,0,-1,2,4,4,379.20201729449298,743.57892211544595,364.376904820954,-29.0597231585201,-58.417057964932198,-29.357334806412101,1.9609044472407799,2,shell0-shell0,0
shell0-shell0,2,605,1605,0,-1,2,3,3,349.97278020082598,681.57851344024698,331.605733239421,-58.288960252186797,-120.417466640131,-62.128506387944597,1.9475186414473,2,shell0-shell0,0
shell0-shell0,2,608,1608,0,-1,2,2,2,326.30142564887001,638.86627459088004,312.56484894200997,-81.960314804142499,-163.12970548949801,-81.169390685355793,1.9579021860552901,2,shell0-shell0,0
shell0-shell0,2,611,1611,0,-1,2,3,3,332.73539807018398,648.03978517999303,315.30438710981002,-75.5263423828291,-153.95619490038499,-78.4298525175561,1.9476129950060299,2,shell0-shell0,0
shell0-shell0,2,612,1612,0,-1,2,3,3,380.49936963550903,737.29284137971399,356.79347174420502,-27.762370817503701,-64.703138700664994,-36.9407678831613,1.93769793123701,2,shell0-shell0,0
shell0-shell0,2,613,1613,0,-1,2,2,2,368.05432686688499,713.638529327583,345.58420246069801,-40.207413586127501,-88.357450752795302,-48.150037166667801,1.9389488921446301,2,shell0-shell0,0
shell0-shell0,2,616,1616,0,2,2,3,3,373.12466155071502,745.58471598055905,372.46005442984398,-35.137078902298001,-56.411264099819299,-21.274185197521302,1.9982188067706199,2,shell0-shell0,0
shell0-shell0,2,617,1617,0,-1,2,2,2,360.23647389607601,706.35611393630199,346.11964004022599,-48.025266556936799,-95.639866144077004,-47.614599587140198,1.9608123139137701,2,shell0-shell0,0
shell0-shell0,2,622,1622,0,-1,2,2,2,381.08222967915299,739.57601126807299,358.49378158892,-27.179510773859501,-62.419968812305299,-35.240458038445801,1.9407255276394,2,shell0-shell0,0
shell0-shell0,2,623,1623,0,2,2,3,3,366.526100567897,724.00472423384804,357.47862366595098,-41.735639885115702,-77.991255846530606,-36.255615961414897,1.9753155999315499,2,shell0-shell0,0
shell0-shell0,2,624,1624,0,-1,2,2,2,303.92863689624301,599.15570667284305,295.22706977659902,-104.333103556769,-202.84027340753599,-98.507169850766601,1.97136970307074,2,shell0-shell0,0
shell0-shell0,2,625,1625,0,2,2,2,2,361.95498398797099,711.01924190776003,349.06425791978899,-46.306756465041303,-90.976738172618298,-44.669981707577001,1.96438583072913,2,shell0-shell0,0
shell0-shell0,2,626,1626,0,-1,2,2,2,350.01980691792801,685.71620409218201,335.69639717425298,-58.241933535084399,-116.279775988197,-58.037842453112503,1.9590782879694799,2,shell0-shell0,0
shell0-shell0,2,630,1630,0,2,2,2,2,367.26494045810102,725.12066026727302,357.855719809172,-40.996799994911399,-76.875319813105506,-35.8785198181941,1.9743802916848201,2,shell0-shell0,0
shell0-shell0,2,632,1632,0,2,2,2,2,376.781409316902,744.31504473715802,367.53363542025602,-31.4803311361105,-57.680935343220398,-26.200604207109901,1.97545586467917,2,shell0-shell0,0
shell0-shell0,2,633,1633,0,2,2,3,3,361.01347355495,729.80215474167301,368.78868118672301,-47.248266898062603,-72.193825338705196,-24.9455584406426,2.0215371674503202,2,shell0-shell0,0
shell0-shell0,2,634,1634,0,-1,2,2,2,347.49882366960998,672.55192522097298,325.053101551363,-60.762916783402403,-129.44405485940499,-68.681138076002796,1.9354077752516701,2,shell0-shell0,0
shell0-shell0,2,635,1635,0,-1,2,2,2,324.88150332763598,639.49839937151398,314.616896043878,-83.380237125376894,-162.497580708865,-79.117343583487695,1.9684050733002001,2,shell0-shell0,0
shell0-shell0,2,636,1636,0,-1,2,2,2,308.75181186999203,601.14372987304102,292.391918003049,-99.509928583020297,-200.85225020733699,-101.34232162431699,1.9470128004501199,2,shell0-shell0,0
shell0-shell0,2,637,1637,0,-1,2,2,2,366.99887936022702,718.66493224400199,351.66605288377502,-41.262861092786203,-83.331047836376698,-42.068186743590402,1.9582210536904601,2,shell0-shell0,0
shell0-shell0,2,638,1638,0,-1,2,3,3,391.16006559848501,758.66473561522196,367.50467001673701,-17.101674854527499,-43.331244465156601,-26.229569610629099,1.93952502399355,2,shell0-shell0,0
shell0-shell0,2,640,1640,0,-1,2,4,4,387.32965517149398,754.75824975180399,367.42859458030898,-20.932085281518301,-47.237730328574798,-26.305645047056501,1.9486198375841499,2,shell0-shell0,0
shell0-shell0,2,641,1641,0,2,2,2,2,359.28201778411199,703.86903145854501,344.58701367443399,-48.979722668901097,-98.126948621833193,-49.147225952932097,1.9590989713309099,2,shell0-shell0,0
shell0-shell0,2,642,1642,0,2,2,3,3,361.15144301684501,715.43771752289501,354.28627450605001,-47.110297436167301,-86.558262557483204,-39.447965121315903,1.98099088722047,2,shell0-shell0,0
shell0-shell0,2,644,1644,0,2,2,2,2,315.89825398102198,632.83051840511598,316.932264424094,-92.363486471990498,-169.16546167526201,-76.801975203271894,2.0032732388673899,2,shell0-shell0,0
shell0-shell0,2,645,1645,0,-1,2,4,4,383.03932483953702,745.97872873180302,362.93940389226702,-25.222415613476201,-56.017251348575201,-30.794835735098999,1.9475251765450201,2,shell0-shell0,0
shell0-shell0,2,646,1646,0,-1,2,2,2,395.63941762714802,765.75913130398396,370.11971367683702,-12.622322825865099,-36.236848776394403,-23.614525950529199,1.9354975697230401,2,shell0-shell0,0
shell0-shell0,2,647,1647,0,-1,2,2,2,375.405505945833,726.23838936316304,350.83288341732998,-32.856234507179998,-75.757590717215905,-42.9013562100358,1.93454378761283,2,shell0-shell0,0
shell0-shell0,2,651,1651,0,-1,2,3,3,327.043766469258,634.62065530803397,307.57688883877597,-81.217973983755101,-167.37532477234501,-86.157350788589994,1.9404762309318899,2,shell0-shell0,0
shell0-shell0,2,652,1652,0,-1,2,2,2,322.53390117433202,626.57069539268105,304.03679421834897,-85.727839278681003,-175.425284687698,-89.697445409016694,1.9426506581520999,2,shell0-shell0,0
shell0-shell0,2,653,1653,0,-1,2,2,2,361.17837641281602,704.557523390288,343.379146977473,-47.083364040197097,-97.438456690090106,-50.355092649893002,1.9507190059047199,2,shell0-shell0,0
shell0-shell0,2,654,1654,0,2,2,2,2,378.31522345399799,746.81533816416004,368.50011471016199,-29.946516999014801,-55.180641916218299,-25.234124917203498,1.97405573940635,2,shell0-shell0,0
shell0-shell0,2,655,1655,0,2,2,2,2,353.89397293779098,710.32670628958101,356.43273335178998,-54.367767515221303,-91.669273790797106,-37.301506275575797,2.0071737882194598,2,shell0-shell0,0
shell0-shell0,2,658,1658,0,-1,2,4,4,348.11217184833902,679.09950142297498,330.98732957463699,-60.149568604674201,-122.89647865740299,-62.746910052729298,1.9508065397921099,2,shell0-shell0,0
shell0-shell0,2,659,1659,0,-1,2,2,2,344.52981418151501,670.002345836892,325.472531655377,-63.731926271497898,-131.99363424348601,-68.2617079719884,1.94468611498424,2,shell0-shell0,0
shell0-shell0,2,660,1660,0,-1,2,2,2,366.46371437846398,709.88367957778598,343.41996519932201,-41.798026074548503,-92.112300502592106,-50.314274428043603,1.93711860608567,2,shell0-shell0,0
shell0-shell0,2,661,1661,0,-1,2,3,3,377.01210587379501,735.85128109766595,358.839175223871,-31.249634579217702,-66.144698982712299,-34.895064403494601,1.95179748775492,2,shell0-shell0,0
shell0-shell0,2,662,1662,0,2,2,2,2,319.84723155746002,642.03362117950905,322.18638962204898,-88.414508895553197,-159.96235890086999,-71.547850005316704,2.00731336036019,2,shell0-shell0,0
shell0-shell0,2,664,1664,0,-1,2,2,2,367.82211065511098,713.70461336629501,345.88250271118397,-40.439629797901397,-88.291366714083296,-47.851736916181899,1.9403526669322499,2,shell0-shell0,0
shell0-shell0,2,665,1665,0,2,2,3,3,385.75918325314899,762.84931610928004,377.09013285613202,-22.5025571998641,-39.146663971098398,-16.644106771234298,1.9775273000012299,2,shell0-shell0,0
shell0-shell0,2,666,1666,0,2,2,2,2,339.92061709824299,691.22780527812404,351.307188179881,-68.341123354769707,-110.768174802255,-42.4270514474848,2.033497735968,2,shell0-shell0,0
shell0-shell0,2,667,1667,0,-1,2,3,3,376.70216871565901,738.70435400854706,362.00218529288702,-31.559571737353298,-63.2916260718318,-31.732054334478601,1.96097717336513,2,shell0-shell0,0
shell0-shell0,2,669,1669,0,-1,2,3,3,400.32089285367101,784.22140731089905,383.90051445722901,-7.9408475993421304,-17.7745727694792,-9.8337251701370292,1.95898195999867,2,shell0-shell0,0
shell0-shell0,2,670,1670,0,2,2,3,3,411.96646462268501,812.65767615003097,400.69121152734601,3.7047241696718598,10.6616960696522,6.9569718999803198,1.9726306530662301,2,shell0-shell0,0
shell0-shell0,2,671,1671,0,2,2,4,4,377.36888913637898,736.28645819491601,358.91756905853703,-30.8928513166342,-65.709521885462706,-34.816670568828499,1.9511053491450601,2,shell0-shell0,0
shell0-shell0,2,675,1675,0,2,2,3,3,343.07721762944402,679.24908926981902,336.171871640375,-65.184522823569097,-122.74689081056,-57.562367986990601,1.97987232717817,2,shell0-shell0,0
shell0-shell0,2,676,1676,0,2,2,2,2,362.51805127454901,725.962843940835,363.44479266628599,-45.743689178464102,-76.033136139543601,-30.289446961079399,2.0025564006771002,2,shell0-shell0,0
shell0-shell0,2,678,1678,0,2,2,2,2,358.77810727265597,710.16889252747603,351.39078525482,-49.483633180356897,-91.827087552902896,-42.343454372545899,1.97940977482157,2,shell0-shell0,0
shell0-shell0,2,679,1679,0,-1,2,2,2,367.02077663999302,713.68510617012305,346.664329530131,-41.240963813020201,-88.310873910255395,-47.069910097235201,1.9445359815969501,2,shell0-shell0,0
shell0-shell0,2,681,1681,0,-1,2,3,3,389.33203004557703,766.91865485764799,377.58662481207,-18.9297104074355,-35.077325222730899,-16.147614815295402,1.9698319061184599,2,shell0-shell0,0
shell0-shell0,2,682,1682,0,-1,2,4,4,393.34408853169799,763.86338463694995,370.51929610525201,-14.9176519213148,-38.132595443428997,-23.214943522114201,1.94197245340168,2,shell0-shell0,0
shell0-shell0,2,684,1684,0,-1,2,2,2,340.85657964096799,665.26189239852101,324.40531275755302,-67.405160812044997,-136.734087681858,-69.328926869813003,1.95173551614951,2,shell0-shell0,0
shell0-shell0,2,688,1688,0,-1,2,2,2,328.74461360300597,637.89269967967698,309.14808607667101,-79.517126850006804,-164.10328040070101,-84.586153550694405,1.9403898141126701,2,shell0-shell0,0
shell0-shell0,2,692,1692,0,2,2,3,3,371.745591979089,730.35791771392599,358.61232573483699,-36.516148473924098,-71.638062366452701,-35.121913892528603,1.9646713598557199,2,shell0-shell0,0
shell0-shell0,2,693,1693,0,-1,2,4,4,365.89947068704703,712.02631327479605,346.12684258774902,-42.362269765966197,-89.969666805582705,-47.607397039616501,1.9459615832125401,2,shell0-shell0,0
shell0-shell0,2,694,1694,0,-1,2,2,2,339.47445105913999,656.13300021411897,316.65854915497903,-68.787289393872499,-145.862979866259,-77.075690472386796,1.93279051830564,2,shell0-shell0,0
shell0-shell0,2,695,1695,0,2,2,2,2,368.29203483938602,738.25310597092596,369.96107113154102,-39.969705613627198,-63.742874109452501,-23.773168495825299,2.0045318283706099,2,shell0-shell0,0
shell0-shell0,2,696,1696,0,-1,2,2,2,384.64075576309,749.50331202505902,364.86255626196902,-23.620984689922601,-52.492668055319498,-28.871683365396901,1.94858007321173,2,shell0-shell0,0
shell0-shell0,2,698,1698,0,-1,2,4,4,365.08030374207402,715.77627899664799,350.69597525457402,-43.181436710938797,-86.2197010837302,-43.038264372791403,1.9605995493592501,2,shell0-shell0,0
shell0-shell0,2,704,1704,0,-1,2,3,3,322.66556633074703,623.87367179563398,301.20810546488701,-85.596174122265793,-178.12230828474401,-92.5261341624783,1.93349937797867,2,shell0-shell0,0
shell0-shell0,2,706,1706,0,-1,2,2,2,341.013058980251,661.65118831027701,320.63812933002703,-67.248681472762001,-140.34479177010101,-73.096110297339195,1.9402517612928001,2,shell0-shell0,0
shell0-shell0,2,708,1708,0,-1,2,2,2,372.16660473184101,722.78804367487601,350.621438943035,-36.0951357211719,-79.207936405502295,-43.112800684330402,1.9421088149369801,2,shell0-shell0,0
shell0-shell0,2,710,1710,0,2,2,2,2,326.52309544518403,666.63078979153101,340.10769434634699,-81.738645007828595,-135.365190288848,-53.626545281018998,2.0416037918623799,2,shell0-shell0,0
shell0-shell0,2,711,1711,0,-1,2,2,2,310.01690136236198,599.86790455302798,289.85100319066601,-98.244839090650999,-202.128075527351,-103.8832364367,1.9349522620119199,2,shell0-shell0,0
shell0-shell0,2,712,1712,0,-1,2,2,2,337.14550107635199,655.92534256307101,318.77984148671999,-71.116239376661198,-146.07063751730701,-74.954398140646006,1.94552601315753,2,shell0-shell0,0
shell0-shell0,2,713,1713,0,-1,2,2,2,372.01867496859398,725.12694936786897,353.10827439927499,-36.2430654844188,-76.869030712509996,-40.625965228091196,1.9491681417044,2,shell0-shell0,0
shell0-shell0,2,714,1714,0,2,2,2,2,321.57343696639498,647.38751014030595,325.81407317391103,-86.688303486617798,-154.60846994007301,-67.920166453455195,2.01318714707135,2,shell0-shell0,0
shell0-shell0,2,715,1715,0,2,2,3,3,365.17248316188801,728.92068613744198,363.74820297555402,-43.089257291124603,-73.075293942936895,-29.986036651812299,1.99609970561308,2,shell0-shell0,0
shell0-shell0,2,716,1716,0,2,2,2,2,345.65781501084001,684.25152985080797,338.59371483996898,-62.6039254421732,-117.74445022957001,-55.140524787397098,1.9795633141676601,2,shell0-shell0,0
shell0-shell0,2,720,1720,0,-1,2,2,2,296.47727546244101,573.85200002492604,277.37472456248503,-111.784464990572,-228.143980055452,-116.35951506488,1.9355682459299499,2,shell0-shell0,0
shell0-shell0,2,721,1721,0,-1,2,2,2,348.03166340105997,677.22470292203798,329.19303952097903,-60.230077051953202,-124.77127715834,-64.541200106387194,1.94587094836147,2,shell0-shell0,0
shell0-shell0,2,722,1722,0,-1,2,4,4,381.646535416841,744.168638515937,362.522103099096,-26.615205036171599,-57.827341564441099,-31.2121365282695,1.94988967397056,2,shell0-shell0,0
shell0-shell0,2,723,1723,0,-1,2,2,2,345.61557229840901,674.43571763003195,328.820145331623,-62.646168154603998,-127.560262450347,-64.914094295742998,1.95140431070541,2,shell0-shell0,0
shell0-shell0,2,724,1724,0,-1,2,2,2,390.61145162835999,758.94026936386297,368.32881773550298,-17.650288824652598,-43.055710716515897,-25.405421891863298,1.9429544786770401,2,shell0-shell0,0
shell0-shell0,2,729,1729,0,-1,2,3,3,375.76511928817803,733.88779059597402,358.122671307796,-32.4966211648347,-68.108189484404605,-35.611568319569997,1.9530492664838,2,shell0-shell0,0
shell0-shell0,2,730,1730,0,-1,2,2,2,330.99667969459603,652.30056966113,321.30388996653397,-77.265060758417107,-149.69541041924899,-72.430349660831695,1.9707163535990599,2,shell0-shell0,0
shell0-shell0,2,731,1731,0,-1,2,2,2,363.04075455355201,706.67075161418495,343.62999706063198,-45.220985899460402,-95.325228466193707,-50.104242566733298,1.9465328417004,2,shell0-shell0,0
shell0-shell0,2,734,1734,0,2,2,3,3,367.854958914355,729.42158919892097,361.56663028456597,-40.406781538657597,-72.574390881457703,-32.167609342800098,1.9829054129150601,2,shell0-shell0,0
shell0-shell0,2,739,1739,0,-1,2,2,2,386.98689818852898,748.031935934378,361.04503774584902,-21.274842264483699,-53.964044146001001,-32.689201881517299,1.9329644994078301,2,shell0-shell0,0
shell0-shell0,2,740,1740,0,2,2,2,2,289.77919388692999,587.75582115292104,297.976627265991,-118.482546566083,-214.240158927457,-95.757612361374399,2.0282885505653701,2,shell0-shell0,0
shell0-shell0,2,742,1742,0,-1,2,2,2,384.86117726168101,745.61996919913099,360.75879193744998,-23.400563191332001,-56.376010881247602,-32.975447689915498,1.9373738200986601,2,shell0-shell0,0
shell0-shell0,2,745,1745,0,2,2,2,2,338.39166347906399,668.59280965068899,330.201146171625,-69.870076973948997,-133.40317042968999,-63.533093455740897,1.9757957473797401,2,shell0-shell0,0
shell0-shell0,2,746,1746,0,-1,2,3,3,300.923299350516,592.45779299328603,291.53449364276997,-107.33844110249601,-209.53818708709201,-102.19974598459601,1.9688000040940301,2,shell0-shell0,0
shell0-shell0,2,747,1747,0,-1,2,2,2,360.65157848198697,698.77273176225799,338.12115328027102,-47.610161971025498,-103.22324831812099,-55.613086347095297,1.9375285551319399,2,shell0-shell0,0
shell0-shell0,2,748,1748,0,-1,2,2,2,367.31077491529101,710.37203701959902,343.06126210430699,-40.950965537721302,-91.623943060779794,-50.6729775230584,1.93398093803108,2,shell0-shell0,0
shell0-shell0,2,749,1749,0,-1,2,2,2,331.19411498179602,644.32569023800704,313.13157525621102,-77.067625471217198,-157.670289842372,-80.602664371154404,1.94546237717244,2,shell0-shell0,0
shell0-shell0,2,752,1752,0,-1,2,2,2,370.86822172551098,720.99055717854901,350.12233545303798,-37.3935187275018,-81.005422901829903,-43.611904174328103,1.9440612997901201,2,shell0-shell0,0
shell0-shell0,2,755,1755,0,2,2,4,4,358.40264008052998,703.73224252264595,345.32960244211603,-49.859100372482402,-98.263737557732398,-48.404637185250003,1.9635241592096599,2,shell0-shell0,0
shell0-shell0,2,756,1756,0,-1,2,2,2,369.79619016024202,714.88058903323395,345.08439887299198,-38.465550292770999,-87.115391047144797,-48.649840754373898,1.93317456495011,2,shell0-shell0,0
shell0-shell0,2,757,1757,0,-1,2,2,2,350.71796330798099,678.43484606091295,327.71688275293201,-57.543777145031797,-123.561134019465,-66.017356874433702,1.93441715862483,2,shell0-shell0,0
shell0-shell0,2,758,1758,0,-1,2,2,2,386.66308531666101,753.91284730475604,367.249761988096,-21.598655136351901,-48.083132775622097,-26.484477639270199,1.9497926642967101,2,shell0-shell0,0
shell0-shell0,2,759,1759,0,-1,2,2,2,320.70252011508802,623.32582319682001,302.62330308173199,-87.559220337924998,-178.670156883559,-91.110936545634004,1.9436262084037601,2,shell0-shell0,0
shell0-shell0,2,760,1760,0,-1,2,2,2,366.96568902857501,713.28552791153595,346.31983888296099,-41.296051424438097,-88.710452168842906,-47.414400744404901,1.9437390176714699,2,shell0-shell0,0
shell0-shell0,2,761,1761,0,2,2,3,3,381.23455003126901,748.69285547825996,367.45830544699101,-27.027190421744201,-53.303124602118899,-26.275934180374701,1.96386412358705,2,shell0-shell0,0
shell0-shell0,2,763,1763,0,2,2,2,2,321.83572735100302,652.078360027293,330.24263267628999,-86.426013102010003,-149.91762005308499,-63.491606951075397,2.0261217279836599,2,shell0-shell0,0
shell0-shell0,2,766,1766,0,-1,2,2,2,336.13795349599502,651.80389020049904,315.66593670450402,-72.123786957017501,-150.19208987988,-78.068302922862102,1.93909638415248,2,shell0-shell0,0
shell0-shell0,2,769,1769,0,-1,2,3,3,391.15529492915499,757.05706863119599,365.90177370203997,-17.106445523857399,-44.938911449182903,-27.832465925325501,1.93543863126872,2,shell0-shell0,0
shell0-shell0,2,770,1770,0,2,2,2,2,339.23279664408199,680.501515259862,341.26871861578002,-69.028943808930293,-121.494464820516,-52.465521011585899,2.00600154817529,2,shell0-shell0,0
shell0-shell0,2,773,1773,0,2,2,2,2,354.06046160206898,718.59017078188504,364.529709179816,-54.201278850943901,-83.405809298494006,-29.204530447549999,2.0295690954318202,2,shell0-shell0,0
shell0-shell0,2,774,1774,0,2,2,3,3,376.85371121509797,737.91220387006297,361.05849265496602,-31.408029237914999,-64.083776210315094,-32.675746972400098,1.95808660472202,2,shell0-shell0,0
shell0-shell0,2,775,1775,0,-1,2,3,3,376.87015239320601,728.77070788049696,351.90055548729202,-31.391588059806999,-73.225272199881104,-41.833684140074197,1.93374482763532,2,shell0-shell0,0
shell0-shell0,2,776,1776,0,-1,2,2,2,338.52485803069999,657.46427683044794,318.93941879974801,-69.736882422313201,-144.53170324993101,-74.7948208276175,1.9421447531360501,2,shell0-shell0,0
shell0-shell0,2,777,1777,0,2,2,4,4,347.812116855976,686.90334591009503,339.09122905411903,-60.449623597037203,-115.092634170284,-54.6430105732464,1.9749264405142399,2,shell0-shell0,0
shell0-shell0,2,778,1778,0,-1,2,2,2,384.65756874669898,746.94854221744095,362.29097347074202,-23.604171706314101,-55.047437862937599,-31.443266156623501,1.9418532297470901,2,shell0-shell0,0
shell0-shell0,2,779,1779,0,2,2,2,2,399.64798342797002,785.16987409614399,385.52189066817499,-8.6137570250431299,-16.826105984234299,-8.2123489591912193,1.9646536618585499,2,shell0-shell0,0
shell0-shell0,2,781,1781,0,2,2,2,2,349.99000425118902,689.96688901084997,339.976884759661,-58.271736201823998,-112.029091069529,-53.757354867704898,1.97139027009371,2,shell0-shell0,0
shell0-shell0,2,783,1783,0,2,2,2,2,367.996872338564,725.10707547804702,357.11020313948302,-40.264868114448497,-76.888904602331607,-36.624036487883103,1.9704164083517901,2,shell0-shell0,0
shell0-shell0,2,791,1791,0,2,2,2,2,329.89268369763101,662.08260861711994,332.18992491948899,-78.369056755382204,-139.91337146325901,-61.544314707876801,2.0069636016055599,2,shell0-shell0,0
shell0-shell0,2,792,1792,0,-1,2,2,2,373.50496852972901,730.03397617268001,356.52900764295202,-34.7567719232838,-71.962003907698104,-37.205231984414198,1.9545495714458601,2,shell0-shell0,0
shell0-shell0,2,793,1793,0,-1,2,2,2,323.47745995816098,630.85739748976198,307.379937531601,-84.784280494851899,-171.13858259061701,-86.354302095765107,1.9502360305764701,2,shell0-shell0,0
shell0-shell0,2,794,1794,0,-1,2,2,2,345.53719306268601,671.22003646796895,325.68284340528299,-62.724547390326698,-130.77594361240901,-68.051396222082403,1.94254062932727,2,shell0-shell0,0
shell0-shell0,2,795,1795,0,-1,2,3,3,376.57303385173998,731.15043911305702,354.57740526131698,-31.688706601272699,-70.845540967321398,-39.156834366048699,1.94159000615248,2,shell0-shell0,0
shell0-shell0,2,796,1796,0,-1,2,2,2,353.02807718027799,689.77994765608196,336.75187047580403,-55.233663272734901,-112.216032424297,-56.982369151561798,1.9538954328095499,2,shell0-shell0,0
shell0-shell0,2,797,1797,0,-1,2,2,2,328.46773910185902,640.43733411293101,311.96959501107199,-79.794001351154193,-161.558645967448,-81.764644616293296,1.9497724064594699,2,shell0-shell0,0
shell0-shell0,2,798,1798,0,-1,2,2,2,368.772440269507,714.25662702899297,345.48418675948602,-39.489300183505499,-87.739353051385095,-48.250052867879603,1.9368492572465501,2,shell0-shell0,0
shell0-shell0,2,800,1800,0,-1,2,3,3,367.366829414096,713.205908619105,345.839079205009,-40.894911038916703,-88.790071461273101,-47.895160422356398,1.9413998529931999,2,shell0-shell0,0
shell0-shell0,2,801,1801,0,2,2,2,2,316.73400446808398,635.14685999942901,318.41285553134497,-91.527735984929194,-166.84912008095,-75.321384096020395,2.0053005078064801,2,shell0-shell0,0
shell0-shell0,2,803,1803,0,-1,2,2,2,353.69895683682,684.41508563940499,330.71612880258499,-54.562783616192597,-117.580894440973,-63.018110824780798,1.93502149896122,2,shell0-shell0,0
shell0-shell0,2,809,1809,0,-1,2,3,3,340.43206004931398,662.61247859028504,322.18041854096998,-67.829680403698603,-139.38350149009401,-71.553821086395402,1.94638683117654,2,shell0-shell0,0
shell0-shell0,2,810,1810,0,-1,2,2,2,376.81023313365603,737.16614524007605,360.35591210642002,-31.451507319356399,-64.829834840302496,-33.378327520946101,1.9563326056981001,2,shell0-shell0,0
shell0-shell0,2,811,1811,0,-1,2,2,2,338.388948016482,656.12957058706297,317.74062257058102,-69.872792436531199,-145.86640949331601,-75.993617056784402,1.9389804969490501,2,shell0-shell0,0
shell0-shell0,2,812,1812,0,-1,2,2,2,353.88367990835502,690.49513667490396,336.61145676655002,-54.378060544658098,-111.500843405474,-57.122782860816102,1.95119237161127,2,shell0-shell0,0
shell0-shell0,2,814,1814,0,-1,2,2,2,336.30021825366498,652.30965383465002,316.00943558098498,-71.961522199348096,-149.68632624572899,-77.724804046380697,1.93966467587192,2,shell0-shell0,0
shell0-shell0,2,815,1815,0,-1,2,2,2,345.08220715137702,672.05128266675001,326.96907551537299,-63.179533301635999,-129.94469741362801,-66.765164111992405,1.94751067641092,2,shell0-shell0,0
shell0-shell0,2,816,1816,0,-1,2,2,2,350.11711516067299,680.539114800172,330.42199963949798,-58.144625292339498,-121.456865280207,-63.312239987867301,1.9437470644297501,2,shell0-shell0,0
shell0-shell0,2,817,1817,0,2,2,2,2,360.37568810204198,713.74729258089496,353.37160447885299,-47.886052350971198,-88.248687499484006,-40.362635148512801,1.98056449462483,2,shell0-shell0,0
shell0-shell0,2,818,1818,0,-1,2,3,3,359.64289332396902,696.60264423477099,336.95975091080197,-48.6188471290438,-105.39333584560799,-56.774488716563802,1.9369287066859,2,shell0-shell0,0
shell0-shell0,2,819,1819,0,-1,2,2,2,352.53181618727803,683.76053128415595,331.22871509687798,-55.729924265735001,-118.235448796223,-62.505524530487698,1.93957112489648,2,shell0-shell0,0
shell0-shell0,2,821,1821,0,-1,2,2,2,358.58276162955502,694.36265652489601,335.77989489534099,-49.678978823457904,-107.633323555483,-57.954344732025099,1.93640835763942,2,shell0-shell0,0
shell0-shell0,2,822,1822,0,-1,2,3,3,384.31170377210498,748.28737488905597,363.97567111695002,-23.950036680907399,-53.708605191322697,-29.758568510415301,1.9470845346224099,2,shell0-shell0,0
shell0-shell0,2,823,1823,0,2,2,2,2,363.91793042297002,729.01197807279902,365.09404764982901,-44.343810030042597,-72.984002007579505,-28.640191977537,2.00323181994768,2,shell0-shell0,0
shell0-shell0,2,824,1824,0,2,2,2,2,342.84739128390601,673.02623473192295,330.17884344801598,-65.4143491691066,-128.969745348456,-63.555396179349401,1.96304901784888,2,shell0-shell0,0
shell0-shell0,2,826,1826,0,-1,2,2,2,363.10100434440102,706.66053663660205,343.5595322922,-45.160736108611303,-95.335443443776995,-50.1747073351656,1.94618171853453,2,shell0-shell0,0
shell0-shell0,2,828,1828,0,-1,2,2,2,366.654227723237,713.04959577559703,346.395368052359,-41.6075127297756,-88.946384304782001,-47.338871575006401,1.94474669009907,2,shell0-shell0,0
shell0-shell0,2,830,1830,0,-1,2,2,2,341.674185740349,661.206110894625,319.531925154276,-66.587554712663504,-140.78986918575299,-74.202314473089899,1.9351948098212499,2,shell0-shell0,0
shell0-shell0,2,832,1832,0,-1,2,2,2,362.523274290713,708.11549051898498,345.59221622827198,-45.7384661623,-93.880489561393702,-48.142023399093702,1.9532966315181599,2,shell0-shell0,0
shell0-shell0,2,833,1833,0,2,2,2,2,346.34433162880202,683.87885007790601,337.53451844910302,-61.917408824210398,-118.117130002473,-56.1997211782625,1.9745634261191201,2,shell0-shell0,0
shell0-shell0,2,835,1835,0,-1,2,2,2,360.86069895462401,701.295022410152,340.43432345552799,-47.4010414983887,-100.700957670226,-53.299916171837502,1.94339540005806,2,shell0-shell0,0
shell0-shell0,2,838,1838,0,-1,2,2,2,380.688983324547,740.26129403709001,359.57231071254301,-27.572757128466002,-61.734686043288498,-34.161928914822496,1.9445303816580299,2,shell0-shell0,0
shell0-shell0,2,841,1841,0,-1,2,2,2,333.415572128549,645.78447209458602,312.368899966036,-74.846168324463406,-156.21150798579299,-81.3653396613296,1.9368755573467999,2,shell0-shell0,0
shell0-shell0,2,842,1842,0,-1,2,2,2,376.85959476013898,732.400371897573,355.54077713743499,-31.402145692873901,-69.595608182805094,-38.1934624899312,1.9434303440349601,2,shell0-shell0,0
shell0-shell0,2,844,1844,0,2,2,3,3,353.74462699148398,703.02794335396402,349.28331636247998,-54.517113461528801,-98.968036726414098,-44.450923264885297,1.9873883296350101,2,shell0-shell0,0
shell0-shell0,2,848,1848,0,-1,2,3,3,375.67240614050701,728.10055402727698,352.42814788676998,-32.5893343125054,-73.895426053101602,-41.306091740596202,1.93812625608429,2,shell0-shell0,0
shell0-shell0,2,851,1851,0,-1,2,3,3,364.215968866038,716.05536783742696,351.83939897138902,-44.045771586975,-85.9406122429519,-41.894840655976999,1.96601859623788,2,shell0-shell0,0
shell0-shell0,2,852,1852,0,-1,2,2,2,373.95435539722098,723.68299424331201,349.728638846092,-34.307385055792203,-78.312985837066407,-44.005600781274197,1.93521745046826,2,shell0-shell0,0
shell0-shell0,2,854,1854,0,-1,2,2,2,352.88318972701097,681.89561336863096,329.01242364161999,-55.378550726002203,-120.10036671174799,-64.721815985745394,1.93235504897851,2,shell0-shell0,0
shell0-shell0,2,857,1857,0,-1,2,2,2,371.84865794734702,722.61653056704597,350.76787261969997,-36.413082505666203,-79.379449513332503,-42.9663670076662,1.9433081580984699,2,shell0-shell0,0
shell0-shell0,2,865,1865,0,-1,2,2,2,340.19787790294902,662.594576516448,322.39669861349802,-68.063862550063305,-139.40140356393101,-71.337541013867593,1.9476740437089699,2,shell0-shell0,0
shell0-shell0,2,867,1867,0,2,2,2,2,294.48535541613097,593.22342023902399,298.73806482289302,-113.776385036882,-208.772559841354,-94.996174804472602,2.0144411575263299,2,shell0-shell0,0
shell0-shell0,2,869,1869,0,-1,2,2,2,317.87995046948902,615.43448723488598,297.55453676539599,-90.381789983523603,-186.56149284549301,-96.179702861969403,1.9360594662416599,2,shell0-shell0,0
shell0-shell0,2,873,1873,0,2,2,2,2,345.68390769645902,691.023874607376,345.33996691091698,-62.577832756553804,-110.972105473003,-48.394272716448803,1.9990050425319701,2,shell0-shell0,0
shell0-shell0,2,874,1874,0,-1,2,2,2,368.62916343295399,714.82829936566702,346.19913593271298,-39.632577020059202,-87.167680714711906,-47.535103694652697,1.93915286763707,2,shell0-shell0,0
shell0-shell0,2,875,1875,0,-1,2,2,2,373.67119617523599,724.65242525505096,350.98122907981599,-34.590544277777099,-77.343554825327104,-42.753010547549998,1.9392782549801399,2,shell0-shell0,0
shell0-shell0,2,876,1876,0,-1,2,2,2,364.41185915672298,708.09803005239701,343.68617089567402,-43.849881296289297,-93.897950027981594,-50.048068731692297,1.9431256482458901,2,shell0-shell0,0
shell0-shell0,2,878,1878,0,-1,2,2,2,364.91501128657097,710.24240674673194,345.32739546016097,-43.346729166441797,-91.7535733336465,-48.406844167204703,1.94632280059581,2,shell0-shell0,0
shell0-shell0,2,881,1881,0,-1,2,3,3,389.68632876747398,755.79785216962898,366.11152340215398,-18.575411685538601,-46.198127910750003,-27.622716225211398,1.9395031243721499,2,shell0-shell0,0
shell0-shell0,2,882,1882,0,-1,2,2,2,360.105048146917,700.401111375352,340.296063228435,-48.156692306095998,-101.594868705027,-53.4381763989308,1.9449910935144701,2,shell0-shell0,0
shell0-shell0,2,887,1887,0,-1,2,2,2,368.46643760821598,715.69669414772,347.23025653950498,-39.795302844797199,-86.299285932658094,-46.503983087860902,1.94236603689997,2,shell0-shell0,0
shell0-shell0,2,888,1888,0,-1,2,2,2,392.667825567124,763.86289287920397,371.195067312079,-15.5939148858886,-38.133087201175002,-22.5391723152864,1.9453157176195099,2,shell0-shell0,0
shell0-shell0,2,893,1893,0,-1,2,2,2,348.88820662591701,675.70879033031997,326.82058370440302,-59.3735338270955,-126.287189750058,-66.913655922962803,1.9367487278090301,2,shell0-shell0,0
shell0-shell0,2,897,1897,0,-1,2,2,2,368.90633335859502,718.32997786306896,349.423644504474,-39.3554070944176,-83.666002217309099,-44.310595122891598,1.9471879794614899,2,shell0-shell0,0
shell0-shell0,2,902,1902,0,-1,2,2,2,342.30776817374198,663.82046186705395,321.51269369331197,-65.953972279271198,-138.17551821332501,-72.221545934053594,1.9392503576784901,2,shell0-shell0,0
shell0-shell0,2,903,1903,0,-1,2,2,2,301.86767273314302,585.79948164064103,283.93180890749898,-106.39406771986999,-216.19649843973701,-109.802430719867,1.9405836880006,2,shell0-shell0,0
shell0-shell0,2,904,1904,0,-1,2,2,2,373.50977302473899,725.55056565625296,352.04079263151402,-34.751967428273701,-76.445414424125104,-41.693446995851403,1.9425209674719699,2,shell0-shell0,0
shell0-shell0,2,905,1905,0,2,2,2,2,381.85274758819401,750.14532088727901,368.29257329908501,-26.408992864819002,-51.8506591931,-25.441666328280998,1.96448847265142,2,shell0-shell0,0
shell0-shell0,2,906,1906,0,-1,2,2,2,371.34357027978302,727.38278678185304,356.03921650207002,-36.918170173230003,-74.613193298525601,-37.695023125295599,1.9587865389289401,2,shell0-shell0,0
shell0-shell0,2,907,1907,0,-1,2,2,2,377.010775131949,730.09903967409605,353.08826454214699,-31.2509653210636,-71.896940406282695,-40.645975085219099,1.9365468783181901,2,shell0-shell0,0
shell0-shell0,2,909,1909,0,-1,2,3,3,344.80614406597402,665.90135804001704,321.09521397404399,-63.455596387039101,-136.094622040361,-72.639025653321994,1.9312340267132999,2,shell0-shell0,0
shell0-shell0,2,910,1910,0,-1,2,2,2,356.75304229609799,689.02773577610901,332.27469348001199,-51.508698156915003,-112.96824430426901,-61.459546147354096,1.9313857321060499,2,shell0-shell0,0
shell0-shell0,2,912,1912,0,2,2,2,2,319.81503665663598,636.76479732467203,316.94976066803599,-88.446703796376596,-165.23118275570599,-76.784478959329803,1.9910408340440999,2,shell0-shell0,0
shell0-shell0,2,914,1914,0,2,2,2,2,357.51081098532597,719.64127973876202,362.13046875343503,-50.750929467686298,-82.354700341616805,-31.6037708739305,2.01292172887129,2,shell0-shell0,0
shell0-shell0,2,915,1915,0,-1,2,2,2,349.21734390504503,681.21528454854695,331.99794064350198,-59.044396547967303,-120.780695531831,-61.736298983864202,1.95069144313111,2,shell0-shell0,0
shell0-shell0,2,916,1916,0,-1,2,2,2,378.968548318545,737.50892514235898,358.54037682381301,-29.293192134467301,-64.487054938019995,-35.193862803552697,1.94609533802905,2,shell0-shell0,0
shell0-shell0,2,919,1919,0,-1,2,2,2,340.371209500845,657.88614502718497,317.51493552634003,-67.890530952167794,-144.10983505319399,-76.219304101026196,1.9328489797711601,2,shell0-shell0,0
shell0-shell0,2,920,1920,0,-1,2,2,2,307.07064403149298,595.40228623422297,288.33164220273,-101.19109642152,-206.59369384615599,-105.402597424636,1.93897494862178,2,shell0-shell0,0
shell0-shell0,2,922,1922,0,-1,2,2,2,373.91303815787302,724.73752790502499,350.82448974715197,-34.348702295139603,-77.258452175353597,-42.909749880214001,1.9382515556973601,2,shell0-shell0,0
shell0-shell0,2,928,1928,0,-1,2,2,2,294.303051358804,569.52285874199504,275.21980738319098,-113.95868909420901,-232.473121338384,-118.514432244175,1.9351578453315199,2,shell0-shell0,0
shell0-shell0,2,930,1930,0,2,2,2,2,323.01128938054899,649.57494914804602,326.56365976749697,-85.250451072463605,-152.421030932332,-67.170579859868695,2.0109976663470799,2,shell0-shell0,0
shell0-shell0,2,932,1932,0,-1,2,2,2,320.09558772754798,622.67218743449405,302.57659970694601,-88.1661527254644,-179.32379264588499,-91.157639920420294,1.9452695110701901,2,shell0-shell0,0
shell0-shell0,2,937,1937,0,-1,2,2,2,285.82647808853699,557.77664615990295,271.95016807136602,-122.435262364476,-244.219333920476,-121.784071556,1.95145197845221,2,shell0-shell0,0
shell0-shell0,2,938,1938,0,-1,2,2,2,289.81572874493497,566.41000542262998,276.59427667769501,-118.44601170807699,-235.58597465774801,-117.139962949671,1.9543797980720501,2,shell0-shell0,0
shell0-shell0,2,939,1939,0,-1,2,2,2,305.12715287811102,600.60672940180302,295.47957652369303,-103.134587574902,-201.389250678575,-98.254663103672996,1.96838178358295,2,shell0-shell0,0
shell0-shell0,2,940,1940,0,-1,2,2,2,302.78128658393598,585.70972416381699,282.92843757988101,-105.480453869077,-216.286255916561,-110.80580204748399,1.93443171727011,2,shell0-shell0,0
shell0-shell0,2,943,1943,0,-1,2,3,3,326.29573563734499,631.06198854001502,304.76625290266998,-81.9660048156682,-170.93399154036399,-88.967986724695706,1.93401849799654,2,shell0-shell0,0
shell0-shell0,2,945,1945,0,-1,2,2,2,383.87886026324998,747.13368776279106,363.25482749954102,-24.382880189762801,-54.862292317587801,-30.4794121278251,1.9462746327068801,2,shell0-shell0,0
shell0-shell0,2,946,1946,0,-1,2,2,2,314.69507518074499,609.42048278301195,294.72540760226701,-93.566665272268096,-192.57549729736701,-99.008832025098499,1.9365428023714499,2,shell0-shell0,0
shell0-shell0,2,948,1948,0,-1,2,2,2,352.105374712784,682.04050925297804,329.93513454019399,-56.1563657402288,-119.95547082740001,-63.799105087171696,1.9370352122836101,2,shell0-shell0,0
shell0-shell0,2,953,1953,0,-1,2,2,2,345.020468439105,673.02470792527504,328.00423948616998,-63.241272013907597,-128.97127215510301,-65.730000141195504,1.9506805233036799,2,shell0-shell0,0
shell0-shell0,2,954,1954,0,-1,2,2,2,356.808251602474,691.70057451149603,334.892322909021,-51.453488850538299,-110.295405568883,-58.8419167183444,1.9385778535249001,2,shell0-shell0,0
shell0-shell0,2,955,1955,0,2,2,2,2,334.26705727420801,684.38041509055802,350.11335781635,-73.994683178805104,-117.615564989821,-43.620881811015899,2.0474061089697599,2,shell0-shell0,0
shell0-shell0,2,957,1957,0,-1,2,2,2,385.69565270007701,746.59872451668002,360.90307181660302,-22.566087752935399,-55.397255563698501,-32.831167810763098,1.93571983321587,2,shell0-shell0,0
shell0-shell0,2,958,1958,0,-1,2,2,2,317.97898365672398,617.76594243071804,299.786958773994,-90.282756796289206,-184.230037649661,-93.947280853371794,1.94278859353054,2,shell0-shell0,0
shell0-shell0,2,959,1959,0,-1,2,2,2,335.06157107111,654.06374584726302,319.00217477615303,-73.200169381902597,-147.93223423311599,-74.732064851213195,1.95207031279768,2,shell0-shell0,0
shell0-shell0,2,960,1960,0,-1,2,2,2,367.134058782247,710.93653252083095,343.80247373858401,-41.127681670765803,-91.059447559547294,-49.931765888781499,1.9364494127266401,2,shell0-shell0,0
shell0-shell0,2,961,1961,0,-1,2,2,2,338.19980950694497,653.59340904681903,315.393599539874,-70.061930946067804,-148.40257103355901,-78.340640087491494,1.9325658698616099,2,shell0-shell0,0
shell0-shell0,2,963,1963,0,-1,2,2,2,343.72384350072201,666.57696264716196,322.85311914644001,-64.537896952290893,-135.41901743321699,-70.881120480925901,1.9392805452722699,2,shell0-shell0,0
shell0-shell0,2,965,1965,0,-1,2,2,2,374.74168856456203,728.88646861566099,354.14478005109902,-33.520051888450702,-73.109511464717798,-39.589459576267103,1.94503705047506,2,shell0-shell0,0
shell0-shell0,2,966,1966,0,-1,2,3,3,421.73764751803998,817.19751491885097,395.45986740081099,13.4759070650276,15.2015348384724,1.72562777344478,1.9376916424894099,2,shell0-shell0,0
shell0-shell0,2,969,1969,0,2,2,2,2,341.71262949591397,680.52816788796304,338.81553839204901,-66.549110957098705,-121.467812192415,-54.918701235316298,1.9915218494905,2,shell0-shell0,0
shell0-shell0,2,970,1970,0,-1,2,2,2,345.567521287891,676.33476010610502,330.76723881821403,-62.694219165121801,-125.661219974273,-62.967000809151699,1.9571710836292799,2,shell0-shell0,0
shell0-shell0,2,972,1972,0,-1,2,3,3,357.75250776781598,697.10793882016003,339.35543105234399,-50.509232685196302,-104.888041260218,-54.378808575022198,1.94857596713924,2,shell0-shell0,0
shell0-shell0,2,974,1974,0,-1,2,2,2,325.54394106515201,630.23805533152404,304.69411426637203,-82.717799387860893,-171.757924748855,-89.040125360993798,1.9359538785131101,2,shell0-shell0,0
shell0-shell0,2,975,1975,0,-1,2,3,3,383.51326003810902,747.76269270405101,364.24943266594198,-24.748480414904201,-54.233287376328001,-29.4848069614238,1.94977011389319,2,shell0-shell0,0
shell0-shell0,2,977,1977,0,-1,2,2,2,381.48463573591198,741.42256396566199,359.93792822975001,-26.777104717100698,-60.573416114716103,-33.796311397615497,1.94351880655797,2,shell0-shell0,0
shell0-shell0,2,979,1979,0,2,2,2,2,317.19196821069499,633.75560457007805,316.563636359383,-91.069772242317597,-168.24037551030099,-77.170603267983097,1.99801908019659,2,shell0-shell0,0
shell0-shell0,2,981,1981,0,-1,2,2,2,316.83738059163699,613.17680355935499,296.33942296771698,-91.424359861375294,-188.81917652102399,-97.394816659648797,1.93530448463611,2,shell0-shell0,0
shell0-shell0,2,983,1983,0,2,2,2,2,335.51474831799197,662.58856165298801,327.07381333499598,-72.746992135020506,-139.40741842739101,-66.660426292370204,1.9748418362372699,2,shell0-shell0,0
shell0-shell0,2,987,1987,0,-1,2,3,3,335.97256618348399,650.67561215010198,314.70304596661902,-72.289174269529198,-151.32036793027601,-79.031193660746993,1.9366926875653001,2,shell0-shell0,0
shell0-shell0,2,988,1988,0,-1,2,2,2,339.243128025354,655.69927242759002,316.45614440223699,-69.018612427658994,-146.296707652788,-77.278095225129206,1.9328299330460901,2,shell0-shell0,0
shell0-shell0,2,989,1989,0,2,2,2,2,369.23299442778301,728.60507259905899,359.37207817127597,-39.0287460252298,-73.390907481319601,-34.362161456089801,1.9732935127539499,2,shell0-shell0,0
shell0-shell0,2,992,1992,0,-1,2,2,2,343.54256183235799,665.40217602715597,321.85961419479702,-64.719178620654404,-136.59380405322301,-71.874625432568706,1.9368842465343701,2,shell0-shell0,0
shell0-shell0,2,993,1993,0,2,2,2,2,294.48535541613097,593.22342023902502,298.73806482289399,-113.776385036882,-208.772559841354,-94.996174804472304,2.0144411575263299,2,shell0-shell0,0
shell0-shell0,2,994,1994,0,2,2,2,2,249.95399744402599,514.31921284770601,264.36521540368,-158.30774300898599,-287.676767232673,-129.36902422368601,2.0576554810365901,2,shell0-shell0,0
shell0-shell0,2,995,1995,0,2,2,2,2,287.375789511856,585.33686129605303,297.96107178419697,-120.88595094115701,-216.65911878432601,-95.773167843169006,2.0368342868768501,2,shell0-shell0,0
shell0-shell0,2,996,1996,0,-1,2,2,2,304.66873109624203,590.18626578215503,285.51753468591301,-103.59300935677101,-211.80971429822401,-108.216704941453,1.9371409191175599,2,shell0-shell0,0
shell0-shell0,1,104,104,0,-1,3,5,5,456.46988777583402,888.19524807816902,431.72536030233601,48.208147322820899,86.199267997790699,37.9911206749697,1.9457915447740299,3,shell0-shell0,0
shell0-shell0,1,113,113,0,-1,3,6,6,433.85417723212498,846.98495383770899,413.13077660558298,25.5924367791125,44.988973757330101,19.3965369782176,1.95223417979112,3,shell0-shell0,0
shell0-shell0,1,161,161,0,-1,3,2,2,338.03183146952699,655.96069165343204,317.92886018390499,-70.229908983485601,-146.03528842694601,-75.805379443460794,1.94052935429711,3,shell0-shell0,0
shell0-shell0,1,174,174,0,-1,3,4,4,385.39636431273601,756.86328551247095,371.466921199735,-22.865376140276901,-45.132694567907301,-22.2673184276304,1.9638568383024599,3,shell0-shell0,0
shell0-shell0,1,186,186,0,-1,3,6,6,436.52883623975202,843.82748793372105,407.29865169396902,28.267095786739599,41.831507853342401,13.564412066602801,1.93303951052221,3,shell0-shell0,0
shell0-shell0,1,215,215,0,-1,3,4,4,378.04773893879798,731.71007567544598,353.662336736648,-30.2140015142149,-70.285904404932396,-40.071902890717404,1.9354965003345901,3,shell0-shell0,0
shell0-shell0,1,231,231,0,-1,3,5,5,405.12723975157797,789.87438137573497,384.747141624157,-3.1345007014347201,-12.1215987046435,-8.9870980032087608,1.9496945746232299,3,shell0-shell0,0
shell0-shell0,1,246,246,0,-1,3,9,9,377.49312485311299,734.88440409720602,357.39127924409303,-30.768615599899601,-67.111575983172401,-36.342960383272803,1.94674910803517,3,shell0-shell0,0
shell0-shell0,1,251,251,0,-1,3,2,2,361.14082019878998,697.93367437684401,336.79285417805397,-47.120920254222398,-104.06230570353399,-56.941385449312001,1.9325804100258299,3,shell0-shell0,0
shell0-shell0,1,270,270,0,-1,3,4,4,430.55861578912101,839.41872985072996,408.86011406160998,22.296875336107998,37.422749770351899,15.125874434243901,1.94960383805642,3,shell0-shell0,0
shell0-shell0,1,273,273,0,-1,3,4,4,389.30571442225499,755.05585743906204,365.75014301680699,-18.956026030757599,-46.940122641316897,-27.984096610559298,1.9394933839067701,3,shell0-shell0,0
shell0-shell0,1,274,274,0,-1,3,5,5,362.65754087515199,703.309352479155,340.651811604003,-45.604199577860697,-98.686627601223407,-53.082428023362802,1.9393209108018401,3,shell0-shell0,0
shell0-shell0,1,285,285,0,-1,3,4,4,404.53691850266699,786.77865771592599,382.241739213259,-3.7248219503453002,-15.217322364452199,-11.4925004141069,1.9448871579584599,3,shell0-shell0,0
shell0-shell0,1,286,286,0,-1,3,3,3,416.49491343726902,806.79529622017503,390.30038278290601,8.2331729842563792,4.7993161397969297,-3.4338568444594602,1.9371072015305499,3,shell0-shell0,0
shell0-shell0,1,288,288,0,-1,3,8,8,393.49536854852897,761.21934009927395,367.72397155074498,-14.766371904484201,-40.776639981104502,-26.010268076620299,1.9345064794718001,3,shell0-shell0,0
shell0-shell0,1,299,299,0,-1,3,3,3,398.53954379142601,784.81217128705896,386.272627495633,-9.7221966615870201,-17.183808793319599,-7.4616121317325801,1.9692203283541401,3,shell0-shell0,0
shell0-shell0,1,302,302,0,-1,3,2,2,337.64140992016002,655.26386177117195,317.62245185101102,-70.620330532852293,-146.73211830920701,-76.111787776354404,1.94070941098758,3,shell0-shell0,0
shell0-shell0,1,309,309,0,-1,3,6,6,406.96987760411298,790.29334124519198,383.323463641079,-1.29186284890017,-11.7026388351869,-10.410775986286801,1.94189640249975,3,shell0-shell0,0
shell0-shell0,1,311,311,0,-1,3,3,3,400.87085241527001,782.65858975634899,381.78773734107898,-7.3908880377424602,-19.337390324029101,-11.9465022862867,1.9523958527809799,3,shell0-shell0,0
shell0-shell0,1,317,317,0,-1,3,3,3,358.753190054306,692.24007378155204,333.48688372724598,-49.508550398707001,-109.75590629882601,-60.247355900119402,1.9295718978185701,3,shell0-shell0,0
shell0-shell0,1,338,338,0,-1,3,8,8,378.81525615389103,734.78041743510005,355.965161281208,-29.446484299121501,-67.215562645278894,-37.7690783461574,1.9396801092314,3,shell0-shell0,0
shell0-shell0,1,342,342,0,-1,3,2,2,383.05563755082801,745.27889194984198,362.223254399013,-25.206102902184298,-56.717088130536702,-31.5109852283524,1.9456152550449,3,shell0-shell0,0
shell0-shell0,1,345,345,0,-1,3,2,2,322.99416899925802,627.08549045117002,304.09132145191199,-85.2675714537544,-174.910489629208,-89.6429181754539,1.94147619566659,3,shell0-shell0,0
shell0-shell0,1,348,348,0,-1,3,2,2,307.41015103102598,593.56107466074104,286.15092362971501,-100.851589421987,-208.434905419638,-107.583315997651,1.93084409434754,3,shell0-shell0,0
shell0-shell0,1,356,356,0,-1,3,2,2,350.94206699587698,681.97306168487603,331.03099468899802,-57.319673457135401,-120.022918395503,-62.703244938367298,1.9432639339098901,3,shell0-shell0,0
shell0-shell0,1,361,361,0,-1,3,2,2,351.99220331080801,685.41399542406498,333.421792113256,-56.2695371422043,-116.58198465631401,-60.3124475141096,1.9472419814334501,3,shell0-shell0,0
shell0-shell0,1,365,365,0,-1,3,3,3,368.96632335594597,715.21357470812904,346.24725135218301,-39.295417097066696,-86.782405372249599,-47.486988275183002,1.9384250795652,3,shell0-shell0,0
shell0-shell0,1,370,370,0,-1,3,5,5,391.25194741285299,759.35850697455305,368.10655956170098,-17.009793040159899,-42.637473105825201,-25.627680065665299,1.9408427536164301,3,shell0-shell0,0
shell0-shell0,1,374,374,0,-1,3,3,3,366.14324816524999,719.351807305953,353.20855914070398,-42.118492287762997,-82.644172774425101,-40.525680486662097,1.96467314612693,3,shell0-shell0,0
shell0-shell0,1,383,383,0,-1,3,2,2,366.80667277528499,713.22976818920199,346.423095413917,-41.455067677727897,-88.766211891176894,-47.311144213448998,1.9444296440761399,3,shell0-shell0,0
shell0-shell0,1,392,392,0,-1,3,5,5,392.20106059335802,767.43286727258305,375.23180667922497,-16.060679859654702,-34.563112807795697,-18.502432948141099,1.9567332788737,3,shell0-shell0,0
shell0-shell0,1,401,401,0,-1,3,4,4,401.67072634859301,778.58146801412101,376.91074166552801,-6.5910141044195703,-23.414512066257501,-16.823497961838001,1.9383575076328099,3,shell0-shell0,0
shell0-shell0,1,405,405,0,-1,3,3,3,365.44467620683099,709.39405267270297,343.94937646587101,-42.817064246181502,-92.601927407675902,-49.784863161494499,1.9411804271878501,3,shell0-shell0,0
shell0-shell0,1,409,409,0,-1,3,2,2,317.353086517056,617.04677345444895,299.69368693739301,-90.908653935956707,-184.94920662592901,-94.040552689972699,1.94435409539112,3,shell0-shell0,0
shell0-shell0,1,410,410,0,-1,3,3,3,364.220593808974,710.07952209298401,345.85892828401001,-44.041146644039003,-91.916457987394807,-47.875311343355698,1.94958641593288,3,shell0-shell0,0
shell0-shell0,1,411,411,0,-1,3,3,3,412.24450603792002,807.73622658041802,395.491720542498,3.9827655849074999,5.7402465000392304,1.7574809151317401,1.9593620163518199,3,shell0-shell0,0
shell0-shell0,1,429,429,0,-1,3,2,2,347.15218972247402,677.66239312732705,330.51020340485297,-61.109550730539198,-124.33358695305201,-63.224036222512602,1.9520614104985901,3,shell0-shell0,0
shell0-shell0,1,433,433,0,-1,3,2,2,380.48742535470302,737.88531399781198,357.39788864310901,-27.7743150983096,-64.110666082566397,-36.336350984256804,1.93931590067643,3,shell0-shell0,0
shell0-shell0,1,435,435,0,-1,3,2,2,356.55525184247102,690.17710208389894,333.62185024142798,-51.706488610542202,-111.81887799648,-60.112389385937398,1.9356806512243601,3,shell0-shell0,0
shell0-shell0,1,442,442,0,-1,3,3,3,348.31854812526501,684.99865003601303,336.68010191074802,-59.9431923277481,-116.997330044366,-57.054137716617703,1.96658677444208,3,shell0-shell0,0
shell0-shell0,1,444,444,0,-1,3,2,2,357.71757010053398,695.13588600379398,337.41831590326001,-50.544170352478403,-106.86009407658401,-56.3159237241059,1.94325340465784,3,shell0-shell0,0
shell0-shell0,1,445,445,0,-1,3,3,3,374.45058206829401,725.92876822721303,351.47818615891902,-33.811158384719199,-76.067211853165603,-42.256053468446503,1.9386503933777199,3,shell0-shell0,0
shell0-shell0,1,451,451,0,-1,3,3,3,320.56096192496699,626.54697137590802,305.98600945094103,-87.700778528045305,-175.44900870447,-87.748230176424997,1.9545329774826501,3,shell0-shell0,0
shell0-shell0,1,453,453,0,-1,3,3,3,398.07053247112702,772.31748546159201,374.24695299046601,-10.191207981886199,-29.678494618786502,-19.487286636900301,1.94015236613278,3,shell0-shell0,0
shell0-shell0,1,457,457,0,-1,3,3,3,372.270296275644,725.61093277415705,353.34063649851299,-35.991444177368599,-76.385047306221793,-40.393603128853201,1.9491507650045901,3,shell0-shell0,0
shell0-shell0,1,458,458,0,-1,3,3,3,385.68193428764999,748.75622939703499,363.07429510938499,-22.579806165362498,-53.239750683343601,-30.659944517981099,1.9413826856577501,3,shell0-shell0,0
shell0-shell0,1,462,462,0,-1,3,2,2,338.68476616174399,657.59134915395498,318.90658299221201,-69.576974291269096,-144.40463092642301,-74.827656635154,1.9416029737809699,3,shell0-shell0,0
shell0-shell0,1,467,467,0,-1,3,3,3,371.75345798745502,725.56976380799699,353.816305820541,-36.508282465557301,-76.426216272382007,-39.917933806824699,1.951749871369,3,shell0-shell0,0
shell0-shell0,1,474,474,0,-1,3,2,2,351.19189584670897,679.12034537084298,327.92844952413401,-57.069844606303597,-122.875634709536,-65.805790103232198,1.9337585901107199,3,shell0-shell0,0
shell0-shell0,1,476,476,0,-1,3,2,2,357.78419900828999,693.872424414742,336.08822540645201,-50.477541444722398,-108.123555665636,-57.646014220913997,1.9393601683305901,3,shell0-shell0,0
shell0-shell0,1,477,477,0,-1,3,2,2,341.979235258117,666.37842554133397,324.39919028321702,-66.282505194896203,-135.61755453904499,-69.335049344148501,1.94859323852915,3,shell0-shell0,0
shell0-shell0,1,483,483,0,-1,3,2,2,347.09388688512502,672.77726089640305,325.68337401127798,-61.167853567887697,-129.21871918397599,-68.050865616088004,1.9383149237631701,3,shell0-shell0,0
shell0-shell0,1,485,485,0,-1,3,2,2,370.07241365470099,720.576912187537,350.50449853283698,-38.189326798312202,-81.419067892841298,-43.229741094529103,1.9471240913943899,3,shell0-shell0,0
shell0-shell0,1,488,488,0,-1,3,3,3,374.74160668535501,723.91937140919094,349.17776472383599,-33.520133767657903,-78.076608671187699,-44.556474903529796,1.9317827497522,3,shell0-shell0,0
shell0-shell0,1,493,493,0,-1,3,3,3,383.04428370001801,741.98007887102199,358.93579517100397,-25.2174567529946,-60.015901209356102,-34.798444456361601,1.9370608319849101,3,shell0-shell0,0
shell0-shell0,1,503,503,0,-1,3,3,3,394.71076338257399,764.77312575200699,370.06236236943198,-13.5509770704383,-37.222854328372001,-23.671877257933701,1.9375532584875299,3,shell0-shell0,0
shell0-shell0,1,508,508,0,-1,3,2,2,337.79300002099598,652.670326570356,314.87732654936002,-70.468740432016901,-149.32565351002299,-78.856913078005803,1.93216060288339,3,shell0-shell0,0
shell0-shell0,1,510,510,0,-1,3,3,3,370.037118841199,714.16185286115797,344.12473401995902,-38.224621611813703,-87.834127219221003,-49.6095056074073,1.92997355264686,3,shell0-shell0,0
shell0-shell0,1,516,516,0,-1,3,3,3,340.169798576044,658.87932016851096,318.70952159246701,-68.091941876968903,-143.116659911867,-75.024718034898498,1.93691304438722,3,shell0-shell0,0
shell0-shell0,1,524,524,0,-1,3,2,2,361.37088316145798,698.831879515521,337.46099635406301,-46.890857291554902,-103.16410056485699,-56.273243273302597,1.93383560236448,3,shell0-shell0,0
shell0-shell0,1,525,525,0,-1,3,4,4,409.60034350066502,799.19980841024005,389.59946490957498,1.3386030476521,-2.7961716701383899,-4.1347747177904903,1.95116977095246,3,shell0-shell0,0
shell0-shell0,1,527,527,0,-1,3,2,2,337.289720527322,655.38700498034905,318.09728445302699,-70.9720199256911,-146.60897510002999,-75.636955174338894,1.94309806997886,3,shell0-shell0,0
shell0-shell0,1,530,530,0,-1,3,2,2,350.678853643195,680.89346317053401,330.21460952733901,-57.582886809817701,-121.102516909844,-63.519630100026703,1.9416439174953,3,shell0-shell0,0
shell0-shell0,1,532,532,0,-1,3,2,2,332.80076183449199,645.37660794063004,312.57584610613799,-75.460978618520599,-156.619372139749,-81.158393521228007,1.93922815676001,3,shell0-shell0,0
shell0-shell0,1,540,540,0,-1,3,4,4,425.61776258731902,827.87595296255199,402.25819037523399,17.356022134306201,25.879972882173899,8.5239507478677297,1.9451160776982499,3,shell0-shell0,0
shell0-shell0,1,546,546,0,-1,3,3,3,362.52907182857803,700.32572308987801,337.79665126129998,-45.732668624434801,-101.670256990501,-55.937588366065803,1.9317781041875399,3,shell0-shell0,0
shell0-shell0,1,558,558,0,-1,3,2,2,327.03324642853698,636.31303811896601,309.27979169042902,-81.228494024475296,-165.68294196141301,-84.454447936937299,1.9457136088395,3,shell0-shell0,0
shell0-shell0,1,567,567,0,-1,3,2,2,327.460350663356,635.28640305216697,307.82605238881098,-80.801389789656596,-166.70957702821201,-85.9081872385552,1.9400406851248699,3,shell0-shell0,0
shell0-shell0,1,571,571,0,-1,3,3,3,357.50354138009402,695.58377618018801,338.08023480009501,-50.758199072919098,-106.41220390018999,-55.654004827271002,1.94566961069807,3,shell0-shell0,0
shell0-shell0,1,572,572,0,-1,3,4,4,368.65038419445199,714.42994254543203,345.77955835097998,-39.611356258560797,-87.566037534946304,-47.9546812763855,1.9379606618518901,3,shell0-shell0,0
shell0-shell0,1,576,576,0,-1,3,2,2,350.94630206577102,682.12372114701304,331.177419081241,-57.315438387241301,-119.872258933366,-62.556820546124499,1.94366977834454,3,shell0-shell0,0
shell0-shell0,1,581,581,0,-1,3,3,3,338.77152151900998,654.98184661241703,316.21032509340699,-69.490218934003096,-147.01413346796099,-77.523914533958404,1.93340291319518,3,shell0-shell0,0
shell0-shell0,1,585,585,0,-1,3,3,3,357.996852681402,695.01921220304905,337.02235952164699,-50.264887771610603,-106.97676787733,-56.711880105718897,1.9414115152056299,3,shell0-shell0,0
shell0-shell0,1,586,586,0,-1,3,4,4,363.15162741127699,706.59425328638599,343.442625875109,-45.110113041735801,-95.401726793992793,-50.291613752257,1.94572789972975,3,shell0-shell0,0
shell0-shell0,1,601,601,0,-1,3,2,2,317.73502077559999,618.36189591672701,300.62687514112798,-90.526719677413098,-183.63408416365101,-93.107364486238097,1.9461559333538001,3,shell0-shell0,0
shell0-shell0,1,602,602,0,-1,3,2,2,385.44140629530699,747.94470418246306,362.50329788715601,-22.820334157705901,-54.051275897915502,-31.230941740209602,1.9404887279012899,3,shell0-shell0,0
shell0-shell0,1,606,606,0,-1,3,2,2,349.22195967237701,677.85674507913097,328.63478540675402,-59.039780780635702,-124.139235001247,-65.099454220611705,1.94104845444159,3,shell0-shell0,0
shell0-shell0,1,610,610,0,-1,3,4,4,352.938389969995,686.51371377924499,333.57532380924999,-55.323350483017698,-115.482266301134,-60.158915818115801,1.94513754606748,3,shell0-shell0,0
shell0-shell0,1,629,629,0,-1,3,2,2,294.10910413414899,573.76477644002796,279.65567230587902,-114.152636318864,-228.23120364035,-114.07856732148601,1.95085690437629,3,shell0-shell0,0
shell0-shell0,1,631,631,0,-1,3,2,2,363.32749842793402,704.81996623268799,341.49246780475403,-44.934242025078397,-97.176013847690697,-52.241771822612201,1.9399026203145699,3,shell0-shell0,0
shell0-shell0,1,643,643,0,-1,3,3,3,375.93105884575198,735.42809021657297,359.49703137082003,-32.330681607260502,-66.567889863805902,-34.237208256545401,1.95628446469576,3,shell0-shell0,0
shell0-shell0,1,648,648,0,-1,3,2,2,344.80225994989098,665.16537044196002,320.36311049206898,-63.459480503121902,-136.83060963841899,-73.371129135297096,1.92912126080214,3,shell0-shell0,0
shell0-shell0,1,649,649,0,-1,3,2,2,346.94457983641001,675.04441249815602,328.09983266174601,-61.3171606166025,-126.951567582222,-65.634406965619604,1.94568369627348,3,shell0-shell0,0
shell0-shell0,1,650,650,0,-1,3,2,2,312.680615800449,606.80018729079802,294.11957149034902,-95.581124652563702,-195.19579278958099,-99.614668137017205,1.94063896713717,3,shell0-shell0,0
shell0-shell0,1,656,656,0,-1,3,3,3,349.29459260373102,687.68187499765497,338.38728239392401,-58.967147849282199,-114.314105082724,-55.346957233441401,1.96877332074196,3,shell0-shell0,0
shell0-shell0,1,657,657,0,-1,3,2,2,357.86083897491699,702.31366234958796,344.45282337467103,-50.400901478096003,-99.6823177307908,-49.281416252694797,1.96253287831479,3,shell0-shell0,0
shell0-shell0,1,663,663,0,-1,3,2,2,339.34158054845102,662.22006769700499,322.87848714855397,-68.920159904561501,-139.775912383373,-70.855752478811596,1.9514851867746701,3,shell0-shell0,0
shell0-shell0,1,668,668,0,-1,3,2,2,295.52611169077397,569.57982651612497,274.05371482535202,-112.735628762239,-232.41615356425299,-119.68052480201401,1.9273417947992,3,shell0-shell0,0
shell0-shell0,1,674,674,0,-1,3,2,2,372.21186776201199,726.63745814678896,354.42559038477702,-36.049872691000601,-75.358521933589401,-39.3086492425887,1.9522146419344999,3,shell0-shell0,0
shell0-shell0,1,677,677,0,-1,3,3,3,332.02068539376802,640.487394742682,308.46670934891398,-76.241055059244701,-161.50858533769599,-85.267530278451702,1.92905870904724,3,shell0-shell0,0
shell0-shell0,1,680,680,0,-1,3,3,3,370.81453806168599,720.02320608432797,349.20866802264197,-37.447202391326996,-81.972773996051004,-44.525571604724,1.94173402652447,3,shell0-shell0,0
shell0-shell0,1,686,686,0,-1,3,3,3,359.85819420473302,708.35483882071901,348.49664461598599,-48.403546248279703,-93.641141259659193,-45.237595011379497,1.9684277035462401,3,shell0-shell0,0
shell0-shell0,1,687,687,0,-1,3,3,3,341.85449021484197,672.757550982,330.90306076715802,-66.407250238170903,-129.23842909837799,-62.831178860207302,1.9679646464763401,3,shell0-shell0,0
shell0-shell0,1,699,699,0,-1,3,2,2,341.88931412124299,670.74266145450599,328.853347333263,-66.372426331769404,-131.253318625872,-64.880892294103006,1.9618707978004899,3,shell0-shell0,0
shell0-shell0,1,702,702,0,-1,3,2,2,354.93862336238197,689.59731334163303,334.65868997925099,-53.323117090630603,-112.398666738746,-59.075549648114901,1.9428635486580299,3,shell0-shell0,0
shell0-shell0,1,705,705,0,-1,3,4,4,341.98786974480799,661.37093470117395,319.38306495636499,-66.273870708204498,-140.62504537920501,-74.351174671000393,1.9339017351542001,3,shell0-shell0,0
shell0-shell0,1,709,709,0,-1,3,2,2,346.93961912615703,673.73021922979297,326.79060010363497,-61.322121326855502,-128.26576085058599,-66.943639523730596,1.94192355697723,3,shell0-shell0,0
shell0-shell0,1,718,718,0,-1,3,2,2,355.05600846089499,688.335119513986,333.27911105308999,-53.205731992117599,-113.660860566393,-60.455128574275399,1.9386663036567,3,shell0-shell0,0
shell0-shell0,1,719,719,0,-1,3,2,2,370.96423196514297,727.88820064381002,356.92396867866699,-37.297508487869798,-74.107779436568904,-36.810270948698999,1.9621519756443899,3,shell0-shell0,0
shell0-shell0,1,726,726,0,-1,3,2,2,335.52978579990702,648.809576245779,313.27979044587198,-72.7319546531062,-153.18640383459999,-80.454449181493501,1.9336869741653799,3,shell0-shell0,0
shell0-shell0,1,727,727,0,-1,3,2,2,358.69589369447402,693.35449747345604,334.65860377898201,-49.565846758538598,-108.641482606922,-59.075635848383598,1.93298699444838,3,shell0-shell0,0
shell0-shell0,1,728,728,0,-1,3,2,2,304.904054672342,599.66610839208295,294.762053719741,-103.35768578067101,-202.32987168829499,-98.972185907624606,1.9667370741806001,3,shell0-shell0,0
shell0-shell0,1,732,732,0,-1,3,2,2,320.29964200049898,619.58491752471502,299.28527552421599,-87.962098452513501,-182.41106255566299,-94.448964103149507,1.93439153929416,3,shell0-shell0,0
shell0-shell0,1,733,733,0,-1,3,2,2,325.85027224658398,635.96324958268303,310.11297733609899,-82.411468206428793,-166.03273049769601,-83.621262291266802,1.95170390743582,3,shell0-shell0,0
shell0-shell0,1,735,735,0,-1,3,2,2,338.01440437369899,666.31140769113097,328.297003317433,-70.247336079314195,-135.68457238924699,-65.437236309933297,1.97125151789235,3,shell0-shell0,0
shell0-shell0,1,736,736,0,-1,3,2,2,329.53418772415898,643.21250081528899,313.67831309112898,-78.727552728853496,-158.78347926508999,-80.055926536236399,1.9518839767657099,3,shell0-shell0,0
shell0-shell0,1,737,737,0,-1,3,2,2,367.40672974268,710.88729782529094,343.48056808261202,-40.855010710333197,-91.108682255087302,-50.253671544754098,1.9348782705291601,3,shell0-shell0,0
shell0-shell0,1,743,743,0,-1,3,2,2,275.96716803317003,534.77208710436003,258.80491907119,-132.29457241984301,-267.22389297601899,-134.92932055617601,1.9378105407092601,3,shell0-shell0,0
shell0-shell0,1,744,744,0,-1,3,2,2,325.48004899864702,632.18793753431703,306.70788853567097,-82.781691454366197,-169.80804254606099,-87.026351091695105,1.94232469694923,3,shell0-shell0,0
shell0-shell0,1,751,751,0,-1,3,2,2,366.00260903093698,706.772995320419,340.77038628948202,-42.259131422075903,-95.222984759959701,-52.963853337883698,1.93105999214524,3,shell0-shell0,0
shell0-shell0,1,753,753,0,-1,3,2,2,291.43875056678201,562.41484251865199,270.97609195186999,-116.82298988623,-239.58113756172699,-122.75814767549601,1.92978744736204,3,shell0-shell0,0
shell0-shell0,1,762,762,0,-1,3,2,2,369.44126607991097,718.44700156298495,349.00573548307398,-38.820474373102002,-83.548978517393806,-44.728504144291797,1.9446853059657501,3,shell0-shell0,0
shell0-shell0,1,765,765,0,-1,3,2,2,312.107161361941,606.26943018641805,294.162268824477,-96.154579091072193,-195.72654989396099,-99.571970802888799,1.9425040666828699,3,shell0-shell0,0
shell0-shell0,1,768,768,0,-1,3,2,2,315.736151465604,611.88610167369302,296.14995020808999,-92.525588987409094,-190.109878406685,-97.584289419276004,1.9379665547749401,3,shell0-shell0,0
shell0-shell0,1,772,772,0,-1,3,2,2,362.66535875918998,704.30845017480704,341.64309141561699,-45.596381693822899,-97.687529905571793,-52.091148211748802,1.94203398026352,3,shell0-shell0,0
shell0-shell0,1,782,782,0,-1,3,2,2,318.39628657161899,617.90001837640898,299.50373180478999,-89.865453881393904,-184.09596170397,-94.230507822575902,1.9406633947579699,3,shell0-shell0,0
shell0-shell0,1,784,784,0,-1,3,2,2,329.64828477603498,637.60640807619802,307.95812330016298,-78.613455676978006,-164.38957200418099,-85.776116327202899,1.9342021103170399,3,shell0-shell0,0
shell0-shell0,1,786,786,0,-1,3,2,2,300.21703128700398,585.40930267863405,285.19227139163002,-108.044709166009,-216.58667740174499,-108.54196823573599,1.9499536724117099,3,shell0-shell0,0
shell0-shell0,1,789,789,0,-1,3,2,2,348.79883619938801,677.43841064681305,328.63957444742499,-59.4629042536246,-124.55756943356501,-65.094665179940606,1.9422037585571601,3,shell0-shell0,0
shell0-shell0,1,790,790,0,-1,3,2,2,370.57557634178397,719.30857376721895,348.73299742543497,-37.686164111228301,-82.687406313159499,-45.001242201931198,1.9410576942712401,3,shell0-shell0,0
shell0-shell0,1,802,802,0,-1,3,2,2,350.42782705544198,683.81778780952197,333.38996075407999,-57.833913397570903,-118.178192270856,-60.344278873285603,1.95137981351388,3,shell0-shell0,0
shell0-shell0,1,804,804,0,-1,3,2,2,311.27005335327198,605.47870118939898,294.208647836127,-96.991687099740403,-196.51727889097899,-99.525591791239094,1.945187770769,3,shell0-shell0,0
shell0-shell0,1,806,806,0,-1,3,3,3,328.81645308427301,636.95770455427999,308.14125147000601,-79.445287368739301,-165.038275526099,-85.592988157359599,1.93712236288563,3,shell0-shell0,0
shell0-shell0,1,808,808,0,-1,3,2,2,321.68605548323598,624.07330478670804,302.387249303472,-86.575684969776802,-177.92267529367001,-91.346990323893493,1.9400073274834,3,shell0-shell0,0
shell0-shell0,1,813,813,0,-1,3,2,2,358.26807571335502,697.780995219332,339.51291950597698,-49.993664739658101,-104.214984861047,-54.2213201213888,1.9476504955959799,3,shell0-shell0,0
shell0-shell0,1,820,820,0,-1,3,2,2,316.07313984925798,626.05331610197902,309.98017625272098,-92.188600603754693,-175.942663978399,-83.754063374644502,1.98072293140935,3,shell0-shell0,0
shell0-shell0,1,825,825,0,-1,3,2,2,308.68134865798203,600.81903854138204,292.13768988340001,-99.580391795031105,-201.176941538997,-101.59654974396599,1.94640538261704,3,shell0-shell0,0
shell0-shell0,1,827,827,0,-1,3,2,2,362.41785159125999,704.29539264522896,341.87754105396903,-45.8438888617532,-97.700587435149799,-51.856698573396699,1.94332423072676,3,shell0-shell0,0
shell0-shell0,1,829,829,0,-1,3,2,2,326.982058545558,642.10275874705098,315.120700201494,-81.279681907455199,-159.89322133332701,-78.613539425872105,1.9637247425842701,3,shell0-shell0,0
shell0-shell0,1,831,831,0,-1,3,2,2,356.934814286137,690.911162423262,333.97634813712602,-51.326926166876198,-111.08481765711601,-59.757891490239999,1.93567882641281,3,shell0-shell0,0
shell0-shell0,1,836,836,0,-1,3,2,2,353.896345548515,689.21915589134801,335.32281034283301,-54.3653949044973,-112.77682418902999,-58.411429284533,1.9475170189257101,3,shell0-shell0,0
shell0-shell0,1,837,837,0,-1,3,2,2,326.12975175777899,644.95837389159703,318.82862213381901,-82.131988695234099,-157.03760618878101,-74.905617493547098,1.9776128072198,3,shell0-shell0,0
shell0-shell0,1,840,840,0,-1,3,2,2,359.99593607980802,702.47613639002805,342.48020031022003,-48.265804373205,-99.519843690350896,-51.254039317145903,1.9513446291635199,3,shell0-shell0,0
shell0-shell0,1,843,843,0,-1,3,2,2,336.18799904665099,662.35510582671304,326.167106780062,-72.073741406362203,-139.640874253666,-67.567132847303796,1.97019259374218,3,shell0-shell0,0
shell0-shell0,1,846,846,0,-1,3,2,2,337.19220469752503,654.75859514392596,317.56639044640201,-71.069535755488104,-147.237384936452,-76.167849180963998,1.9417963583448601,3,shell0-shell0,0
shell0-shell0,1,855,855,0,-1,3,2,2,294.995636440189,574.09108277519101,279.09544633500201,-113.26610401282301,-227.90489730518701,-114.638793292364,1.9461002532204901,3,shell0-shell0,0
shell0-shell0,1,859,859,0,-1,3,2,2,309.64442021229303,597.51139770720602,287.86697749491202,-98.617320240719593,-204.484582373173,-105.86726213245301,1.92966951349406,3,shell0-shell0,0
shell0-shell0,1,861,861,0,-1,3,2,2,343.82229753180002,665.56353947707703,321.74124194527701,-64.439442921212901,-136.43244060330201,-71.992997682088898,1.93577770916826,3,shell0-shell0,0
shell0-shell0,1,864,864,0,-1,3,2,2,391.31499099396802,768.27195674951201,376.95696575554399,-16.9467494590447,-33.7240233308668,-16.7772738718221,1.9633082668211801,3,shell0-shell0,0
shell0-shell0,1,866,866,0,-1,3,2,2,316.69502061642697,617.13284643240797,300.43782581598202,-91.566719836585904,-184.86313364796999,-93.296413811384198,1.94866608648029,3,shell0-shell0,0
shell0-shell0,1,870,870,0,-1,3,2,2,338.23631572049101,663.75921483229604,325.52289911180497,-70.025424732521302,-138.23676524808201,-68.211340515560707,1.9624126209463799,3,shell0-shell0,0
shell0-shell0,1,871,871,0,-1,3,2,2,361.61649923675998,709.13849487311097,347.52199563635099,-46.645241216252501,-92.8574852072678,-46.212243991015299,1.9610236158190799,3,shell0-shell0,0
shell0-shell0,1,872,872,0,-1,3,2,2,314.50515898536901,618.21905869733598,303.71389971196697,-93.756581467643599,-183.77692138304201,-90.020339915398495,1.9656881327218401,3,shell0-shell0,0
shell0-shell0,1,877,877,0,-1,3,2,2,369.58417686267802,714.84377914721404,345.25960228453602,-38.677563590334501,-87.152200933164593,-48.4746373428301,1.9341839394082601,3,shell0-shell0,0
shell0-shell0,1,880,880,0,-1,3,2,2,296.42148820296899,578.16068426593597,281.73919606296698,-111.84025225004299,-223.83529581444199,-111.995043564399,1.9504681923398599,3,shell0-shell0,0
shell0-shell0,1,885,885,0,-1,3,2,2,319.46232331242601,632.58526400014796,313.12294068772201,-88.799417140586996,-169.410716080231,-80.611298939643902,1.9801560867679999,3,shell0-shell0,0
shell0-shell0,1,886,886,0,-1,3,2,2,291.38109223454302,580.13235440108099,288.75126216653803,-116.88064821847,-221.863625679297,-104.982977460828,1.9909746028891699,3,shell0-shell0,0
shell0-shell0,1,889,889,0,-1,3,3,3,364.55433633196299,705.06456522510803,340.51022889314498,-43.707404121049699,-96.931414855270305,-53.224010734220599,1.9340452024772401,3,shell0-shell0,0
shell0-shell0,1,890,890,0,-1,3,2,2,337.868083860014,657.76796249846802,319.89987863845403,-70.393656592998596,-144.22801758191,-73.834360988911797,1.9468188737560499,3,shell0-shell0,0
shell0-shell0,1,891,891,0,-1,3,2,2,351.81828731056601,691.79468713936001,339.976399828794,-56.443453142446501,-110.20129294101901,-53.757839798572,1.96634089838736,3,shell0-shell0,0
shell0-shell0,1,892,892,0,-1,3,2,2,328.43602480413603,644.53707140449399,316.10104660035802,-79.825715648876695,-157.458908675885,-77.633193027008005,1.96244328492548,3,shell0-shell0,0
shell0-shell0,1,895,895,0,-1,3,2,2,369.74171379348701,725.84168462740001,356.09997083391301,-38.520026659525499,-76.154295452978403,-37.634268793453003,1.96310466887922,3,shell0-shell0,0
shell0-shell0,1,898,898,0,-1,3,2,2,340.97662218805601,664.62727313325502,323.650650945199,-67.285118264956594,-137.368706947123,-70.083588682166607,1.9491872166142199,3,shell0-shell0,0
shell0-shell0,1,901,901,0,-1,3,3,3,355.57959857887698,703.87117991029902,348.291581331423,-52.6821418741361,-98.124800170079098,-45.442658295942998,1.9795038374626099,3,shell0-shell0,0
shell0-shell0,1,908,908,0,-1,3,2,2,343.93082268744701,666.91962735292202,322.98880466547598,-64.330917765566099,-135.076352727456,-70.745434961890098,1.93910979580623,3,shell0-shell0,0
shell0-shell0,1,911,911,0,-1,3,2,2,306.56705489773401,592.03333600652002,285.46628110878601,-101.69468555527899,-209.962644073858,-108.26795851857899,1.93117077177133,3,shell0-shell0,0
shell0-shell0,1,913,913,0,-1,3,2,2,353.98245379748897,693.41637154425302,339.433917746764,-54.2792866555234,-108.579608536126,-54.300321880602198,1.9589004034108199,3,shell0-shell0,0
shell0-shell0,1,917,917,0,-1,3,2,2,342.498095183489,672.63443690752501,330.13634172403601,-65.763645269523295,-129.361543172853,-63.597897903330001,1.96390708843846,3,shell0-shell0,0
shell0-shell0,1,918,918,0,-1,3,2,2,336.18883638256699,652.57629298203506,316.38745659946801,-72.072904070445603,-149.41968709834401,-77.346783027897999,1.9411004244038399,3,shell0-shell0,0
shell0-shell0,1,925,925,0,-1,3,2,2,275.30490373010599,530.79729249035097,255.49238876024501,-132.95683672290701,-271.19868759002702,-138.241850867121,1.92803428234869,3,shell0-shell0,0
shell0-shell0,1,926,926,0,-1,3,2,2,331.01851468894199,644.21567007198303,313.19715538304098,-77.2432257640709,-157.78031000839499,-80.537084244324305,1.94616204678869,3,shell0-shell0,0
shell0-shell0,1,929,929,0,-1,3,2,2,365.54164055990401,707.11151048698503,341.56986992708102,-42.720099893108902,-94.884469593393405,-52.164369700284503,1.93442123147419,3,shell0-shell0,0
shell0-shell0,1,931,931,0,-1,3,2,2,294.165890148519,572.976397821869,278.81050767334898,-114.095850304493,-229.01958225851001,-114.923731954017,1.9478002617250501,3,shell0-shell0,0
shell0-shell0,1,935,935,0,-1,3,2,2,335.44082237429097,648.90787013366503,313.467047759374,-72.820918078721803,-153.08810994671299,-80.2671918679915,1.9344928430016799,3,shell0-shell0,0
shell0-shell0,1,941,941,0,-1,3,2,2,371.47012308117399,722.51481299507304,351.04468991389899,-36.791617371838498,-79.481167085305103,-42.689549713466597,1.9450146003725499,3,shell0-shell0,0
shell0-shell0,1,942,942,0,-1,3,2,2,299.40256298586201,587.59600641054305,288.19344342468099,-108.859177467151,-214.39997366983499,-105.540796202685,1.9625617113982099,3,shell0-shell0,0
shell0-shell0,1,944,944,0,-1,3,2,2,355.36365463455002,691.20220621146905,335.83855157691897,-52.898085818462803,-110.79377386890999,-57.8956880504468,1.9450559931974201,3,shell0-shell0,0
shell0-shell0,1,951,951,0,-1,3,2,2,311.34767382536501,600.75864355597298,289.41096973060701,-96.914066627647301,-201.237336524406,-104.323269896759,1.9295427397120599,3,shell0-shell0,0
shell0-shell0,1,956,956,0,-1,3,2,2,326.82217927508998,633.70253732633205,306.88035805124099,-81.4395611779223,-168.29344275404699,-86.853881576124607,1.93898265635435,3,shell0-shell0,0
shell0-shell0,1,964,964,0,-1,3,2,2,300.47093963427,582.10970117439297,281.63876154012399,-107.79080081874299,-219.88627890598499,-112.095478087242,1.93732446100422,3,shell0-shell0,0
shell0-shell0,1,967,967,0,-1,3,2,2,321.69976554760001,620.90852021117303,299.20875466357302,-86.561974905412896,-181.08745986920599,-94.525484963792906,1.93008695282776,3,shell0-shell0,0
shell0-shell0,1,971,971,0,-1,3,2,2,334.82316000845799,660.66699041534298,325.84383040688499,-73.4385804445551,-141.328989665036,-67.890409220480905,1.97318187427254,3,shell0-shell0,0
shell0-shell0,1,973,973,0,-1,3,2,2,386.91275468525902,753.13172495751701,366.21897027225799,-21.348985767753501,-48.864255122861799,-27.515269355108298,1.9465156313344201,3,shell0-shell0,0
shell0-shell0,1,976,976,0,-1,3,2,2,353.54003102340602,683.78074556466402,330.240714541258,-54.721709429607102,-118.215234515715,-63.493525086107802,1.9340970910289801,3,shell0-shell0,0
shell0-shell0,1,978,978,0,-1,3,2,2,327.32356039147402,632.901285043548,305.57772465207302,-80.938180061538603,-169.09469503683101,-88.156514975292495,1.93356470975266,3,shell0-shell0,0
shell0-shell0,1,982,982,0,-1,3,2,2,336.46958300773503,652.06597105231697,315.596388044582,-71.792157445277795,-149.93000902806199,-78.137851582783895,1.93796409536765,3,shell0-shell0,0
shell0-shell0,1,985,985,0,-1,3,2,2,343.73304453709,668.24244678900595,324.50940225191601,-64.528695915922796,-133.753533291373,-69.224837375449994,1.94407391843556,3,shell0-shell0,0
shell0-shell0,1,986,986,0,-1,3,2,2,364.89002372470401,709.093521823674,344.20349809896999,-43.371716728308499,-92.902458256704705,-49.530741528396199,1.94330750560245,3,shell0-shell0,0
shell0-shell0,1,990,990,0,-1,3,2,2,354.04514511014497,687.21627669637803,333.17113158623403,-54.216595342868096,-114.779703384,-60.563108041132303,1.9410413790099601,3,shell0-shell0,0
shell0-shell0,1,991,991,0,-1,3,2,2,332.89319599748899,654.84863161615704,321.95543561866799,-75.368544455523306,-147.14734846422101,-71.778804008697804,1.9671433345279199,3,shell0-shell0,0
shell0-shell0,1,997,997,0,-1,3,2,2,307.06644858626203,596.17185650347199,289.10540791720899,-101.19529186675,-205.824123576907,-104.628831710157,1.9415076419070001,3,shell0-shell0,0
shell0-shell0,1,999,999,0,-1,3,2,2,279.703934946993,540.16714067646797,260.46320572947502,-128.55780550602,-261.82883940391099,-133.27103389789099,1.9312103734930901,3,shell0-shell0,0
shell0-shell0,2,104,1104,0,-1,3,5,5,456.46988777583402,888.19524807816902,431.72536030233499,48.208147322820899,86.199267997790201,37.991120674969302,1.9457915447740299,3,shell0-shell0,0
shell0-shell0,2,113,1113,0,-1,3,6,6,433.85417723212498,846.98495383770899,413.13077660558298,25.5924367791125,44.988973757330101,19.3965369782176,1.95223417979112,3,shell0-shell0,0
shell0-shell0,2,161,1161,0,-1,3,2,2,338.03183146952699,655.96069165343204,317.92886018390499,-70.229908983485601,-146.03528842694601,-75.805379443460595,1.94052935429711,3,shell0-shell0,0
shell0-shell0,2,174,1174,0,-1,3,4,4,385.39636431273601,756.86328551247095,371.466921199735,-22.865376140276901,-45.132694567907798,-22.267318427631,1.9638568383024599,3,shell0-shell0,0
shell0-shell0,2,186,1186,0,-1,3,6,6,436.52883623975202,843.82748793372002,407.298651693968,28.267095786739599,41.831507853341797,13.5644120666022,1.93303951052221,3,shell0-shell0,0
shell0-shell0,2,215,1215,0,-1,3,4,4,378.04773893879798,731.71007567544598,353.662336736648,-30.2140015142149,-70.285904404932694,-40.071902890717801,1.9354965003345801,3,shell0-shell0,0
shell0-shell0,2,231,1231,0,-1,3,5,5,405.12723975157797,789.87438137573497,384.747141624157,-3.1345007014347201,-12.1215987046437,-8.9870980032089793,1.9496945746232299,3,shell0-shell0,0
shell0-shell0,2,246,1246,0,-1,3,9,9,377.49312485311299,734.88440409720602,357.39127924409303,-30.768615599899601,-67.111575983172898,-36.342960383273201,1.94674910803517,3,shell0-shell0,0
shell0-shell0,2,251,1251,0,-1,3,2,2,361.14082019878998,697.93367437684401,336.79285417805301,-47.120920254222398,-104.062305703535,-56.941385449312399,1.9325804100258299,3,shell0-shell0,0
shell0-shell0,2,270,1270,0,-1,3,4,4,430.55861578912101,839.41872985072996,408.86011406160901,22.296875336107998,37.422749770351402,15.1258744342434,1.94960383805642,3,shell0-shell0,0
shell0-shell0,2,273,1273,0,-1,3,4,4,389.30571442225499,755.05585743906101,365.75014301680602,-18.956026030757599,-46.940122641317103,-27.984096610559501,1.9394933839067701,3,shell0-shell0,0
shell0-shell0,2,274,1274,0,-1,3,5,5,362.65754087515199,703.309352479155,340.651811604003,-45.604199577860697,-98.686627601223606,-53.082428023362901,1.9393209108018401,3,shell0-shell0,0
shell0-shell0,2,285,1285,0,-1,3,4,4,404.53691850266699,786.77865771592599,382.241739213259,-3.7248219503453002,-15.2173223644525,-11.4925004141072,1.9448871579584599,3,shell0-shell0,0
shell0-shell0,2,286,1286,0,-1,3,3,3,416.49491343726902,806.79529622017606,390.30038278290601,8.2331729842563792,4.7993161397970399,-3.4338568444593398,1.9371072015305499,3,shell0-shell0,0
shell0-shell0,2,288,1288,0,-1,3,8,8,393.49536854852897,761.21934009927395,367.72397155074498,-14.766371904484201,-40.7766399811048,-26.010268076620701,1.9345064794718001,3,shell0-shell0,0
shell0-shell0,2,299,1299,0,-1,3,3,3,398.53954379142601,784.81217128705896,386.272627495633,-9.7221966615870201,-17.183808793319901,-7.4616121317329203,1.9692203283541401,3,shell0-shell0,0
shell0-shell0,2,302,1302,0,-1,3,2,2,337.64140992016002,655.26386177117104,317.62245185101102,-70.620330532852293,-146.73211830920701,-76.111787776354802,1.94070941098758,3,shell0-shell0,0
shell0-shell0,2,309,1309,0,-1,3,6,6,406.96987760411298,790.29334124519096,383.323463641079,-1.29186284890017,-11.7026388351871,-10.410775986287,1.94189640249975,3,shell0-shell0,0
shell0-shell0,2,311,1311,0,-1,3,3,3,400.87085241527001,782.65858975634899,381.78773734107898,-7.3908880377424602,-19.337390324029599,-11.9465022862871,1.9523958527809799,3,shell0-shell0,0
shell0-shell0,2,317,1317,0,-1,3,3,3,358.753190054306,692.24007378155204,333.486883727247,-49.508550398707001,-109.75590629882601,-60.247355900119302,1.9295718978185701,3,shell0-shell0,0
shell0-shell0,2,338,1338,0,-1,3,8,8,378.81525615389103,734.78041743509903,355.965161281208,-29.446484299121501,-67.215562645279107,-37.769078346157599,1.9396801092314,3,shell0-shell0,0
shell0-shell0,2,342,1342,0,-1,3,2,2,383.05563755082801,745.27889194984198,362.223254399013,-25.206102902184298,-56.717088130536901,-31.510985228352599,1.9456152550449,3,shell0-shell0,0
shell0-shell0,2,345,1345,0,-1,3,2,2,322.99416899925802,627.08549045117002,304.09132145191199,-85.2675714537544,-174.910489629208,-89.642918175454,1.94147619566658,3,shell0-shell0,0
shell0-shell0,2,348,1348,0,-1,3,2,2,307.41015103102598,593.56107466074104,286.15092362971501,-100.851589421987,-208.434905419638,-107.583315997651,1.93084409434754,3,shell0-shell0,0
shell0-shell0,2,356,1356,0,-1,3,2,2,350.94206699587698,681.97306168487603,331.03099468899802,-57.319673457135401,-120.022918395503,-62.703244938367597,1.9432639339098901,3,shell0-shell0,0
shell0-shell0,2,361,1361,0,-1,3,2,2,351.99220331080801,685.41399542406396,333.421792113256,-56.2695371422043,-116.58198465631401,-60.312447514109998,1.9472419814334501,3,shell0-shell0,0
shell0-shell0,2,365,1365,0,-1,3,3,3,368.96632335594597,715.21357470812904,346.24725135218301,-39.295417097066696,-86.782405372249997,-47.4869882751833,1.9384250795652,3,shell0-shell0,0
shell0-shell0,2,370,1370,0,-1,3,5,5,391.25194741285299,759.35850697455305,368.10655956170001,-17.009793040159899,-42.6374731058254,-25.627680065665501,1.9408427536164301,3,shell0-shell0,0
shell0-shell0,2,374,1374,0,-1,3,3,3,366.14324816524999,719.351807305953,353.20855914070398,-42.118492287762997,-82.644172774425201,-40.525680486662203,1.96467314612693,3,shell0-shell0,0
shell0-shell0,2,383,1383,0,-1,3,2,2,366.80667277528499,713.22976818920097,346.423095413917,-41.455067677727897,-88.766211891177093,-47.311144213449197,1.9444296440761399,3,shell0-shell0,0
shell0-shell0,2,392,1392,0,-1,3,5,5,392.20106059335802,767.43286727258203,375.23180667922401,-16.060679859654702,-34.563112807796202,-18.5024329481415,1.9567332788737,3,shell0-shell0,0
shell0-shell0,2,401,1401,0,-1,3,4,4,401.67072634859301,778.58146801412101,376.91074166552698,-6.5910141044195703,-23.414512066257899,-16.823497961838299,1.9383575076328099,3,shell0-shell0,0
shell0-shell0,2,405,1405,0,-1,3,3,3,365.44467620683099,709.39405267270195,343.94937646587101,-42.817064246181502,-92.6019274076762,-49.784863161494698,1.9411804271878501,3,shell0-shell0,0
shell0-shell0,2,409,1409,0,-1,3,2,2,317.353086517056,617.04677345444895,299.69368693739301,-90.908653935956707,-184.94920662593,-94.040552689972898,1.94435409539112,3,shell0-shell0,0
shell0-shell0,2,410,1410,0,-1,3,3,3,364.220593808974,710.07952209298401,345.85892828401001,-44.041146644039003,-91.916457987395006,-47.875311343356003,1.94958641593288,3,shell0-shell0,0
shell0-shell0,2,411,1411,0,-1,3,3,3,412.24450603792002,807.736226580417,395.49172054249698,3.9827655849074999,5.7402465000388903,1.7574809151313999,1.9593620163518199,3,shell0-shell0,0
shell0-shell0,2,429,1429,0,-1,3,2,2,347.15218972247402,677.66239312732603,330.51020340485297,-61.109550730539198,-124.33358695305201,-63.224036222513,1.9520614104985901,3,shell0-shell0,0
shell0-shell0,2,433,1433,0,-1,3,2,2,380.48742535470302,737.88531399781198,357.39788864310901,-27.7743150983096,-64.110666082566794,-36.336350984257301,1.93931590067643,3,shell0-shell0,0
shell0-shell0,2,435,1435,0,-1,3,2,2,356.55525184247102,690.17710208389803,333.62185024142798,-51.706488610542202,-111.81887799648,-60.112389385937803,1.9356806512243601,3,shell0-shell0,0
shell0-shell0,2,442,1442,0,-1,3,3,3,348.31854812526501,684.99865003601201,336.68010191074802,-59.9431923277481,-116.997330044366,-57.054137716618001,1.96658677444208,3,shell0-shell0,0
shell0-shell0,2,444,1444,0,-1,3,2,2,357.71757010053398,695.13588600379398,337.41831590326001,-50.544170352478403,-106.860094076585,-56.315923724106298,1.94325340465784,3,shell0-shell0,0
shell0-shell0,2,445,1445,0,-1,3,3,3,374.45058206829401,725.92876822721303,351.47818615891902,-33.811158384719199,-76.067211853165603,-42.256053468446503,1.9386503933777199,3,shell0-shell0,0
shell0-shell0,2,451,1451,0,-1,3,3,3,320.56096192496699,626.54697137590802,305.98600945094103,-87.700778528045305,-175.449008704471,-87.748230176425196,1.9545329774826501,3,shell0-shell0,0
shell0-shell0,2,453,1453,0,-1,3,3,3,398.07053247112702,772.31748546159201,374.24695299046499,-10.191207981886199,-29.678494618786999,-19.487286636900802,1.94015236613278,3,shell0-shell0,0
shell0-shell0,2,457,1457,0,-1,3,3,3,372.270296275644,725.61093277415603,353.34063649851203,-35.991444177368599,-76.385047306222305,-40.393603128853698,1.9491507650045901,3,shell0-shell0,0
shell0-shell0,2,458,1458,0,-1,3,3,3,385.68193428764999,748.75622939703499,363.07429510938402,-22.579806165362498,-53.2397506833438,-30.659944517981302,1.9413826856577501,3,shell0-shell0,0
shell0-shell0,2,462,1462,0,-1,3,2,2,338.68476616174399,657.59134915395498,318.90658299221099,-69.576974291269096,-144.40463092642401,-74.827656635154497,1.9416029737809699,3,shell0-shell0,0
shell0-shell0,2,467,1467,0,-1,3,3,3,371.75345798745502,725.56976380799597,353.816305820541,-36.508282465557301,-76.426216272382206,-39.917933806824898,1.951749871369,3,shell0-shell0,0
shell0-shell0,2,474,1474,0,-1,3,2,2,351.19189584670897,679.12034537084196,327.92844952413299,-57.069844606303597,-122.875634709536,-65.805790103232496,1.9337585901107199,3,shell0-shell0,0
shell0-shell0,2,476,1476,0,-1,3,2,2,357.78419900828999,693.872424414742,336.08822540645099,-50.477541444722398,-108.123555665637,-57.646014220914402,1.9393601683305901,3,shell0-shell0,0
shell0-shell0,2,477,1477,0,-1,3,2,2,341.979235258117,666.37842554133294,324.39919028321702,-66.282505194896203,-135.61755453904499,-69.335049344148999,1.94859323852914,3,shell0-shell0,0
shell0-shell0,2,483,1483,0,-1,3,2,2,347.09388688512502,672.77726089640305,325.68337401127798,-61.167853567887697,-129.21871918397599,-68.050865616088203,1.9383149237631701,3,shell0-shell0,0
shell0-shell0,2,485,1485,0,-1,3,2,2,370.07241365470099,720.576912187537,350.50449853283601,-38.189326798312202,-81.419067892841596,-43.229741094529302,1.9471240913943899,3,shell0-shell0,0
shell0-shell0,2,488,1488,0,-1,3,3,3,374.74160668535501,723.91937140919094,349.17776472383599,-33.520133767657903,-78.076608671187998,-44.556474903530003,1.9317827497522,3,shell0-shell0,0
shell0-shell0,2,493,1493,0,-1,3,3,3,383.04428370001801,741.98007887102199,358.93579517100397,-25.2174567529946,-60.015901209356201,-34.7984444563617,1.9370608319849101,3,shell0-shell0,0
shell0-shell0,2,503,1503,0,-1,3,3,3,394.71076338257399,764.77312575200597,370.06236236943198,-13.5509770704383,-37.2228543283723,-23.6718772579339,1.9375532584875299,3,shell0-shell0,0
shell0-shell0,2,508,1508,0,-1,3,2,2,337.79300002099598,652.670326570356,314.87732654936002,-70.468740432016901,-149.32565351002299,-78.856913078006002,1.93216060288339,3,shell0-shell0,0
shell0-shell0,2,510,1510,0,-1,3,3,3,370.037118841199,714.16185286115694,344.124734019958,-38.224621611813703,-87.834127219221301,-49.609505607407499,1.92997355264686,3,shell0-shell0,0
shell0-shell0,2,516,1516,0,-1,3,3,3,340.169798576044,658.87932016851096,318.70952159246701,-68.091941876968903,-143.116659911868,-75.024718034898697,1.93691304438722,3,shell0-shell0,0
shell0-shell0,2,524,1524,0,-1,3,2,2,361.37088316145798,698.831879515521,337.46099635406301,-46.890857291554902,-103.164100564858,-56.273243273302803,1.93383560236448,3,shell0-shell0,0
shell0-shell0,2,525,1525,0,-1,3,4,4,409.60034350066502,799.19980841024005,389.59946490957498,1.3386030476521,-2.7961716701388499,-4.1347747177909504,1.95116977095246,3,shell0-shell0,0
shell0-shell0,2,527,1527,0,-1,3,2,2,337.289720527322,655.38700498034802,318.09728445302699,-70.9720199256911,-146.60897510002999,-75.636955174339207,1.94309806997886,3,shell0-shell0,0
shell0-shell0,2,530,1530,0,-1,3,2,2,350.678853643195,680.89346317053401,330.21460952733901,-57.582886809817701,-121.10251690984499,-63.519630100027001,1.9416439174953,3,shell0-shell0,0
shell0-shell0,2,532,1532,0,-1,3,2,2,332.80076183449199,645.37660794063004,312.57584610613799,-75.460978618520599,-156.619372139749,-81.158393521228305,1.93922815676001,3,shell0-shell0,0
shell0-shell0,2,540,1540,0,-1,3,4,4,425.61776258731902,827.87595296255199,402.25819037523303,17.356022134306201,25.879972882173799,8.5239507478676195,1.9451160776982499,3,shell0-shell0,0
shell0-shell0,2,546,1546,0,-1,3,3,3,362.52907182857803,700.32572308987801,337.79665126129998,-45.732668624434801,-101.670256990501,-55.937588366066002,1.9317781041875399,3,shell0-shell0,0
shell0-shell0,2,558,1558,0,-1,3,2,2,327.03324642853698,636.31303811896601,309.279791690428,-81.228494024475296,-165.68294196141301,-84.454447936937498,1.9457136088395,3,shell0-shell0,0
shell0-shell0,2,567,1567,0,-1,3,2,2,327.460350663356,635.28640305216595,307.82605238881001,-80.801389789656596,-166.70957702821201,-85.908187238555598,1.9400406851248699,3,shell0-shell0,0
shell0-shell0,2,571,1571,0,-1,3,3,3,357.50354138009402,695.58377618018801,338.08023480009399,-50.758199072919098,-106.41220390018999,-55.6540048272714,1.94566961069807,3,shell0-shell0,0
shell0-shell0,2,572,1572,0,-1,3,4,4,368.65038419445199,714.42994254543203,345.77955835097998,-39.611356258560797,-87.566037534946901,-47.954681276386097,1.9379606618518801,3,shell0-shell0,0
shell0-shell0,2,576,1576,0,-1,3,2,2,350.94630206577102,682.12372114701304,331.177419081241,-57.315438387241301,-119.872258933366,-62.556820546124499,1.94366977834454,3,shell0-shell0,0
shell0-shell0,2,581,1581,0,-1,3,3,3,338.77152151900998,654.98184661241601,316.21032509340699,-69.490218934003096,-147.01413346796201,-77.5239145339592,1.93340291319518,3,shell0-shell0,0
shell0-shell0,2,585,1585,0,-1,3,3,3,357.996852681402,695.01921220304905,337.02235952164699,-50.264887771610603,-106.97676787733,-56.711880105719302,1.9414115152056299,3,shell0-shell0,0
shell0-shell0,2,586,1586,0,-1,3,4,4,363.15162741127699,706.59425328638497,343.44262587510798,-45.110113041735801,-95.401726793993205,-50.291613752257497,1.94572789972975,3,shell0-shell0,0
shell0-shell0,2,601,1601,0,-1,3,2,2,317.73502077559999,618.36189591672701,300.62687514112702,-90.526719677413098,-183.63408416365201,-93.107364486238495,1.9461559333538001,3,shell0-shell0,0
shell0-shell0,2,602,1602,0,-1,3,2,2,385.44140629530699,747.94470418246306,362.50329788715601,-22.820334157705901,-54.051275897915701,-31.230941740209801,1.9404887279012899,3,shell0-shell0,0
shell0-shell0,2,606,1606,0,-1,3,2,2,349.22195967237701,677.85674507913097,328.63478540675402,-59.039780780635702,-124.139235001247,-65.099454220611804,1.94104845444159,3,shell0-shell0,0
shell0-shell0,2,610,1610,0,-1,3,4,4,352.938389969995,686.51371377924499,333.57532380924999,-55.323350483017698,-115.482266301134,-60.158915818116199,1.94513754606748,3,shell0-shell0,0
shell0-shell0,2,629,1629,0,-1,3,2,2,294.10910413414899,573.76477644002796,279.65567230587902,-114.152636318864,-228.23120364035,-114.07856732148601,1.95085690437629,3,shell0-shell0,0
shell0-shell0,2,631,1631,0,-1,3,2,2,363.32749842793402,704.81996623268697,341.49246780475301,-44.934242025078397,-97.176013847691095,-52.241771822612698,1.9399026203145699,3,shell0-shell0,0
shell0-shell0,2,643,1643,0,-1,3,3,3,375.93105884575198,735.42809021657195,359.49703137082003,-32.330681607260502,-66.567889863806201,-34.2372082565456,1.95628446469576,3,shell0-shell0,0
shell0-shell0,2,648,1648,0,-1,3,2,2,344.80225994989098,665.165370441959,320.36311049206802,-63.459480503121902,-136.83060963841899,-73.371129135297593,1.92912126080214,3,shell0-shell0,0
shell0-shell0,2,649,1649,0,-1,3,2,2,346.94457983641001,675.04441249815602,328.09983266174601,-61.3171606166025,-126.951567582222,-65.634406965620002,1.94568369627348,3,shell0-shell0,0
shell0-shell0,2,650,1650,0,-1,3,2,2,312.680615800449,606.80018729079802,294.11957149034902,-95.581124652563702,-195.19579278958099,-99.614668137017205,1.94063896713717,3,shell0-shell0,0
shell0-shell0,2,656,1656,0,-1,3,3,3,349.29459260373102,687.68187499765395,338.38728239392401,-58.967147849282199,-114.314105082724,-55.346957233441998,1.96877332074195,3,shell0-shell0,0
shell0-shell0,2,657,1657,0,-1,3,2,2,357.86083897491699,702.31366234958705,344.45282337467103,-50.400901478096003,-99.682317730791297,-49.281416252695301,1.96253287831479,3,shell0-shell0,0
shell0-shell0,2,663,1663,0,-1,3,2,2,339.34158054845102,662.22006769700499,322.87848714855397,-68.920159904561501,-139.775912383373,-70.855752478811993,1.9514851867746701,3,shell0-shell0,0
shell0-shell0,2,668,1668,0,-1,3,2,2,295.52611169077397,569.57982651612497,274.05371482535099,-112.735628762239,-232.41615356425399,-119.68052480201401,1.9273417947992,3,shell0-shell0,0
shell0-shell0,2,674,1674,0,-1,3,2,2,372.21186776201199,726.63745814678896,354.42559038477702,-36.049872691000601,-75.358521933589401,-39.3086492425887,1.9522146419344999,3,shell0-shell0,0
shell0-shell0,2,677,1677,0,-1,3,3,3,332.02068539376802,640.487394742682,308.46670934891398,-76.241055059244701,-161.50858533769701,-85.267530278452,1.92905870904724,3,shell0-shell0,0
shell0-shell0,2,680,1680,0,-1,3,3,3,370.81453806168599,720.02320608432694,349.20866802264197,-37.447202391326996,-81.972773996051302,-44.525571604724199,1.94173402652447,3,shell0-shell0,0
shell0-shell0,2,686,1686,0,-1,3,3,3,359.85819420473302,708.35483882071901,348.49664461598599,-48.403546248279703,-93.641141259659406,-45.237595011379803,1.9684277035462401,3,shell0-shell0,0
shell0-shell0,2,687,1687,0,-1,3,3,3,341.85449021484197,672.757550982,330.90306076715802,-66.407250238170903,-129.23842909837799,-62.831178860207601,1.9679646464763401,3,shell0-shell0,0
shell0-shell0,2,699,1699,0,-1,3,2,2,341.88931412124299,670.74266145450599,328.85334733326198,-66.372426331769404,-131.25331862587299,-64.880892294103305,1.9618707978004899,3,shell0-shell0,0
shell0-shell0,2,702,1702,0,-1,3,2,2,354.93862336238197,689.59731334163303,334.65868997925099,-53.323117090630603,-112.398666738746,-59.075549648114901,1.9428635486580299,3,shell0-shell0,0
shell0-shell0,2,705,1705,0,-1,3,4,4,341.98786974480799,661.37093470117304,319.38306495636499,-66.273870708204498,-140.62504537920501,-74.351174671000607,1.9339017351542001,3,shell0-shell0,0
shell0-shell0,2,709,1709,0,-1,3,2,2,346.93961912615703,673.73021922979206,326.79060010363497,-61.322121326855502,-128.26576085058599,-66.943639523730795,1.94192355697723,3,shell0-shell0,0
shell0-shell0,2,718,1718,0,-1,3,2,2,355.05600846089499,688.33511951398498,333.27911105308999,-53.205731992117599,-113.660860566393,-60.455128574275797,1.9386663036567,3,shell0-shell0,0
shell0-shell0,2,719,1719,0,-1,3,2,2,370.96423196514297,727.88820064381002,356.92396867866699,-37.297508487869798,-74.107779436569004,-36.810270948699198,1.9621519756443899,3,shell0-shell0,0
shell0-shell0,2,726,1726,0,-1,3,2,2,335.52978579990702,648.809576245779,313.27979044587198,-72.7319546531062,-153.18640383459999,-80.454449181493601,1.9336869741653799,3,shell0-shell0,0
shell0-shell0,2,727,1727,0,-1,3,2,2,358.69589369447402,693.35449747345604,334.65860377898201,-49.565846758538598,-108.64148260692301,-59.075635848384103,1.93298699444838,3,shell0-shell0,0
shell0-shell0,2,728,1728,0,-1,3,2,2,304.904054672342,599.66610839208295,294.762053719741,-103.35768578067101,-202.32987168829499,-98.972185907624606,1.9667370741806001,3,shell0-shell0,0
shell0-shell0,2,732,1732,0,-1,3,2,2,320.29964200049898,619.58491752471502,299.28527552421599,-87.962098452513501,-182.41106255566299,-94.448964103149905,1.93439153929416,3,shell0-shell0,0
shell0-shell0,2,733,1733,0,-1,3,2,2,325.85027224658398,635.96324958268303,310.11297733609899,-82.411468206428793,-166.03273049769601,-83.621262291266902,1.95170390743582,3,shell0-shell0,0
shell0-shell0,2,735,1735,0,-1,3,2,2,338.01440437369899,666.31140769113097,328.29700331743197,-70.247336079314195,-135.68457238924799,-65.437236309933695,1.97125151789235,3,shell0-shell0,0
shell0-shell0,2,736,1736,0,-1,3,2,2,329.53418772415898,643.21250081528797,313.67831309112898,-78.727552728853496,-158.78347926508999,-80.055926536236797,1.9518839767656999,3,shell0-shell0,0
shell0-shell0,2,737,1737,0,-1,3,2,2,367.40672974268,710.88729782529094,343.48056808261202,-40.855010710333197,-91.108682255087402,-50.253671544754198,1.9348782705291601,3,shell0-shell0,0
shell0-shell0,2,743,1743,0,-1,3,2,2,275.96716803317003,534.77208710436003,258.80491907119,-132.29457241984301,-267.22389297601899,-134.92932055617601,1.9378105407092601,3,shell0-shell0,0
shell0-shell0,2,744,1744,0,-1,3,2,2,325.48004899864702,632.18793753431703,306.70788853567097,-82.781691454366197,-169.80804254606099,-87.026351091695204,1.94232469694923,3,shell0-shell0,0
shell0-shell0,2,751,1751,0,-1,3,2,2,366.00260903093698,706.772995320419,340.77038628948202,-42.259131422075903,-95.2229847599599,-52.963853337883997,1.93105999214524,3,shell0-shell0,0
shell0-shell0,2,753,1753,0,-1,3,2,2,291.43875056678201,562.41484251865199,270.97609195186902,-116.82298988623,-239.58113756172699,-122.758147675497,1.92978744736203,3,shell0-shell0,0
shell0-shell0,2,762,1762,0,-1,3,2,2,369.44126607991097,718.44700156298404,349.00573548307398,-38.820474373102002,-83.548978517394104,-44.728504144292103,1.9446853059657501,3,shell0-shell0,0
shell0-shell0,2,765,1765,0,-1,3,2,2,312.107161361941,606.26943018641703,294.162268824477,-96.154579091072193,-195.72654989396099,-99.571970802889197,1.9425040666828699,3,shell0-shell0,0
shell0-shell0,2,768,1768,0,-1,3,2,2,315.736151465604,611.88610167369302,296.14995020808999,-92.525588987409094,-190.109878406685,-97.584289419276203,1.9379665547749401,3,shell0-shell0,0
shell0-shell0,2,772,1772,0,-1,3,2,2,362.66535875918998,704.30845017480601,341.64309141561699,-45.596381693822899,-97.687529905572106,-52.0911482117492,1.94203398026352,3,shell0-shell0,0
shell0-shell0,2,782,1782,0,-1,3,2,2,318.39628657161899,617.90001837640898,299.50373180478999,-89.865453881393904,-184.09596170397,-94.230507822575902,1.9406633947579699,3,shell0-shell0,0
shell0-shell0,2,784,1784,0,-1,3,2,2,329.64828477603498,637.606408076197,307.95812330016298,-78.613455676978006,-164.38957200418099,-85.776116327203198,1.9342021103170399,3,shell0-shell0,0
shell0-shell0,2,786,1786,0,-1,3,2,2,300.21703128700398,585.40930267863405,285.19227139163002,-108.044709166009,-216.58667740174499,-108.54196823573599,1.9499536724117099,3,shell0-shell0,0
shell0-shell0,2,789,1789,0,-1,3,2,2,348.79883619938801,677.43841064681305,328.63957444742499,-59.4629042536246,-124.557569433566,-65.094665179940904,1.9422037585571501,3,shell0-shell0,0
shell0-shell0,2,790,1790,0,-1,3,2,2,370.57557634178397,719.30857376721804,348.73299742543401,-37.686164111228301,-82.687406313160196,-45.001242201931902,1.9410576942712401,3,shell0-shell0,0
shell0-shell0,2,802,1802,0,-1,3,2,2,350.42782705544198,683.81778780952197,333.38996075407999,-57.833913397570903,-118.178192270857,-60.344278873286001,1.95137981351388,3,shell0-shell0,0
shell0-shell0,2,804,1804,0,-1,3,2,2,311.27005335327198,605.47870118939898,294.208647836127,-96.991687099740403,-196.51727889097899,-99.525591791238995,1.945187770769,3,shell0-shell0,0
shell0-shell0,2,806,1806,0,-1,3,3,3,328.81645308427301,636.95770455427896,308.14125147000601,-79.445287368739301,-165.038275526099,-85.592988157359997,1.93712236288563,3,shell0-shell0,0
shell0-shell0,2,808,1808,0,-1,3,2,2,321.68605548323598,624.07330478670804,302.387249303472,-86.575684969776802,-177.92267529367001,-91.346990323893607,1.9400073274834,3,shell0-shell0,0
shell0-shell0,2,813,1813,0,-1,3,2,2,358.26807571335502,697.78099521933098,339.51291950597601,-49.993664739658101,-104.214984861047,-54.221320121389297,1.9476504955959699,3,shell0-shell0,0
shell0-shell0,2,820,1820,0,-1,3,2,2,316.07313984925798,626.05331610197902,309.98017625272098,-92.188600603754693,-175.942663978399,-83.754063374644602,1.98072293140935,3,shell0-shell0,0
shell0-shell0,2,825,1825,0,-1,3,2,2,308.68134865798203,600.81903854138204,292.13768988340001,-99.580391795031105,-201.176941538997,-101.59654974396599,1.94640538261704,3,shell0-shell0,0
shell0-shell0,2,827,1827,0,-1,3,2,2,362.41785159125999,704.29539264522805,341.87754105396903,-45.8438888617532,-97.700587435150297,-51.856698573397097,1.94332423072676,3,shell0-shell0,0
shell0-shell0,2,829,1829,0,-1,3,2,2,326.982058545558,642.10275874705098,315.12070020149298,-81.279681907455199,-159.893221333328,-78.613539425872503,1.9637247425842701,3,shell0-shell0,0
shell0-shell0,2,831,1831,0,-1,3,2,2,356.934814286137,690.911162423262,333.976348137125,-51.326926166876198,-111.084817657117,-59.757891490240397,1.93567882641281,3,shell0-shell0,0
shell0-shell0,2,836,1836,0,-1,3,2,2,353.896345548515,689.21915589134801,335.32281034283199,-54.3653949044973,-112.776824189031,-58.411429284533497,1.9475170189257101,3,shell0-shell0,0
shell0-shell0,2,837,1837,0,-1,3,2,2,326.12975175777899,644.95837389159703,318.82862213381799,-82.131988695234099,-157.03760618878201,-74.905617493547496,1.9776128072198,3,shell0-shell0,0
shell0-shell0,2,840,1840,0,-1,3,2,2,359.99593607980802,702.47613639002702,342.48020031022003,-48.265804373205,-99.519843690351195,-51.254039317146201,1.9513446291635199,3,shell0-shell0,0
shell0-shell0,2,843,1843,0,-1,3,2,2,336.18799904665099,662.35510582671202,326.167106780062,-72.073741406362203,-139.640874253666,-67.567132847303995,1.97019259374217,3,shell0-shell0,0
shell0-shell0,2,846,1846,0,-1,3,2,2,337.19220469752503,654.75859514392596,317.56639044640201,-71.069535755488104,-147.237384936452,-76.167849180964296,1.9417963583448501,3,shell0-shell0,0
shell0-shell0,2,855,1855,0,-1,3,2,2,294.995636440189,574.09108277519101,279.09544633500099,-113.26610401282301,-227.904897305188,-114.638793292364,1.9461002532204901,3,shell0-shell0,0
shell0-shell0,2,859,1859,0,-1,3,2,2,309.64442021229303,597.51139770720499,287.86697749491202,-98.617320240719593,-204.484582373173,-105.867262132454,1.92966951349406,3,shell0-shell0,0
shell0-shell0,2,861,1861,0,-1,3,2,2,343.82229753180002,665.56353947707703,321.74124194527701,-64.439442921212901,-136.43244060330201,-71.992997682088998,1.93577770916826,3,shell0-shell0,0
shell0-shell0,2,864,1864,0,-1,3,2,2,391.31499099396802,768.27195674951099,376.95696575554302,-16.9467494590447,-33.724023330867098,-16.777273871822398,1.9633082668211801,3,shell0-shell0,0
shell0-shell0,2,866,1866,0,-1,3,2,2,316.69502061642697,617.13284643240797,300.437825815981,-91.566719836585904,-184.86313364797101,-93.296413811384795,1.94866608648029,3,shell0-shell0,0
shell0-shell0,2,870,1870,0,-1,3,2,2,338.23631572049101,663.75921483229604,325.52289911180497,-70.025424732521302,-138.23676524808201,-68.211340515560906,1.9624126209463799,3,shell0-shell0,0
shell0-shell0,2,871,1871,0,-1,3,2,2,361.61649923675998,709.13849487310995,347.52199563635003,-46.645241216252501,-92.857485207268198,-46.212243991015598,1.9610236158190799,3,shell0-shell0,0
shell0-shell0,2,872,1872,0,-1,3,2,2,314.50515898536901,618.21905869733598,303.71389971196697,-93.756581467643599,-183.776921383043,-90.020339915398907,1.9656881327218401,3,shell0-shell0,0
shell0-shell0,2,877,1877,0,-1,3,2,2,369.58417686267802,714.84377914721404,345.25960228453499,-38.677563590334501,-87.152200933165005,-48.474637342830498,1.9341839394082601,3,shell0-shell0,0
shell0-shell0,2,880,1880,0,-1,3,2,2,296.42148820296899,578.16068426593597,281.73919606296698,-111.84025225004299,-223.83529581444199,-111.995043564399,1.9504681923398599,3,shell0-shell0,0
shell0-shell0,2,885,1885,0,-1,3,2,2,319.46232331242601,632.58526400014796,313.12294068772201,-88.799417140586996,-169.410716080231,-80.611298939644001,1.9801560867679999,3,shell0-shell0,0
shell0-shell0,2,886,1886,0,-1,3,2,2,291.38109223454302,580.13235440108099,288.75126216653803,-116.88064821847,-221.863625679297,-104.982977460828,1.9909746028891699,3,shell0-shell0,0
shell0-shell0,2,889,1889,0,-1,3,3,3,364.55433633196299,705.06456522510803,340.51022889314498,-43.707404121049699,-96.931414855270503,-53.224010734220798,1.9340452024772401,3,shell0-shell0,0
shell0-shell0,2,890,1890,0,-1,3,2,2,337.868083860014,657.76796249846802,319.89987863845403,-70.393656592998596,-144.22801758191099,-73.834360988912195,1.9468188737560499,3,shell0-shell0,0
shell0-shell0,2,891,1891,0,-1,3,2,2,351.81828731056601,691.79468713936001,339.976399828794,-56.443453142446501,-110.20129294101901,-53.7578397985721,1.96634089838736,3,shell0-shell0,0
shell0-shell0,2,892,1892,0,-1,3,2,2,328.43602480413603,644.53707140449399,316.10104660035802,-79.825715648876695,-157.458908675885,-77.633193027008005,1.96244328492548,3,shell0-shell0,0
shell0-shell0,2,895,1895,0,-1,3,2,2,369.74171379348701,725.84168462740001,356.09997083391301,-38.520026659525499,-76.154295452978701,-37.634268793453202,1.96310466887922,3,shell0-shell0,0
shell0-shell0,2,898,1898,0,-1,3,2,2,340.97662218805601,664.62727313325502,323.650650945199,-67.285118264956594,-137.368706947123,-70.083588682166805,1.9491872166142199,3,shell0-shell0,0
shell0-shell0,2,901,1901,0,-1,3,3,3,355.57959857887698,703.87117991029902,348.291581331423,-52.6821418741361,-98.124800170079197,-45.442658295943097,1.9795038374626099,3,shell0-shell0,0
shell0-shell0,2,908,1908,0,-1,3,2,2,343.93082268744701,666.91962735292202,322.98880466547502,-64.330917765566099,-135.07635272745699,-70.745434961890396,1.93910979580623,3,shell0-shell0,0
shell0-shell0,2,911,1911,0,-1,3,2,2,306.56705489773401,592.03333600652002,285.46628110878601,-101.69468555527899,-209.962644073859,-108.26795851858,1.93117077177133,3,shell0-shell0,0
shell0-shell0,2,913,1913,0,-1,3,2,2,353.98245379748897,693.416371544252,339.43391774676297,-54.2792866555234,-108.579608536126,-54.300321880602702,1.9589004034108199,3,shell0-shell0,0
shell0-shell0,2,917,1917,0,-1,3,2,2,342.498095183489,672.63443690752501,330.13634172403601,-65.763645269523295,-129.361543172854,-63.5978979033302,1.96390708843846,3,shell0-shell0,0
shell0-shell0,2,918,1918,0,-1,3,2,2,336.18883638256699,652.57629298203506,316.38745659946801,-72.072904070445603,-149.41968709834401,-77.346783027897899,1.9411004244038399,3,shell0-shell0,0
shell0-shell0,2,925,1925,0,-1,3,2,2,275.30490373010599,530.79729249035097,255.49238876024501,-132.95683672290701,-271.19868759002799,-138.241850867121,1.92803428234869,3,shell0-shell0,0
shell0-shell0,2,926,1926,0,-1,3,2,2,331.01851468894199,644.21567007198303,313.19715538304098,-77.2432257640709,-157.78031000839499,-80.537084244324504,1.94616204678869,3,shell0-shell0,0
shell0-shell0,2,929,1929,0,-1,3,2,2,365.54164055990401,707.11151048698503,341.56986992708102,-42.720099893108902,-94.884469593393504,-52.164369700284603,1.93442123147419,3,shell0-shell0,0
shell0-shell0,2,931,1931,0,-1,3,2,2,294.165890148519,572.97639782186798,278.81050767334898,-114.095850304493,-229.01958225851001,-114.923731954017,1.9478002617250501,3,shell0-shell0,0
shell0-shell0,2,935,1935,0,-1,3,2,2,335.44082237429097,648.90787013366503,313.467047759374,-72.820918078721803,-153.08810994671401,-80.267191867991798,1.9344928430016799,3,shell0-shell0,0
shell0-shell0,2,941,1941,0,-1,3,2,2,371.47012308117399,722.51481299507304,351.04468991389899,-36.791617371838498,-79.481167085305302,-42.689549713466803,1.9450146003725499,3,shell0-shell0,0
shell0-shell0,2,942,1942,0,-1,3,2,2,299.40256298586201,587.59600641054305,288.19344342468099,-108.859177467151,-214.39997366983599,-105.540796202685,1.9625617113982099,3,shell0-shell0,0
shell0-shell0,2,944,1944,0,-1,3,2,2,355.36365463455002,691.20220621146905,335.83855157691897,-52.898085818462803,-110.79377386890999,-57.895688050446701,1.9450559931974201,3,shell0-shell0,0
shell0-shell0,2,951,1951,0,-1,3,2,2,311.34767382536501,600.75864355597196,289.41096973060701,-96.914066627647301,-201.237336524406,-104.323269896759,1.9295427397120599,3,shell0-shell0,0
shell0-shell0,2,956,1956,0,-1,3,2,2,326.82217927508998,633.70253732633103,306.88035805124099,-81.4395611779223,-168.29344275404699,-86.853881576124905,1.93898265635435,3,shell0-shell0,0
shell0-shell0,2,964,1964,0,-1,3,2,2,300.47093963427,582.10970117439297,281.63876154012303,-107.79080081874299,-219.88627890598599,-112.095478087242,1.93732446100422,3,shell0-shell0,0
shell0-shell0,2,967,1967,0,-1,3,2,2,321.69976554760001,620.908520211172,299.20875466357302,-86.561974905412896,-181.08745986920599,-94.525484963793204,1.93008695282776,3,shell0-shell0,0
shell0-shell0,2,971,1971,0,-1,3,2,2,334.82316000845799,660.66699041534196,325.84383040688402,-73.4385804445551,-141.328989665036,-67.890409220481402,1.97318187427254,3,shell0-shell0,0
shell0-shell0,2,973,1973,0,-1,3,2,2,386.91275468525902,753.13172495751701,366.21897027225702,-21.348985767753501,-48.864255122861998,-27.515269355108501,1.9465156313344201,3,shell0-shell0,0
shell0-shell0,2,976,1976,0,-1,3,2,2,353.54003102340602,683.78074556466299,330.240714541258,-54.721709429607102,-118.215234515715,-63.493525086108001,1.9340970910289801,3,shell0-shell0,0
shell0-shell0,2,978,1978,0,-1,3,2,2,327.32356039147402,632.90128504354698,305.57772465207302,-80.938180061538603,-169.09469503683101,-88.156514975292794,1.93356470975266,3,shell0-shell0,0
shell0-shell0,2,982,1982,0,-1,3,2,2,336.46958300773503,652.06597105231594,315.59638804458098,-71.792157445277795,-149.93000902806199,-78.137851582784606,1.93796409536765,3,shell0-shell0,0
shell0-shell0,2,985,1985,0,-1,3,2,2,343.73304453709,668.24244678900595,324.50940225191601,-64.528695915922796,-133.753533291373,-69.224837375450093,1.94407391843556,3,shell0-shell0,0
shell0-shell0,2,986,1986,0,-1,3,2,2,364.89002372470401,709.09352182367297,344.20349809896902,-43.371716728308499,-92.902458256705103,-49.530741528396703,1.94330750560245,3,shell0-shell0,0
shell0-shell0,2,990,1990,0,-1,3,2,2,354.04514511014497,687.21627669637803,333.171131586233,-54.216595342868096,-114.779703384001,-60.563108041132502,1.9410413790099601,3,shell0-shell0,0
shell0-shell0,2,991,1991,0,-1,3,2,2,332.89319599748899,654.84863161615704,321.95543561866799,-75.368544455523306,-147.14734846422101,-71.778804008698003,1.9671433345279199,3,shell0-shell0,0
shell0-shell0,2,997,1997,0,-1,3,2,2,307.06644858626203,596.17185650347199,289.10540791720899,-101.19529186675,-205.824123576907,-104.628831710157,1.9415076419070001,3,shell0-shell0,0
shell0-shell0,2,999,1999,0,-1,3,2,2,279.703934946993,540.16714067646797,260.46320572947502,-128.55780550602,-261.82883940391099,-133.27103389789099,1.9312103734930901,3,shell0-shell0,0
shell3-shell3,1,0,0,0,-1,0,44,44,480.948346111457,982.02936975259001,501.08102364113302,72.686605658444606,161.451047665039,88.764442006594507,2.0418603737645702,0,shell3-shell3,1
shell3-shell3,1,1,1,0,-1,0,34,34,486.888986617466,967.89858485538196,481.00959823791601,78.627246164452899,147.320262767831,68.693016603377998,1.98792458128824,0,shell3-shell3,1
shell3-shell3,1,4,4,0,-1,0,38,38,487.81589622272901,968.26149627835002,480.44560005562101,79.554155769716402,147.68317419079901,68.129018421082606,1.9848912341230001,0,shell3-shell3,1
shell3-shell3,1,5,5,0,-1,0,27,27,466.52160310527103,922.58381908813703,456.06221598286601,58.259862652258001,102.005497000586,43.745634348328203,1.97758005834503,0,shell3-shell3,1
shell3-shell3,1,6,6,0,-1,0,60,60,476.96563144723598,943.27342902367604,466.30779757644001,68.703890994223102,122.695106936125,53.991215941902198,1.9776549227698901,0,shell3-shell3,1
shell3-shell3,1,7,7,0,-1,0,37,37,495.24988884545002,1017.50286501647,522.25297617102399,86.988148392437694,196.92454292892401,109.93639453648601,2.0545241663527198,0,shell3-shell3,1
shell3-shell3,1,11,11,0,-1,0,27,27,492.42816495923699,973.19810081873698,480.76993585949998,84.166424506224203,152.61977873118599,68.4533542249617,1.9763250156483201,0,shell3-shell3,1
shell3-shell3,1,16,16,0,-1,0,28,28,481.29197856471802,959.84259046981902,478.55061190510099,73.030238111705401,139.264268382268,66.234030270562997,1.99430415053292,0,shell3-shell3,1
shell3-shell3,1,19,19,0,-1,0,33,33,478.93754509668003,955.62795090365898,476.69040580697902,70.675804643667604,135.049628816108,64.373824172440493,1.9953080744813001,0,shell3-shell3,1
shell3-shell3,1,29,29,0,-1,0,28,28,434.24889387384098,859.16319675435795,424.91430288051703,25.987153420828299,38.584874666807103,12.5977212459788,1.9785040534932601,0,shell3-shell3,1
shell3-shell3,2,0,1000,0,-1,0,44,44,480.948346111457,982.02936975259001,501.08102364113199,72.686605658444606,161.451047665039,88.764442006594294,2.04186037376456,0,shell3-shell3,1
shell3-shell3,2,1,1001,0,-1,0,34,34,486.888986617466,967.89858485538196,481.00959823791601,78.627246164452899,147.320262767831,68.693016603377998,1.98792458128824,0,shell3-shell3,1
shell3-shell3,2,4,1004,0,-1,0,38,38,487.81589622272901,968.26149627835002,480.44560005561999,79.554155769716402,147.68317419079901,68.129018421082407,1.9848912341230001,0,shell3-shell3,1
shell3-shell3,2,5,1005,0,-1,0,27,27,466.52160310527103,922.58381908813703,456.06221598286601,58.259862652258001,102.005497000586,43.745634348328302,1.97758005834503,0,shell3-shell3,1
shell3-shell3,2,6,1006,0,-1,0,60,60,476.96563144723598,943.27342902367604,466.30779757644001,68.703890994223102,122.695106936125,53.991215941902198,1.9776549227698901,0,shell3-shell3,1
shell3-shell3,2,7,1007,0,-1,0,37,37,495.24988884545002,1017.50286501647,522.25297617102501,86.988148392437694,196.92454292892401,109.936394536487,2.0545241663527198,0,shell3-shell3,1
shell3-shell3,2,11,1011,0,-1,0,27,27,492.42816495923699,973.19810081873595,480.76993585949901,84.166424506224203,152.61977873118599,68.453354224961501,1.9763250156483201,0,shell3-shell3,1
shell3-shell3,2,16,1016,0,-1,0,28,28,481.29197856471802,959.84259046981902,478.55061190510099,73.030238111705401,139.26426838226899,66.234030270563196,1.99430415053292,0,shell3-shell3,1
shell3-shell3,2,19,1019,0,-1,0,33,33,478.93754509668003,955.62795090365898,476.69040580697902,70.675804643667604,135.049628816108,64.373824172440706,1.9953080744813001,0,shell3-shell3,1
shell3-shell3,2,29,1029,0,-1,0,28,28,434.24889387384098,859.16319675435795,424.91430288051703,25.987153420828299,38.584874666807103,12.5977212459788,1.9785040534932601,0,shell3-shell3,1
shell3-shell3,1,2,2,0,-1,1,10,10,479.01356420634801,980.26651896363796,501.25295475729001,70.751823753335501,159.68819687608701,88.936373122751704,2.0464274755721998,1,shell3-shell3,1
shell3-shell3,1,3,3,0,-1,1,18,18,483.74570238777301,959.48753413139104,475.74183174361798,75.483961934760401,138.90921204384,63.425250109079698,1.9834543839776799,1,shell3-shell3,1
shell3-shell3,1,8,8,0,-1,1,23,23,491.16281128304001,974.64010783133597,483.47729654829698,82.901070830026896,154.061785743786,71.160714913758795,1.98435240910307,1,shell3-shell3,1
shell3-shell3,1,9,9,0,-1,1,19,19,461.334565934664,921.71467895110902,460.38011301644502,53.072825481651499,101.13635686355801,48.063531381906998,1.99793110469343,1,shell3-shell3,1
shell3-shell3,1,10,10,0,-1,1,19,19,483.84619947836597,958.75042321488399,474.90422373651802,75.584459025353496,138.17210112733301,62.587642101980002,1.9815189707979799,1,shell3-shell3,1
shell3-shell3,1,12,12,0,-1,1,17,17,483.73419747084301,957.54221476133705,473.80801729049398,75.472457017829896,136.96389267378601,61.491435655956302,1.97948009416691,1,shell3-shell3,1
shell3-shell3,1,14,14,0,-1,1,22,22,458.99885149428002,910.23236238182994,451.23351088754998,50.737111041266999,89.654040294279199,38.916929253012199,1.9830820042763699,1,shell3-shell3,1
shell3-shell3,1,15,15,0,-1,1,7,7,434.80649747239198,861.15782217362505,426.35132470123199,26.544757019379698,40.579500086074198,14.034743066694499,1.9805541710615799,1,shell3-shell3,1
shell3-shell3,1,18,18,0,-1,1,12,12,454.65372594419102,910.06736852857898,455.41364258438801,46.391985491178403,89.489046441028407,43.097060949850103,2.0016714184814401,1,shell3-shell3,1
shell3-shell3,1,20,20,0,-1,1,20,20,470.47632735003202,928.70910064996997,458.232773299938,62.214586897018897,108.130778562419,45.9161916654,1.97397625908395,1,shell3-shell3,1
shell3-shell3,1,21,21,0,-1,1,5,5,435.94769045824199,873.90963495866799,437.961944500426,27.685950005228801,53.331312871117099,25.645362865888298,2.00462040305815,1,shell3-shell3,1
shell3-shell3,1,22,22,0,-1,1,17,17,441.17920911544701,873.66983938538795,432.49063026994202,32.917468662433897,53.091517297837498,20.1740486354037,1.9803060101972501,1,shell3-shell3,1
shell3-shell3,1,23,23,0,-1,1,9,9,428.13622242567902,845.72901102221203,417.59278859653301,19.8744819726667,25.150688934661702,5.2762069619950598,1.9753736468047201,1,shell3-shell3,1
shell3-shell3,1,24,24,0,-1,1,12,12,473.087582386527,1029.4031497567801,556.31556737025801,64.825841933514198,208.824827669234,143.99898573572,2.1759251100269399,1,shell3-shell3,1
shell3-shell3,1,26,26,0,-1,1,12,12,470.32110908997902,934.14719145243498,463.82608236245602,62.059368636965999,113.56886936488399,51.509500727918102,1.9861902291817399,1,shell3-shell3,1
shell3-shell3,1,27,27,0,-1,1,7,7,439.002610754476,872.27430063889506,433.271689884419,30.740870301463499,51.695978551344403,20.955108249880901,1.9869455881817899,1,shell3-shell3,1
shell3-shell3,1,28,28,0,-1,1,15,15,479.51337413668301,954.66223645966295,475.14886232297999,71.251633683669894,134.08391437211199,62.832280688442097,1.9908980394518501,1,shell3-shell3,1
shell3-shell3,1,30,30,0,-1,1,7,7,467.27763033963498,927.34368389880206,460.06605355916702,59.015889886621899,106.765361811251,47.749471924629198,1.98456682641704,1,shell3-shell3,1
shell3-shell3,1,31,31,0,-1,1,4,4,402.01304871065503,792.97888887498402,390.96584016432899,-6.2486917423578898,-27.599433212567099,-21.350741470209201,1.97252027370316,1,shell3-shell3,1
shell3-shell3,1,32,32,0,-1,1,3,3,407.43227611955899,805.34614826503696,397.91387214547802,-0.82946433345341597,-15.2321738225139,-14.4027094890605,1.9766380708353899,1,shell3-shell3,1
shell3-shell3,1,33,33,0,-1,1,20,20,459.706897969843,913.47258616072395,453.76568819088101,51.4451575168302,92.894264073173105,41.449106556342898,1.98707609173323,1,shell3-shell3,1
shell3-shell3,1,34,34,0,-1,1,23,23,444.556267213794,877.23577323535903,432.67950602156498,36.294526760781203,56.657451147807798,20.362924387026599,1.9732840090936801,1,shell3-shell3,1
shell3-shell3,1,36,36,0,-1,1,13,13,477.31638189213601,943.43487268628701,466.118490794151,69.054641439122904,122.85655059873601,53.801909159612997,1.9765398978061599,1,shell3-shell3,1
shell3-shell3,1,37,37,0,-1,1,19,19,453.39376124574301,934.28680763623004,480.89304639048601,45.1320207927307,113.70848554867899,68.576464755948194,2.0606521030840499,1,shell3-shell3,1
shell3-shell3,1,38,38,0,-1,1,17,17,459.24279274387902,908.23443544677002,448.991642702891,50.9810522908666,87.656113359219603,36.675061068353003,1.9776781471523199,1,shell3-shell3,1
shell3-shell3,1,41,41,0,-1,1,9,9,468.47606068887302,924.50726159998203,456.03120091110901,60.214320235860399,103.928939512431,43.714619276570801,1.9734354413767401,1,shell3-shell3,1
shell3-shell3,1,42,42,0,-1,1,7,7,456.33202492242998,925.93815325514095,469.60612833271199,48.070284469416897,105.359831167591,57.289546698173801,2.02908869569813,1,shell3-shell3,1
shell3-shell3,1,45,45,0,-1,1,3,3,445.44673570761501,889.87782464689099,444.431088939277,37.184995254601901,69.299502559340496,32.114507304738602,1.9977199366682401,1,shell3-shell3,1
shell3-shell3,1,46,46,0,-1,1,8,8,427.081274472421,842.51791922074904,415.43664474832798,18.8195340194086,21.939597133198401,3.1200631137897998,1.9727343940834701,1,shell3-shell3,1
shell3-shell3,1,47,47,0,-1,1,3,3,420.61986904740701,827.57575687625501,406.95588782884801,12.358128594394699,6.9974347887042496,-5.3606938056904001,1.96751465581142,1,shell3-shell3,1
shell3-shell3,1,49,49,0,-1,1,5,5,437.13967538583802,867.69562119537397,430.55594580953499,28.8779349328256,47.117299107822802,18.239364174997199,1.9849390710863899,1,shell3-shell3,1
shell3-shell3,1,50,50,0,-1,1,9,9,459.926147713246,917.54923899136395,457.62309127811801,51.664407260233602,96.970916903813205,45.306509643579602,1.99499255163774,1,shell3-shell3,1
shell3-shell3,1,51,51,0,-1,1,2,2,404.44846192442299,799.84155758995996,395.39309566553698,-3.8132785285899899,-20.736764497590801,-16.923485969000801,1.9776105805525901,1,shell3-shell3,1
shell3-shell3,1,53,53,0,-1,1,8,8,463.80230217717201,916.43900673196401,452.63670455479098,55.540561724159701,95.860684644412999,40.320122920253297,1.97592595472259,1,shell3-shell3,1
shell3-shell3,1,55,55,0,-1,1,9,9,438.603368833248,865.38785332744499,426.78448449419602,30.341628380235399,44.8095312398939,14.4679028596585,1.9730533662555001,1,shell3-shell3,1
shell3-shell3,1,56,56,0,-1,1,7,7,470.86163793009302,950.69941444668405,479.83777651659102,62.599897477080297,130.121092359133,67.521194882053095,2.01906321913579,1,shell3-shell3,1
shell3-shell3,1,57,57,0,-1,1,3,3,446.32574598850402,883.67379645250003,437.348050463996,38.064005535490899,63.095474364948899,25.031468829457999,1.97988532903334,1,shell3-shell3,1
shell3-shell3,1,60,60,0,-1,1,10,10,453.34029763020902,894.25730918837405,440.91701155816497,45.0785571771966,73.678987100823505,28.600429923626901,1.97259611347814,1,shell3-shell3,1
shell3-shell3,1,64,64,0,-1,1,17,17,490.261108409504,969.24207879174696,478.98097038224398,81.9993679564909,148.663756704197,66.664388747705701,1.9769915707492001,1,shell3-shell3,1
shell3-shell3,1,66,66,0,-1,1,5,5,492.19267602178599,984.04074073668505,491.84806471489799,83.930935568773705,163.46241864913401,79.531483080360104,1.9992998447078201,1,shell3-shell3,1
shell3-shell3,1,71,71,0,-1,1,6,6,426.93960099671301,848.00578496600201,421.06618396928798,18.677860543700401,27.4274628784509,8.7496023347504792,1.9862429790684399,1,shell3-shell3,1
shell3-shell3,1,72,72,0,-1,1,7,7,444.86843581413802,877.42546777248003,432.55703195834099,36.606695361125702,56.847145684928797,20.240450323803099,1.97232574202918,1,shell3-shell3,1
shell3-shell3,1,73,73,0,-1,1,3,3,403.27771968872401,798.24801144795902,394.97029175923598,-4.9840207642888599,-22.3303106395913,-17.3462898753024,1.9794002308486101,1,shell3-shell3,1
shell3-shell3,1,74,74,0,-1,1,10,10,427.47724923542,850.92058133823502,423.44333210281599,19.2155087824069,30.342259250684499,11.126750468277599,1.9905634343352301,1,shell3-shell3,1
shell3-shell3,1,76,76,0,-1,1,2,2,355.991897135942,704.84620421534396,348.854307079401,-52.269843317070404,-115.732117872207,-63.462274555136901,1.97995013337673,1,shell3-shell3,1
shell3-shell3,1,77,77,0,-1,1,5,5,433.04458193971698,859.95315488339998,426.908572943683,24.7828414867042,39.374832795849301,14.5919913091452,1.9858305374274701,1,shell3-shell3,1
shell3-shell3,1,79,79,0,-1,1,11,11,460.13840620246202,908.45032202039795,448.31191581793598,51.876665749449401,87.871999932847501,35.9953341833981,1.97429797159917,1,shell3-shell3,1
shell3-shell3,1,80,80,0,-1,1,13,13,446.95604405598903,888.65234630619796,441.69630225020899,38.694303602976099,68.074024218646898,29.379720615670699,1.9882320826047,1,shell3-shell3,1
shell3-shell3,1,82,82,0,-1,1,3,3,409.36479294456598,811.815078311766,402.45028536720002,1.1030524915536799,-8.7632437757844208,-9.8662962673381003,1.98310917866769,1,shell3-shell3,1
shell3-shell3,1,84,84,0,-1,1,5,5,441.975113828242,888.04944622841401,446.07433240017201,33.713373375229402,67.471124140862997,33.757750765633702,2.0092747723654001,1,shell3-shell3,1
shell3-shell3,1,85,85,0,-1,1,11,11,448.30068217809099,894.36980426914101,446.06912209105002,40.038941725078097,73.791482181590098,33.752540456512101,1.9950221800328301,1,shell3-shell3,1
shell3-shell3,1,87,87,0,-1,1,5,5,460.804388547131,927.20230936689495,466.39792081976401,52.542648094118,106.62398727934399,54.081339185226199,2.0121386263057701,1,shell3-shell3,1
shell3-shell3,1,88,88,0,-1,1,2,2,402.73014692271698,836.69895537547904,433.96880845276098,-5.5315935302953099,16.120633287927799,21.652226818223099,2.0775672289962399,1,shell3-shell3,1
shell3-shell3,1,89,89,0,-1,1,3,3,420.92467962035403,842.82555670269198,421.90087708233801,12.662939167341399,22.247234615141,9.5842954477995992,2.0023191737364101,1,shell3-shell3,1
shell3-shell3,1,90,90,0,-1,1,4,4,433.32855638417101,869.73799642177596,436.40944003760501,25.066815931157901,49.159674334224697,24.092858403066799,2.0071098098845401,1,shell3-shell3,1
shell3-shell3,1,91,91,0,-1,1,5,5,434.23288792646599,857.71513176948997,423.48224384302398,25.971147473453399,37.136809681939098,11.165662208485699,1.97524221591142,1,shell3-shell3,1
shell3-shell3,1,93,93,0,-1,1,2,2,378.18408886980501,747.12213972168502,368.93805085187898,-30.077651583207601,-73.456182365866198,-43.378530782658601,1.9755514885738401,1,shell3-shell3,1
shell3-shell3,1,97,97,0,-1,1,5,5,419.41310400882901,829.51719234128996,410.10408833245998,11.1513635558165,8.9388702537389708,-2.2124933020775202,1.97780466183009,1,shell3-shell3,1
shell3-shell3,1,98,98,0,-1,1,8,8,461.66378197018901,936.54270141780103,474.87891944761202,53.402041517176698,115.96437933025101,62.562337813074002,2.0286250253832501,1,shell3-shell3,1
shell3-shell3,1,101,101,0,-1,1,3,3,432.10713952663502,854.58165703626798,422.47451750963398,23.845399073621898,34.003334948717502,10.1579358750955,1.9777077924989801,1,shell3-shell3,1
shell3-shell3,1,103,103,0,-1,1,6,6,411.91178329167798,811.93298455238801,400.021201260711,3.65004283866483,-8.6453375351626391,-12.2953803738275,1.97113318309094,1,shell3-shell3,1
shell3-shell3,1,105,105,0,-1,1,2,2,395.730558806131,803.31185328820595,407.58129448207501,-12.531181646881601,-17.2664687993447,-4.7352871524630604,2.0299464759853199,1,shell3-shell3,1
shell3-shell3,1,107,107,0,-1,1,8,8,416.60220824455598,823.90984562087101,407.30763737631497,8.3404677915430092,3.3315235333201398,-5.0089442582228703,1.9776895784892601,1,shell3-shell3,1
shell3-shell3,1,109,109,0,-1,1,8,8,420.66437598490199,838.95917827333096,418.29480228842903,12.402635531889199,18.3808561857801,5.9782206538909,1.9943670683049299,1,shell3-shell3,1
shell3-shell3,1,111,111,0,-1,1,4,4,413.14535300980901,816.14017560094703,402.99482259113802,4.88361255679638,-4.4381464866036104,-9.3217590433999895,1.9754310913950199,1,shell3-shell3,1
shell3-shell3,1,116,116,0,-1,1,2,2,410.95510262867498,825.24496189877004,414.28985927009501,2.6933621756622901,4.6666398112190599,1.97327763555677,2.0081146495568198,1,shell3-shell3,1
shell3-shell3,1,119,119,0,-1,1,9,9,449.38821404943798,1020.06492131163,570.67670726219603,41.126473596425697,199.48659922408399,158.36012562765799,2.26989691634284,1,shell3-shell3,1
shell3-shell3,1,121,121,0,-1,1,9,9,440.43895882709199,882.07824112630101,441.63928229920799,32.1772183740797,61.499919038749901,29.322700664670201,2.0027252890509799,1,shell3-shell3,1
shell3-shell3,1,125,125,0,-1,1,9,9,441.73728150719398,884.74807365633501,443.01079214914103,33.4755410541811,64.169751568783795,30.694210514602698,2.0028829593861799,1,shell3-shell3,1
shell3-shell3,1,127,127,0,-1,1,4,4,445.61057835183601,879.59714558287396,433.98656723103898,37.348837898823,59.018823495323502,21.669985596500499,1.973914418361,1,shell3-shell3,1
shell3-shell3,1,131,131,0,-1,1,9,9,431.89574427588701,853.10210441173501,421.206360135848,23.634003822874,32.523782324183998,8.8897785013099906,1.97525008226705,1,shell3-shell3,1
shell3-shell3,1,132,132,0,-1,1,6,6,412.72885876571002,815.83295951309196,403.10410074738201,4.4671183126971501,-4.7453625744584498,-9.2124808871556105,1.9766801913316401,1,shell3-shell3,1
shell3-shell3,1,135,135,0,-1,1,6,6,421.39354539390501,837.72835141137,416.33480601746498,13.131804940892399,17.150029323819599,4.0182243829271398,1.98799521389984,1,shell3-shell3,1
shell3-shell3,1,137,137,0,-1,1,7,7,442.091406355993,876.63928692495494,434.54788056896098,33.829665902980501,56.060964837404001,22.2312989344234,1.9829367282906301,1,shell3-shell3,1
shell3-shell3,1,139,139,0,-1,1,7,7,394.87402079421003,776.95652256810797,382.082501773898,-13.387719658802601,-43.621799519442902,-30.2340798606403,1.9676060759971401,1,shell3-shell3,1
shell3-shell3,1,140,140,0,-1,1,8,8,421.887536561167,829.93157818790201,408.04404162673399,13.6257961081545,9.3532561003507908,-4.2725400078036797,1.9671867648727599,1,shell3-shell3,1
shell3-shell3,1,143,143,0,-1,1,12,12,433.77691169855598,881.80551933474601,448.02860763618997,25.5151712455433,61.227197247195697,35.712026001652397,2.03285489742141,1,shell3-shell3,1
shell3-shell3,1,147,147,0,-1,1,6,6,445.78575860032799,879.87172946862097,434.08597086829297,37.524018147315402,59.293407381070701,21.769389233755302,1.9737546848316301,1,shell3-shell3,1
shell3-shell3,1,148,148,0,-1,1,4,4,403.55027220739498,795.11609774829697,391.56582554090198,-4.7114682456181098,-25.462224339253801,-20.750756093635701,1.97030246912996,1,shell3-shell3,1
shell3-shell3,1,151,151,0,-1,1,3,3,408.09267600068699,820.04238962822001,411.94971362753398,-0.16906445232598299,-0.53593245933029698,-0.36686800700431399,2.0094513767427702,1,shell3-shell3,1
shell3-shell3,1,152,152,0,-1,1,7,7,452.41803090080202,897.95369561804205,445.53566471724099,44.156290447789097,77.375373530491601,33.219083082702497,1.9847875952913301,1,shell3-shell3,1
shell3-shell3,1,153,153,0,-1,1,2,2,383.93869118003602,759.31675469791298,375.37806351787702,-24.323049272976402,-61.261567389637797,-36.938518116661399,1.9777031389156201,1,shell3-shell3,1
shell3-shell3,1,154,154,0,-1,1,6,6,421.48417959842499,852.84825089732999,431.364071298905,13.2224391454124,32.269928809779699,19.047489664367301,2.0234407177747298,1,shell3-shell3,1
shell3-shell3,1,159,159,0,-1,1,3,3,387.12077612739,766.15784542709298,379.03706929970298,-21.1409643256228,-54.420476660457297,-33.2795123348345,1.97911838545956,1,shell3-shell3,1
shell3-shell3,1,160,160,0,-1,1,5,5,441.76784513971,880.07085217193696,438.30300703222701,33.506104686697,59.492530084385699,25.986425397688699,1.9921568802582601,1,shell3-shell3,1
shell3-shell3,1,164,164,0,-1,1,4,4,437.39836317547599,936.677503349311,499.27914017383603,29.136622722462999,116.099181261761,86.962558539297703,2.1414746423583102,1,shell3-shell3,1
shell3-shell3,1,165,165,0,-1,1,15,15,439.75584268747099,880.90401719404304,441.14817450657199,31.494102234458499,60.325695106492702,28.8315928720343,2.0031661474026001,1,shell3-shell3,1
shell3-shell3,1,167,167,0,-1,1,2,2,382.88390036462602,768.12380664583702,385.23990628121197,-25.377840088387099,-52.454515441713497,-27.076675353326401,2.0061533167478198,1,shell3-shell3,1
shell3-shell3,1,171,171,0,-1,1,2,2,355.991897135942,704.84620421534396,348.854307079401,-52.269843317070297,-115.732117872207,-63.462274555137,1.97995013337673,1,shell3-shell3,1
shell3-shell3,1,172,172,0,-1,1,7,7,429.90552341541598,848.55343751835699,418.647914102941,21.643782962403598,27.975115430806699,6.3313324684030503,1.9738137597697301,1,shell3-shell3,1
shell3-shell3,1,173,173,0,-1,1,3,3,399.04643559703601,791.60672439032203,392.56028879328602,-9.2153048559765107,-28.9715976972284,-19.756292841251899,1.98374588462607,1,shell3-shell3,1
shell3-shell3,1,176,176,0,-1,1,2,2,386.44695243227602,781.412072231857,394.96511979958098,-21.814788020737002,-39.166249855693799,-17.351461834956801,2.0220422681915098,1,shell3-shell3,1
shell3-shell3,1,177,177,0,2,1,3,3,412.68384481145,1558.2951649535601,1145.6113201421099,4.4221043584377098,737.71684286601203,733.29473850757404,3.7760023430661001,1,shell3-shell3,1
shell3-shell3,1,180,180,0,-1,1,5,5,427.18533743384501,885.19158308310602,458.00624564926198,18.923596980831899,64.613260995555706,45.689664014723803,2.0721487970550698,1,shell3-shell3,1
shell3-shell3,1,185,185,0,-1,1,13,13,424.53739833073303,841.30122805439305,416.763829723659,16.275657877720601,20.7229059668419,4.4472480891213904,1.98168931962734,1,shell3-shell3,1
shell3-shell3,1,187,187,0,-1,1,2,2,396.38393772927998,792.70173162537003,396.31779389609102,-11.877802723733099,-27.8765904621803,-15.9987877384472,1.9998331319034599,1,shell3-shell3,1
shell3-shell3,1,188,188,0,-1,1,5,5,405.423173659903,805.252367188682,399.82919352877798,-2.8385667931094098,-15.325954898869099,-12.487388105759701,1.98620212041501,1,shell3-shell3,1
shell3-shell3,1,196,196,0,-1,1,2,2,379.90612073008901,751.44228877518196,371.53616804509301,-28.3556197229242,-69.136033312369193,-40.780413589445097,1.97796836579282,1,shell3-shell3,1
shell3-shell3,1,199,199,0,-1,1,9,9,451.24044250195499,888.53029129795902,437.28984879600398,42.978702048942097,67.951969210408294,24.9732671614662,1.9690839020797899,1,shell3-shell3,1
shell3-shell3,1,200,200,0,-1,1,3,3,410.35324334327601,826.551868130039,416.19862478676299,2.0915028902633099,5.9735460424883504,3.88204315222504,2.01424475506971,1,shell3-shell3,1
shell3-shell3,1,201,201,0,-1,1,2,2,373.70466375685902,739.31158189668497,365.60691813982697,-34.557076696154098,-81.266740190865605,-46.7096634947114,1.9783311625398901,1,shell3-shell3,1
shell3-shell3,1,203,203,0,-1,1,2,2,395.581059738254,778.70281725141899,383.12175751316499,-12.6806807147586,-41.875504836131299,-29.194824121372701,1.96850379481431,1,shell3-shell3,1
shell3-shell3,1,204,204,0,-1,1,4,4,416.243790208446,852.38549274556703,436.14170253712098,7.9820497554332501,31.807170658015899,23.8251209025827,2.0478035055338899,1,shell3-shell3,1
shell3-shell3,1,207,207,0,-1,1,4,4,407.29671358710999,809.29633220959101,401.99961862248102,-0.96502686590270104,-11.281989877959999,-10.3169630120573,1.98699450600036,1,shell3-shell3,1
shell3-shell3,1,208,208,0,-1,1,2,2,376.00584964291801,740.74562580131806,364.73977615839999,-32.255890810094698,-79.832696286233201,-47.576805476138397,1.97003750474835,1,shell3-shell3,1
shell3-shell3,1,209,209,0,-1,1,2,2,378.18408886980501,747.12213972168502,368.93805085187898,-30.077651583207601,-73.456182365866198,-43.378530782658601,1.9755514885738401,1,shell3-shell3,1
shell3-shell3,1,210,210,0,-1,1,2,2,380.64004311143702,761.23253381702,380.59249070558297,-27.621697341575999,-59.345788270530598,-31.724090928954599,1.9998750725082299,1,shell3-shell3,1
shell3-shell3,1,213,213,0,-1,1,7,7,428.29282007148998,852.77731350472197,424.48449343323199,20.031079618476799,32.198991417170902,12.167911798694,1.9911081240221999,1,shell3-shell3,1
shell3-shell3,1,214,214,0,-1,1,2,2,411.810410294436,841.38061157456298,429.57020128012601,3.5486698414236999,20.802289487011901,17.253619645588198,2.0431261341183502,1,shell3-shell3,1
shell3-shell3,1,221,221,0,-1,1,5,5,438.18295005034503,863.09047822647597,424.907528176131,29.9212095973324,42.512156138925299,12.590946541592899,1.9697034723220299,1,shell3-shell3,1
shell3-shell3,1,222,222,0,-1,1,2,2,378.07061850239302,759.20906558861304,381.13844708622003,-30.191121950619898,-61.369256498937602,-31.178134548317701,2.00811443268451,1,shell3-shell3,1
shell3-shell3,1,223,223,0,-1,1,5,5,394.48255994809602,775.348258131894,380.86569818379797,-13.7791805049172,-45.230063955657101,-31.450883450739902,1.9654817141571801,1,shell3-shell3,1
shell3-shell3,1,224,224,0,-1,1,7,7,394.88914053342103,778.74502157993095,383.85588104650998,-13.3725999195916,-41.833300507619498,-28.460700588027901,1.9720598559078999,1,shell3-shell3,1
shell3-shell3,1,228,228,0,-1,1,5,5,409.18106243296,819.280740933929,410.09967850096899,0.91932197994725595,-1.2975811536221,-2.2169031335693599,2.0022450112000501,1,shell3-shell3,1
shell3-shell3,1,229,229,0,-1,1,8,8,436.15527899901201,864.181518524848,428.02623952583599,27.893538545998801,43.6031964372971,15.7096578912984,1.98136205185495,1,shell3-shell3,1
shell3-shell3,1,230,230,0,-1,1,3,3,390.72330899498701,772.01222281089201,381.28891381590398,-17.538431458025499,-48.566099276659202,-31.027667818633699,1.9758540251838299,1,shell3-shell3,1
shell3-shell3,1,234,234,0,-1,1,4,4,425.54384353268301,848.577137991168,423.03329445848499,17.2821030796703,27.998815903617398,10.7167128239471,1.9941003750557,1,shell3-shell3,1
shell3-shell3,1,235,235,0,-1,1,7,7,407.488509000146,803.26979669355399,395.78128769340799,-0.77323145286692396,-17.3085253939967,-16.535293941129702,1.9712698124041299,1,shell3-shell3,1
shell3-shell3,1,238,238,0,-1,1,8,8,447.87659939166701,884.64265881166205,436.76605941999401,39.614858938654699,64.0643367241112,24.449477785456502,1.97519285448991,1,shell3-shell3,1
shell3-shell3,1,240,240,0,-1,1,2,2,390.32485015479398,769.10267373696001,378.77782358216501,-17.936890298218501,-51.475648350591101,-33.5387580523726,1.97041688079032,1,shell3-shell3,1
shell3-shell3,1,242,242,0,-1,1,4,4,406.05532546832097,810.53956096503498,404.48423549671401,-2.2064149846917802,-10.038761122516201,-7.8323461378244597,1.99613084751494,1,shell3-shell3,1
shell3-shell3,1,243,243,0,-1,1,6,6,429.943974895841,847.55443085905597,417.61045596321497,21.682234442828701,26.976108771505601,5.2938743286768499,1.97131366026093,1,shell3-shell3,1
shell3-shell3,1,249,249,0,-1,1,5,5,418.895592354911,893.66192786262604,474.76633550771601,10.633851901898099,73.083605775075696,62.449753873177698,2.1333762975129802,1,shell3-shell3,1
shell3-shell3,1,252,252,0,-1,1,7,7,440.993786544214,874.90191889647303,433.90813235225897,32.732046091201397,54.323596808922701,21.5915507177214,1.98393253055223,1,shell3-shell3,1
shell3-shell3,1,254,254,0,-1,1,7,7,413.34302945591901,815.70283223945796,402.35980278353901,5.0812890029062601,-4.8754898480928004,-9.9567788509990596,1.9734283007340501,1,shell3-shell3,1
shell3-shell3,1,255,255,0,-1,1,2,2,395.45007662691802,797.70548658892199,402.25540996200402,-12.8116638260946,-22.872835498628799,-10.061171672534201,2.0172090833642899,1,shell3-shell3,1
shell3-shell3,1,256,256,0,-1,1,3,3,424.14673120577902,849.68322888599596,425.536497680217,15.8849907527659,29.104906798445199,13.2199160456793,2.0032766171991701,1,shell3-shell3,1
shell3-shell3,1,259,259,0,-1,1,6,6,436.54516762578999,868.70725212572995,432.16208449994099,28.283427172776999,48.128930038179497,19.845502865402601,1.98995961139672,1,shell3-shell3,1
shell3-shell3,1,261,261,0,-1,1,3,3,403.96049985815802,796.045974183103,392.08547432494498,-4.3012405948548498,-24.532347904447601,-20.231107309592801,1.9706034982693099,1,shell3-shell3,1
shell3-shell3,1,263,263,0,-1,1,3,3,382.95649336442,757.13535557597402,374.178862211553,-25.305247088592399,-63.442966511577197,-38.137719422984802,1.9770792993330599,1,shell3-shell3,1
shell3-shell3,1,264,264,0,-1,1,6,6,417.72486455984398,831.94958201296799,414.22471745312401,9.4631241068312306,11.371259925417499,1.90813581858623,1.9916209270654599,1,shell3-shell3,1
shell3-shell3,1,265,265,0,-1,1,6,6,448.88062103338399,894.83937612683098,445.958755093447,40.618880580370998,74.261054039279799,33.6421734589088,1.9934907728179301,1,shell3-shell3,1
shell3-shell3,1,268,268,0,-1,1,8,8,445.30600076873202,876.92739312391302,431.621392355181,37.0442603157192,56.349071036362098,19.304810720642902,1.96926920277309,1,shell3-shell3,1
shell3-shell3,1,271,271,0,-1,1,3,3,405.490917727961,799.31969790022094,393.82878017226,-2.7708227250522,-21.25862418733,-18.487801462277801,1.97123946050125,1,shell3-shell3,1
shell3-shell3,1,287,287,0,-1,1,3,3,392.283999383393,833.59613911741906,441.312139734026,-15.9777410696194,13.017817029868199,28.9955580994875,2.1249812391728899,1,shell3-shell3,1
shell3-shell3,1,289,289,0,-1,1,3,3,394.82983918476998,778.278060090704,383.44822090593402,-13.431901268242999,-42.300261996847098,-28.868360728604099,1.9711733583704401,1,shell3-shell3,1
shell3-shell3,1,301,301,0,-1,1,2,2,383.41740202774901,758.29538042622801,374.877978398479,-24.8443384252637,-62.282941661323001,-37.438603236059301,1.9777281271426199,1,shell3-shell3,1
shell3-shell3,1,305,305,0,-1,1,2,2,365.95841224129799,721.66230552167099,355.70389328037299,-42.303328211714302,-98.916016565879801,-56.612688354165499,1.9719790046685299,1,shell3-shell3,1
shell3-shell3,1,306,306,0,2,1,3,3,423.39646400358703,1536.80842330481,1113.4119593012199,15.1347235505746,716.23010121725395,701.09537766667995,3.6297148274998001,1,shell3-shell3,1
shell3-shell3,1,307,307,0,-1,1,4,4,426.80652731991597,842.25524118153601,415.44871386161998,18.544786866903301,21.676919093985099,3.1321322270817999,1.97338884780039,1,shell3-shell3,1
shell3-shell3,1,314,314,0,-1,1,5,5,417.93508414955301,826.14424998368395,408.20916583412998,9.6733436965407105,5.5659278961331902,-4.1074158004075203,1.97672863876644,1,shell3-shell3,1
shell3-shell3,1,315,315,0,-1,1,2,2,399.43619008407097,787.76130376217202,388.32511367810201,-8.8255503689421708,-32.817018325378299,-23.9914679564361,1.9721831003754799,1,shell3-shell3,1
shell3-shell3,1,318,318,0,-1,1,5,5,418.64876267283199,832.97298858618501,414.32422591335302,10.387022219819,12.3946664986338,2.0076442788148401,1.98967025070881,1,shell3-shell3,1
shell3-shell3,1,320,320,0,-1,1,6,6,442.94296299950298,882.00568412121004,439.062721121707,34.681222546489899,61.427362033659399,26.746139487169401,1.9912398611064499,1,shell3-shell3,1
shell3-shell3,1,321,321,0,-1,1,5,5,416.25121907560799,822.44407677107199,406.192857695464,7.9894786225952998,1.86575468352089,-6.1237239390744103,1.9758358392259301,1,shell3-shell3,1
shell3-shell3,1,327,327,0,-1,1,4,4,381.03294171503597,759.57825182199895,378.545310106964,-27.228798737977201,-61.0000702655515,-33.771271527574299,1.99347134765599,1,shell3-shell3,1
shell3-shell3,1,332,332,0,-1,1,2,2,395.44838535632601,782.75170592343102,387.30332056710603,-12.813355096687101,-37.826616164119301,-25.0132610674322,1.97940296359566,1,shell3-shell3,1
shell3-shell3,1,336,336,0,-1,1,3,3,399.58931233921101,786.03014162893305,386.44082928972102,-8.6724281138013506,-34.5481804586179,-25.8757523448166,1.9670950081909899,1,shell3-shell3,1
shell3-shell3,1,341,341,0,-1,1,2,2,346.20886975424901,681.92152593539299,335.71265618114398,-62.052870698764103,-138.65679615215799,-76.6039254533936,1.9696824244261699,1,shell3-shell3,1
shell3-shell3,1,346,346,0,-1,1,4,4,443.06588801040999,873.97750465255001,430.91161664214002,34.804147557397499,53.399182564999698,18.595035007602199,1.9725678015456101,1,shell3-shell3,1
shell3-shell3,1,349,349,0,-1,1,2,2,367.794744608857,727.02601238588102,359.23126777702402,-40.466995844155299,-93.5523097016696,-53.085313857514301,1.9767166960448499,1,shell3-shell3,1
shell3-shell3,1,351,351,0,-1,1,4,4,420.44798040127898,830.78516114612705,410.33718074484801,12.1862399482665,10.206839058576,-1.97940088969051,1.97595231722416,1,shell3-shell3,1
shell3-shell3,1,352,352,0,-1,1,3,3,418.01079184922401,834.79842487845599,416.78763302923198,9.74905139621114,14.2201027909055,4.4710513946943102,1.9970738582739,1,shell3-shell3,1
shell3-shell3,1,360,360,0,-1,1,4,4,406.99217094096298,809.88526405670495,402.893093115743,-1.2695695120499999,-10.6930580308454,-9.4234885187953505,1.98992836197379,1,shell3-shell3,1
shell3-shell3,1,363,363,0,-1,1,2,2,391.87252161584598,774.18179189752902,382.30927028168298,-16.389218837166801,-46.396530190022098,-30.0073113528553,1.97559601450306,1,shell3-shell3,1
shell3-shell3,1,367,367,0,-1,1,2,2,367.7365345851,732.01667734672799,364.28014276162799,-40.525205867912398,-88.561644740822899,-48.036438872910502,1.9906009017369699,1,shell3-shell3,1
shell3-shell3,1,368,368,0,-1,1,4,4,409.82745985364198,810.01725329898204,400.18979344534,1.56571940062929,-10.5610687885688,-12.1267881891981,1.97648360016739,1,shell3-shell3,1
shell3-shell3,1,371,371,0,-1,1,3,3,434.53608631131402,858.465909456281,423.92982314496697,26.274345858300801,37.887587368729797,11.613241510429001,1.97559175520638,1,shell3-shell3,1
shell3-shell3,1,372,372,0,-1,1,2,2,374.12574867922501,742.84570672147299,368.71995804224798,-34.135991773787403,-77.732615366077894,-43.596623592290499,1.98555087251797,1,shell3-shell3,1
shell3-shell3,1,373,373,0,-1,1,2,2,357.323883736737,703.50969470315499,346.18581096641799,-50.937856716275498,-117.068627384396,-66.130770668119993,1.96882919592768,1,shell3-shell3,1
shell3-shell3,1,378,378,0,-1,1,4,4,389.128746101898,767.55687277195204,378.42812667005398,-19.132994351115101,-53.021449315598701,-33.8884549644836,1.9725010821250399,1,shell3-shell3,1
shell3-shell3,1,386,386,0,-1,1,2,2,390.23810897182,769.58502073939803,379.346911767579,-18.023631481193199,-50.993301348152499,-32.9696698669593,1.97209089283223,1,shell3-shell3,1
shell3-shell3,1,391,391,0,-1,1,3,3,413.88060513397301,828.59873003771497,414.71812490374202,5.6188646809604803,8.0204079501645502,2.4015432692040699,2.0020235781995601,1,shell3-shell3,1
shell3-shell3,1,393,393,0,-1,1,3,3,401.35214910840398,791.91786529311298,390.565716184709,-6.9095913446085397,-28.660456794437799,-21.750865449829199,1.97312476599999,1,shell3-shell3,1
shell3-shell3,1,394,394,0,-1,1,5,5,440.72907576783001,873.41198082788901,432.682905060059,32.467335314817298,52.833658740338699,20.366323425521401,1.98174349923759,1,shell3-shell3,1
shell3-shell3,1,396,396,0,-1,1,3,3,338.40816204452801,665.681283422094,327.27312137756599,-69.853578408484495,-154.89703866545699,-85.043460256972395,1.9670958271228201,1,shell3-shell3,1
shell3-shell3,1,400,400,0,-1,1,5,5,415.28462493323599,819.67678667583903,404.39216174260298,7.0228844802231301,-0.90153541171150697,-7.9244198919346296,1.97377108966559,1,shell3-shell3,1
shell3-shell3,1,407,407,0,-1,1,5,5,376.44046264510501,739.63077184383599,363.19030919873097,-31.821277807907801,-80.947550243714701,-49.126272435806897,1.96480146328248,1,shell3-shell3,1
shell3-shell3,1,408,408,0,-1,1,4,4,406.075116438495,810.07838174404299,404.00326530554798,-2.1866240145179701,-10.499940343508101,-8.3133163289901404,1.9948978623681299,1,shell3-shell3,1
shell3-shell3,1,413,413,0,-1,1,4,4,417.381721802546,829.34452704358296,411.96280524103599,9.1199813495336493,8.7662049560317392,-0.35377639350190299,1.9870168810025799,1,shell3-shell3,1
shell3-shell3,1,417,417,0,-1,1,6,6,389.69097213918701,764.87494427136096,375.18397213217497,-18.5707683138261,-55.703377816189501,-37.132609502363401,1.96277306623919,1,shell3-shell3,1
shell3-shell3,1,418,418,0,-1,1,3,3,434.78941009574902,857.54884190541497,422.75943180966601,26.527669642736601,36.970519817864101,10.4428501751275,1.97233148276672,1,shell3-shell3,1
shell3-shell3,1,419,419,0,-1,1,4,4,440.42333206001803,869.84209966738297,429.418767607365,32.161591607005299,49.263777579832301,17.102185972827002,1.97501366605357,1,shell3-shell3,1
shell3-shell3,1,427,427,0,-1,1,4,4,407.575001710256,803.42207870487198,395.84707699461597,-0.686738742756972,-17.1562433826792,-16.469504639922299,1.9712251127610201,1,shell3-shell3,1
shell3-shell3,1,431,431,0,-1,1,2,2,346.46054748645503,681.17675155957602,334.71620407312099,-61.801192966558098,-139.401570527975,-77.600377561417005,1.96610193137851,1,shell3-shell3,1
shell3-shell3,1,434,434,0,-1,1,2,2,389.20704502262703,788.15950041232804,398.95245538969999,-19.0546954303855,-32.418821675223199,-13.364126244837699,2.0250391417414,1,shell3-shell3,1
shell3-shell3,1,441,441,0,-1,1,4,4,430.80390776587802,848.51678134904398,417.71287358316602,22.542167312865502,27.938459261493598,5.3962919486280603,1.9696125454139899,1,shell3-shell3,1
shell3-shell3,1,452,452,0,-1,1,2,2,390.01704280540298,773.11752144719105,383.10047864178802,-18.244697647609598,-47.460800640359999,-29.2161029927505,1.98226599506046,1,shell3-shell3,1
shell3-shell3,1,454,454,0,-1,1,5,5,378.64529007218903,743.80022185462497,365.15493178243599,-29.616450380823899,-76.778100232925695,-47.161649852101696,1.96437204253305,1,shell3-shell3,1
shell3-shell3,1,455,455,0,-1,1,3,3,376.033075585988,743.68772985549504,367.65465426950698,-32.228664867025003,-76.890592232055496,-44.6619273650305,1.9777189245828299,1,shell3-shell3,1
shell3-shell3,1,464,464,0,-1,1,6,6,384.964091779429,759.03203691174099,374.06794513231199,-23.297648673584199,-61.546285175810198,-38.248636502225999,1.97169568050685,1,shell3-shell3,1
shell3-shell3,1,465,465,0,-1,1,3,3,396.78972674705,783.05418131939098,386.26445457234098,-11.472013705962601,-37.524140768159697,-26.052127062197101,1.97347392972848,1,shell3-shell3,1
shell3-shell3,1,472,472,0,-1,1,5,5,416.31603596707998,819.36768657654,403.05165060946001,8.0542955140671193,-1.2106355110104201,-9.2649310250775407,1.96813866339113,1,shell3-shell3,1
shell3-shell3,1,473,473,0,-1,1,2,2,401.85115940198602,796.71730407954897,394.86614467756198,-6.4105810510266101,-23.861018008002201,-17.450436956975601,1.9826179057569,1,shell3-shell3,1
shell3-shell3,1,480,480,0,-1,1,5,5,391.88921235686797,772.42612657134896,380.53691421448099,-16.372528096144499,-48.152195516201601,-31.779667420057098,1.9710318687413899,1,shell3-shell3,1
shell3-shell3,1,481,481,0,-1,1,4,4,395.725869825887,779.90114755768298,384.17527773179597,-12.535870627126,-40.677174529868097,-28.141303902742202,1.97081163255975,1,shell3-shell3,1
shell3-shell3,1,489,489,0,-1,1,5,5,404.50738574754502,805.94712073216704,401.43973498462299,-3.7543547054679598,-14.6312013553833,-10.876846649915301,1.9924163294144701,1,shell3-shell3,1
shell3-shell3,1,491,491,0,-1,1,3,3,399.22042870041003,801.51919865324896,402.298769952839,-9.0413117526028408,-19.059123434301899,-10.017811681699101,2.0077108810850399,1,shell3-shell3,1
shell3-shell3,1,499,499,0,-1,1,2,2,401.908153003179,792.66947508589396,390.76132208271503,-6.3535874498338698,-27.9088470016573,-21.555259551823401,1.9722652281692401,1,shell3-shell3,1
shell3-shell3,1,501,501,0,-1,1,3,3,388.56598850941799,762.983386178008,374.41739766859098,-19.695751943594999,-57.5949359095425,-37.8991839659475,1.9635876755577499,1,shell3-shell3,1
shell3-shell3,1,502,502,0,-1,1,2,2,367.65283173208798,728.22101317004694,360.56818143795903,-40.608908720924802,-92.357308917503502,-51.7484001965787,1.98073005378266,1,shell3-shell3,1
shell3-shell3,1,504,504,0,-1,1,2,2,357.47534365669901,703.03298943290099,345.55764577620198,-50.786396796314101,-117.54533265465,-66.758935858336102,1.96666148283519,1,shell3-shell3,1
shell3-shell3,1,511,511,0,-1,1,2,2,404.78892494489298,798.38171872236705,393.59279377747401,-3.4728155081202199,-22.196603365184,-18.723787857063801,1.9723408164664,1,shell3-shell3,1
shell3-shell3,1,515,515,0,-1,1,3,3,389.79300533396099,767.09393506744402,377.30092973348297,-18.468735119051999,-53.484387020106603,-35.015651901054603,1.9679520272823401,1,shell3-shell3,1
shell3-shell3,1,517,517,0,-1,1,2,2,365.96492352924901,721.81284299453,355.847919465281,-42.2968169237637,-98.765479093020403,-56.468662169256703,1.97235526299515,1,shell3-shell3,1
shell3-shell3,1,523,523,0,-1,1,3,3,390.152145034623,769.70410230163395,379.55195726701203,-18.1095954183901,-50.874219785916502,-32.764624367526402,1.97283063055652,1,shell3-shell3,1
shell3-shell3,1,526,526,0,-1,1,6,6,414.96950808579498,825.08532869723604,410.11582061144202,6.7077676327818896,4.50700660968573,-2.2007610230961601,1.9883035081378799,1,shell3-shell3,1
shell3-shell3,1,528,528,0,-1,1,2,2,399.90438869506897,795.57417276036904,395.66978406530001,-8.3573517579438903,-25.0041493271817,-16.646797569237801,1.98941095734511,1,shell3-shell3,1
shell3-shell3,1,541,541,0,-1,1,3,3,444.64944961110399,892.05341037046799,447.403960759364,36.387709158090999,71.475088282917298,35.087379124826299,2.00619479266346,1,shell3-shell3,1
shell3-shell3,1,544,544,0,-1,1,2,2,389.475472648959,770.93961596698,381.464143318021,-18.786267804053399,-49.638706120570298,-30.852438316516899,1.9794304650907799,1,shell3-shell3,1
shell3-shell3,1,549,549,0,-1,1,2,2,369.05477481246402,732.18730459580604,363.13252978334202,-39.206965640548702,-88.391017491744506,-49.184051851195797,1.98395293752227,1,shell3-shell3,1
shell3-shell3,1,559,559,0,-1,1,3,3,409.62424432247002,843.83113499202602,434.20689066955498,1.3625038694576701,23.252812904474901,21.8903090350173,2.0600126742686999,1,shell3-shell3,1
shell3-shell3,1,561,561,0,-1,1,2,2,400.03570121398201,811.04060861764799,411.00490740366598,-8.2260392390305697,-9.5377134699028794,-1.3116742308723099,2.0274205681052901,1,shell3-shell3,1
shell3-shell3,1,562,562,0,-1,1,2,2,352.70862988021202,712.76125293839505,360.05262305818297,-55.553110572801003,-107.817069149156,-52.263958576355101,2.0208216997142001,1,shell3-shell3,1
shell3-shell3,1,564,564,0,-1,1,2,2,381.28251483828598,768.29672333912299,387.01420850083701,-26.9792256147269,-52.281598748427498,-25.302373133700598,2.0150326685318398,1,shell3-shell3,1
shell3-shell3,1,568,568,0,-1,1,2,2,397.88124082516703,787.37659420592297,389.495353380756,-10.380499627845699,-33.201727881627697,-22.821228253781999,1.9789236420721401,1,shell3-shell3,1
shell3-shell3,1,570,570,0,-1,1,2,2,352.54369416503999,697.03909888692203,344.49540472188198,-55.718046287972598,-123.539223200628,-67.821176912655801,1.9771708030057999,1,shell3-shell3,1
shell3-shell3,1,580,580,0,-1,1,3,3,396.23763209475698,791.11014424319001,394.87251214843297,-12.0241083582559,-29.468177844360799,-17.444069486104901,1.9965547948106099,1,shell3-shell3,1
shell3-shell3,1,590,590,0,-1,1,2,2,365.30758709293298,727.217792678612,361.910205585678,-42.954153360079303,-93.360529408938902,-50.406376048859599,1.9906999426584799,1,shell3-shell3,1
shell3-shell3,1,593,593,0,-1,1,4,4,399.15867419829499,788.54529186590003,389.38661766760498,-9.1030662547178203,-32.033030221650499,-22.9299639669327,1.9755183660975999,1,shell3-shell3,1
shell3-shell3,1,603,603,0,-1,1,3,3,374.642104470763,743.59241536242803,368.950310891664,-33.619635982249498,-76.985906725123101,-43.366270742873603,1.9848073841376199,1,shell3-shell3,1
shell3-shell3,1,604,604,0,-1,1,2,2,346.10811069284301,685.69901278859095,339.59090209574799,-62.1536297601698,-134.87930929895899,-72.725679538789706,1.98117002059256,1,shell3-shell3,1
shell3-shell3,1,607,607,0,-1,1,2,2,368.29609325466703,726.439872767922,358.14377951325503,-39.9656471983457,-94.138449319628904,-54.172802121283198,1.9724343702598199,1,shell3-shell3,1
shell3-shell3,1,609,609,0,-1,1,4,4,359.24283015409497,717.20941400334505,357.96658384925001,-49.018910298917802,-103.368908084205,-54.349997785287499,1.9964473993696801,1,shell3-shell3,1
shell3-shell3,1,614,614,0,-1,1,2,2,378.782931094231,748.56689760284405,369.78396650861299,-29.478809358781799,-72.011424484706595,-42.532615125924799,1.9762424231746101,1,shell3-shell3,1
shell3-shell3,1,615,615,0,-1,1,3,3,418.28876949560299,825.84154426212001,407.55277476651702,10.027029042590399,5.2632221745689103,-4.7638068680214998,1.9743335334055601,1,shell3-shell3,1
shell3-shell3,1,618,618,0,-1,1,2,2,403.393411315283,799.279209455657,395.88579814037399,-4.8683291377293498,-21.2991126318936,-16.430783494164299,1.9813888552358101,1,shell3-shell3,1
shell3-shell3,1,619,619,0,-1,1,2,2,345.94928666833698,683.18843635830501,337.23914968996797,-62.312453784675803,-137.389885729246,-75.077431944570293,1.9748225034303399,1,shell3-shell3,1
shell3-shell3,1,620,620,0,-1,1,2,2,379.83798155553598,765.02162957671601,385.18364802117998,-28.423758897476802,-55.556692510834999,-27.132933613358201,2.0140735437876698,1,shell3-shell3,1
shell3-shell3,1,621,621,0,-1,1,2,2,355.26717527249798,700.92911024986904,345.661934977371,-52.994565180514797,-119.649211837682,-66.654646657166793,1.9729633330527701,1,shell3-shell3,1
shell3-shell3,1,627,627,0,-1,1,4,4,372.325100641169,741.57678824822904,369.251687607061,-35.936639811843897,-79.001533839321297,-43.064894027477401,1.9917453509612499,1,shell3-shell3,1
shell3-shell3,1,628,628,0,-1,1,3,3,427.62984271765902,843.57111076632498,415.94126804866602,19.368102264645799,22.992788678774101,3.6246864141283499,1.97266660672064,1,shell3-shell3,1
shell3-shell3,1,639,639,0,-1,1,2,2,381.51566531226899,761.80212493303304,380.28645962076399,-26.746075140743599,-58.776197154517497,-32.030122013773799,1.9967780990316599,1,shell3-shell3,1
shell3-shell3,1,672,672,0,-1,1,3,3,371.23924328848699,737.60196970044899,366.36272641196302,-37.022497164526001,-82.9763523871015,-45.953855222575498,1.98686422040588,1,shell3-shell3,1
shell3-shell3,1,673,673,0,-1,1,2,2,392.321366348742,788.84553060239796,396.52416425365601,-15.9403741042705,-31.732791485152902,-15.7924173808824,2.0107126408740599,1,shell3-shell3,1
shell3-shell3,1,683,683,0,-1,1,2,2,369.737629916495,743.51395524553595,373.77632532904101,-38.524110536517497,-77.064366842014806,-38.540256305497302,2.0109231386955599,1,shell3-shell3,1
shell3-shell3,1,685,685,0,-1,1,2,2,361.64430773998203,714.04109105027203,352.39678331029,-46.617432713030603,-106.537231037279,-59.919798324248298,1.9744292271943,1,shell3-shell3,1
shell3-shell3,1,689,689,0,-1,1,2,2,365.41970930352699,719.99132858284202,354.57161927931497,-42.842031149485898,-100.586993504709,-57.744962355223002,1.97031334176012,1,shell3-shell3,1
shell3-shell3,1,690,690,0,-1,1,5,5,396.75477778687599,789.59880160168996,392.84402381481402,-11.506962666136999,-30.979520485860998,-19.472557819723999,1.99014314586487,1,shell3-shell3,1
shell3-shell3,1,691,691,0,-1,1,2,2,380.48386253646697,750.25492756668496,369.77106503021798,-27.777877916545499,-70.323394520865506,-42.545516604319999,1.9718442789272801,1,shell3-shell3,1
shell3-shell3,1,697,697,0,-1,1,2,2,352.06310558630503,698.64214035396799,346.57903476766302,-56.198634866707998,-121.936181733583,-65.737546866874894,1.9844230459493699,1,shell3-shell3,1
shell3-shell3,1,700,700,0,-1,1,3,3,400.13967312880999,787.93253727582498,387.792864147015,-8.1220673242024795,-32.645784811725697,-24.5237174875232,1.9691437520172601,1,shell3-shell3,1
shell3-shell3,1,701,701,0,-1,1,4,4,396.82116433396197,780.33679557442395,383.51563124046299,-11.4405761190511,-40.241526513126502,-28.8009503940754,1.96646969897427,1,shell3-shell3,1
shell3-shell3,1,703,703,0,-1,1,2,2,396.82648700900199,797.58896552567103,400.76247851667,-11.435253444011,-22.989356561879301,-11.5541031178683,2.00991867135013,1,shell3-shell3,1
shell3-shell3,1,707,707,0,-1,1,2,2,399.32783007954299,795.19555558790796,395.86772550836503,-8.93391037346953,-25.382766499642699,-16.448856126173201,1.9913351779902499,1,shell3-shell3,1
shell3-shell3,1,717,717,0,-1,1,3,3,375.743833658911,745.22213311368796,369.47829945477599,-32.5179067941014,-75.356188973862999,-42.838282179761599,1.98332498462284,1,shell3-shell3,1
shell3-shell3,1,725,725,0,-1,1,2,2,401.30991788932801,795.83475690186503,394.52483901253697,-6.9518225636846296,-24.7435651856857,-17.791742622001099,1.98309267084034,1,shell3-shell3,1
shell3-shell3,1,738,738,0,-1,1,2,2,377.10459675984998,760.04429634799499,382.939699588145,-31.157143693162698,-60.534025739555702,-29.376882046393,2.01547343330851,1,shell3-shell3,1
shell3-shell3,1,741,741,0,-1,1,2,2,369.30613321628698,728.22880476558805,358.92267154930101,-38.955607236725299,-92.349517321962693,-53.393910085237401,1.97188386345887,1,shell3-shell3,1
shell3-shell3,1,750,750,0,-1,1,2,2,399.92593019076401,803.75892494762195,403.832994756858,-8.3358102622487404,-16.819397139929201,-8.4835868776804109,2.0097694704722699,1,shell3-shell3,1
shell3-shell3,1,754,754,0,-1,1,2,2,376.95412767465001,742.94937310050102,365.99524542585198,-31.307612778363001,-77.628948987049498,-46.321336208686503,1.9709278093958,1,shell3-shell3,1
shell3-shell3,1,764,764,0,-1,1,2,2,394.11511911737102,782.87436825255304,388.75924913518202,-14.1466213356418,-37.703953834997698,-23.557332499355901,1.9864103919834799,1,shell3-shell3,1
shell3-shell3,1,767,767,0,-1,1,2,2,385.71069654387099,759.82179521803005,374.11109867415797,-22.551043909141601,-60.756526869521203,-38.205482960379499,1.96992668864605,1,shell3-shell3,1
shell3-shell3,1,771,771,0,-1,1,2,2,388.85073730578802,777.30466698961095,388.45392968382299,-19.411003147224601,-43.273655097939901,-23.862651950715399,1.9989795374319901,1,shell3-shell3,1
shell3-shell3,1,780,780,0,-1,1,3,3,394.363595707446,782.423696462105,388.060100754659,-13.898144745566601,-38.154625625445298,-24.256480879878701,1.9840160323584699,1,shell3-shell3,1
shell3-shell3,1,785,785,0,-1,1,5,5,382.14135703702601,760.36925874578299,378.22790170875697,-26.120383415987099,-60.2090633417681,-34.088679925781001,1.9897591421179499,1,shell3-shell3,1
shell3-shell3,1,787,787,0,-1,1,3,3,397.074805241234,802.98663245563796,405.91182721440401,-11.186935211779,-17.591689631912701,-6.4047544201337097,2.0222553077065699,1,shell3-shell3,1
shell3-shell3,1,788,788,0,-1,1,2,2,383.20997642605897,767.12733959138302,383.91736316532399,-25.051764026953499,-53.450982496167903,-28.3992184692144,2.0018459507392299,1,shell3-shell3,1
shell3-shell3,1,799,799,0,-1,1,2,2,372.39153336463602,738.37957623275997,365.98804286812401,-35.870207088376702,-82.198745854790701,-46.328538766413999,1.98280441437899,1,shell3-shell3,1
shell3-shell3,1,805,805,0,-1,1,2,2,374.91904617742102,739.00946261884098,364.09041644142002,-33.342694275591398,-81.568859468709704,-48.226165193118199,1.97111741895642,1,shell3-shell3,1
shell3-shell3,1,807,807,0,-1,1,2,2,378.89603066453998,745.820978026734,366.92494736219402,-29.365709788472699,-74.757344060816607,-45.3916342723439,1.9684053610132799,1,shell3-shell3,1
shell3-shell3,1,834,834,0,-1,1,2,2,350.34771773648799,694.39746159864603,344.04974386215798,-57.914022716524897,-126.180860488905,-68.266837772379603,1.98202364806308,1,shell3-shell3,1
shell3-shell3,1,839,839,0,-1,1,2,2,354.12644616966901,697.799673239556,343.67322706988801,-54.135294283344102,-122.778648847995,-68.643354564650494,1.97048167621242,1,shell3-shell3,1
shell3-shell3,1,845,845,0,-1,1,2,2,375.39767417594697,756.19573280604197,380.79805863009602,-32.864066277065902,-64.382589281508402,-31.5185230044425,2.0143857696135301,1,shell3-shell3,1
shell3-shell3,1,847,847,0,-1,1,2,2,391.87252161584598,774.18179189752902,382.30927028168298,-16.389218837166801,-46.396530190022197,-30.0073113528554,1.97559601450306,1,shell3-shell3,1
shell3-shell3,1,849,849,0,-1,1,2,2,369.737629916495,743.51395524553595,373.77632532903999,-38.524110536517497,-77.064366842015005,-38.5402563054976,2.0109231386955599,1,shell3-shell3,1
shell3-shell3,1,850,850,0,-1,1,2,2,333.17572667153502,655.24226248103901,322.06653580950399,-75.086013781478201,-165.33605960651201,-90.250045825033993,1.96665666201733,1,shell3-shell3,1
shell3-shell3,1,853,853,0,-1,1,2,2,371.16599568787501,734.15856784786899,362.99257215999398,-37.095744765137297,-86.419754239681396,-49.324009474544098,1.97797906159821,1,shell3-shell3,1
shell3-shell3,1,856,856,0,-1,1,2,2,344.23898989747602,680.63754693753197,336.39855704005601,-64.022750555536703,-139.94077515001899,-75.918024594482105,1.97722386746558,1,shell3-shell3,1
shell3-shell3,1,858,858,0,-1,1,2,2,385.25548091230098,760.61872594917702,375.36324503687598,-23.006259540711302,-59.959596138373399,-36.953336597662101,1.9743229198141401,1,shell3-shell3,1
shell3-shell3,1,860,860,0,-1,1,2,2,378.99562165928,759.35182918646206,380.35620752718199,-29.266118793733,-61.226492901089003,-31.960374107356099,2.0035899777995998,1,shell3-shell3,1
shell3-shell3,1,862,862,0,-1,1,2,2,377.66650153905698,744.11367135646799,366.44716981741101,-30.595238913956202,-76.464650731083097,-45.869411817126903,1.9702930186396601,1,shell3-shell3,1
shell3-shell3,1,863,863,0,-1,1,2,2,399.460773398188,793.303519514718,393.84274611653001,-8.8009670548248096,-27.274802572833199,-18.4738355180084,1.98593597255153,1,shell3-shell3,1
shell3-shell3,1,868,868,0,-1,1,2,2,388.98167038487099,798.28776480622003,409.30609442134897,-19.280070068142201,-22.2905572813312,-3.0104872131890401,2.0522503387277098,1,shell3-shell3,1
shell3-shell3,1,879,879,0,-1,1,2,2,395.95974788004099,785.56173353636802,389.60198565632697,-12.3019925729721,-35.016588551183098,-22.714595978211001,1.98394341278942,1,shell3-shell3,1
shell3-shell3,1,883,883,0,-1,1,2,2,366.38695312551903,724.89163796862294,358.50468484310397,-41.8747873274936,-95.686684118928,-53.811896791434499,1.9784864929955199,1,shell3-shell3,1
shell3-shell3,1,884,884,0,-1,1,2,2,378.40973791300098,747.19978732754203,368.79004941454099,-29.852002540011501,-73.378534760008705,-43.5265322199972,1.97457864443047,1,shell3-shell3,1
shell3-shell3,1,894,894,0,-1,1,3,3,369.58745601138099,727.33068616863602,357.743230157254,-38.674284441631599,-93.247635918915194,-54.573351477283602,1.9679528467173899,1,shell3-shell3,1
shell3-shell3,1,896,896,0,-1,1,2,2,365.76542264032202,723.17851909404806,357.41309645372598,-42.4963178126904,-97.399802993502803,-54.903485180812403,1.97716480107304,1,shell3-shell3,1
shell3-shell3,1,899,899,0,-1,1,2,2,396.11533023806101,784.11681334272305,388.00148310466199,-12.1464102149518,-36.461508744827697,-24.3150985298759,1.9795164526237301,1,shell3-shell3,1
shell3-shell3,1,900,900,0,-1,1,2,2,389.58481496108402,791.93378434226497,402.34896938118197,-18.6769254919292,-28.644537745285401,-9.9676122533562097,2.0327634803255199,1,shell3-shell3,1
shell3-shell3,1,921,921,0,-1,1,2,2,370.13924084233003,760.31981235022499,390.18057150789502,-38.122499610682802,-60.258509737325902,-22.136010126643001,2.0541453822079401,1,shell3-shell3,1
shell3-shell3,1,923,923,0,-1,1,2,2,378.77007527771701,747.76784619540695,368.99777091768999,-29.4916651752958,-72.810475892143799,-43.318810716847999,1.9741999038523299,1,shell3-shell3,1
shell3-shell3,1,924,924,0,-1,1,2,2,362.76578466692098,740.70279952761302,377.93701486069199,-45.495955786092203,-79.875522559937707,-34.379566773845603,2.04182100637661,1,shell3-shell3,1
shell3-shell3,1,927,927,0,-1,1,2,2,354.07886478190699,697.34580337654199,343.26693859463501,-54.182875671105798,-123.23251871100901,-69.049643039903302,1.9694646383541401,1,shell3-shell3,1
shell3-shell3,1,933,933,0,-1,1,2,2,378.83001575465602,748.87763178527598,370.04761603062002,-29.431724698357002,-71.700690302274893,-42.268965603917898,1.9768170436375301,1,shell3-shell3,1
shell3-shell3,1,934,934,0,-1,1,2,2,382.33571180860599,753.100908349458,370.765196540852,-25.9260286444065,-67.477413738092807,-41.551385093686299,1.96973728869579,1,shell3-shell3,1
shell3-shell3,1,936,936,0,-1,1,3,3,381.86981925361999,751.550087826555,369.68026857293501,-26.3919211993929,-69.0282342609962,-42.636313061603303,1.96807930329632,1,shell3-shell3,1
shell3-shell3,1,947,947,0,-1,1,2,2,399.13122417594502,807.53781390597499,408.40658973003002,-9.1305162770678994,-13.040508181575399,-3.9099919045075402,2.0232388873439699,1,shell3-shell3,1
shell3-shell3,1,949,949,0,-1,1,2,2,403.517638501151,799.27837582648101,395.76073732533001,-4.7441019518620404,-21.299946261069898,-16.555844309207799,1.98077679775131,1,shell3-shell3,1
shell3-shell3,1,950,950,0,-1,1,2,2,358.07949808639199,725.46912832732505,367.389630240933,-50.182242366620898,-95.109193760226205,-44.926951393605201,2.02600018209447,1,shell3-shell3,1
shell3-shell3,1,952,952,0,-1,1,2,2,396.840857261976,784.68592005949097,387.84506279751503,-11.420883191036999,-35.892402028060097,-24.471518837023201,1.9773314811218601,1,shell3-shell3,1
shell3-shell3,1,962,962,0,-1,1,2,2,357.28586615131502,709.04430369694705,351.75843754563198,-50.9758743016978,-111.53401839060299,-60.558144088905699,1.98452939472467,1,shell3-shell3,1
shell3-shell3,1,968,968,0,-1,1,2,2,340.12324269611099,676.58132842098405,336.45808572487198,-68.138497756901501,-143.99699366656699,-75.858495909665606,1.98922403261187,1,shell3-shell3,1
shell3-shell3,1,980,980,0,-1,1,2,2,388.41013247451599,767.09459236824296,378.68445989372702,-19.8516079784964,-53.483729719307597,-33.632121740811201,1.97496030157909,1,shell3-shell3,1
shell3-shell3,1,984,984,0,-1,1,2,2,385.73743674965698,763.83179223373497,378.09435548407799,-22.5243037033554,-56.746529853815602,-34.222226150460102,1.9801857933987901,1,shell3-shell3,1
shell3-shell3,1,998,998,0,-1,1,2,2,365.795550093087,720.51943638717,354.72388629408198,-42.466190359925299,-100.058885700381,-57.592695340455499,1.9697326449264101,1,shell3-shell3,1
shell3-shell3,2,2,1002,0,-1,1,10,10,479.01356420634801,980.26651896363796,501.25295475729001,70.751823753335501,159.68819687608701,88.936373122751604,2.0464274755721998,1,shell3-shell3,1
shell3-shell3,2,3,1003,0,-1,1,18,18,483.74570238777301,959.48753413139104,475.74183174361798,75.483961934760401,138.90921204384,63.425250109079599,1.9834543839776799,1,shell3-shell3,1
shell3-shell3,2,8,1008,0,-1,1,23,23,491.16281128304001,974.64010783133597,483.47729654829698,82.901070830026896,154.06178574378501,71.160714913758596,1.98435240910307,1,shell3-shell3,1
shell3-shell3,2,9,1009,0,-1,1,19,19,461.334565934664,921.71467895110902,460.38011301644502,53.072825481651499,101.13635686355801,48.063531381906998,1.99793110469343,1,shell3-shell3,1
shell3-shell3,2,10,1010,0,-1,1,19,19,483.84619947836597,958.75042321488399,474.90422373651802,75.584459025353496,138.17210112733301,62.587642101980002,1.9815189707979799,1,shell3-shell3,1
shell3-shell3,2,12,1012,0,-1,1,17,17,483.73419747084301,957.54221476133705,473.80801729049398,75.472457017829896,136.96389267378601,61.491435655956302,1.97948009416691,1,shell3-shell3,1
shell3-shell3,2,14,1014,0,-1,1,22,22,458.99885149428002,910.23236238182994,451.23351088754998,50.737111041266999,89.654040294279397,38.916929253012398,1.9830820042763699,1,shell3-shell3,1
shell3-shell3,2,15,1015,0,-1,1,7,7,434.80649747239198,861.15782217362505,426.35132470123199,26.544757019379698,40.579500086073899,14.0347430666943,1.9805541710615799,1,shell3-shell3,1
shell3-shell3,2,18,1018,0,-1,1,12,12,454.65372594419102,910.06736852857898,455.41364258438801,46.391985491178403,89.489046441028407,43.097060949850103,2.0016714184814401,1,shell3-shell3,1
shell3-shell3,2,20,1020,0,-1,1,20,20,470.47632735003202,928.70910064996997,458.232773299938,62.214586897018897,108.130778562419,45.9161916654,1.97397625908395,1,shell3-shell3,1
shell3-shell3,2,21,1021,0,-1,1,5,5,435.94769045824199,873.90963495866799,437.961944500426,27.685950005228801,53.331312871116999,25.645362865888199,2.00462040305815,1,shell3-shell3,1
shell3-shell3,2,22,1022,0,-1,1,17,17,441.17920911544701,873.66983938538795,432.49063026994202,32.917468662433897,53.091517297837498,20.1740486354037,1.9803060101972501,1,shell3-shell3,1
shell3-shell3,2,23,1023,0,-1,1,9,9,428.13622242567902,845.72901102221294,417.59278859653301,19.8744819726667,25.150688934661801,5.2762069619951699,1.9753736468047201,1,shell3-shell3,1
shell3-shell3,2,24,1024,0,-1,1,12,12,473.087582386527,1029.4031497567801,556.31556737025801,64.825841933514198,208.824827669234,143.99898573572,2.1759251100269399,1,shell3-shell3,1
shell3-shell3,2,26,1026,0,-1,1,12,12,470.32110908997902,934.14719145243498,463.82608236245602,62.059368636965999,113.56886936488399,51.5095007279184,1.9861902291817399,1,shell3-shell3,1
shell3-shell3,2,27,1027,0,-1,1,7,7,439.002610754476,872.27430063889506,433.271689884419,30.740870301463499,51.695978551344503,20.955108249881,1.9869455881817899,1,shell3-shell3,1
shell3-shell3,2,28,1028,0,-1,1,15,15,479.51337413668301,954.66223645966295,475.14886232297999,71.251633683669894,134.08391437211199,62.832280688442097,1.9908980394518501,1,shell3-shell3,1
shell3-shell3,2,30,1030,0,-1,1,7,7,467.27763033963498,927.34368389880206,460.06605355916798,59.015889886621899,106.76536181125201,47.749471924629603,1.98456682641704,1,shell3-shell3,1
shell3-shell3,2,31,1031,0,-1,1,4,4,402.01304871065503,792.978888874983,390.96584016432899,-6.2486917423578898,-27.599433212567298,-21.3507414702094,1.97252027370316,1,shell3-shell3,1
shell3-shell3,2,32,1032,0,-1,1,3,3,407.43227611955899,805.34614826503696,397.913872145477,-0.82946433345341597,-15.2321738225143,-14.402709489060801,1.9766380708353899,1,shell3-shell3,1
shell3-shell3,2,33,1033,0,-1,1,20,20,459.706897969843,913.47258616072395,453.76568819088101,51.4451575168302,92.894264073173204,41.449106556342997,1.98707609173323,1,shell3-shell3,1
shell3-shell3,2,34,1034,0,-1,1,23,23,444.556267213794,877.23577323535903,432.67950602156498,36.294526760781203,56.657451147807798,20.362924387026599,1.9732840090936801,1,shell3-shell3,1
shell3-shell3,2,36,1036,0,-1,1,13,13,477.31638189213601,943.43487268628701,466.118490794151,69.054641439122904,122.85655059873601,53.801909159612897,1.9765398978061599,1,shell3-shell3,1
shell3-shell3,2,37,1037,0,-1,1,19,19,453.39376124574301,934.28680763623004,480.89304639048601,45.1320207927307,113.70848554867899,68.576464755948194,2.0606521030840499,1,shell3-shell3,1
shell3-shell3,2,38,1038,0,-1,1,17,17,459.24279274387902,908.23443544677002,448.991642702891,50.9810522908666,87.656113359219603,36.675061068353003,1.9776781471523199,1,shell3-shell3,1
shell3-shell3,2,41,1041,0,-1,1,9,9,468.47606068887302,924.50726159998203,456.03120091110901,60.214320235860399,103.928939512431,43.714619276570701,1.9734354413767401,1,shell3-shell3,1
shell3-shell3,2,42,1042,0,-1,1,7,7,456.33202492242998,925.93815325514197,469.60612833271199,48.070284469416897,105.359831167591,57.289546698173901,2.02908869569813,1,shell3-shell3,1
shell3-shell3,2,45,1045,0,-1,1,3,3,445.44673570761501,889.87782464689099,444.431088939277,37.184995254601901,69.299502559340695,32.114507304738801,1.9977199366682401,1,shell3-shell3,1
shell3-shell3,2,46,1046,0,-1,1,8,8,427.081274472421,842.51791922074904,415.43664474832798,18.8195340194086,21.939597133198198,3.1200631137895698,1.9727343940834701,1,shell3-shell3,1
shell3-shell3,2,47,1047,0,-1,1,3,3,420.61986904740701,827.57575687625501,406.95588782884698,12.358128594394699,6.9974347887039103,-5.3606938056907403,1.96751465581142,1,shell3-shell3,1
shell3-shell3,2,49,1049,0,-1,1,5,5,437.13967538583802,867.69562119537397,430.55594580953499,28.8779349328256,47.117299107822902,18.239364174997299,1.9849390710863899,1,shell3-shell3,1
shell3-shell3,2,50,1050,0,-1,1,9,9,459.926147713246,917.54923899136395,457.62309127811699,51.664407260233602,96.970916903813105,45.306509643579503,1.99499255163774,1,shell3-shell3,1
shell3-shell3,2,51,1051,0,-1,1,2,2,404.44846192442299,799.84155758995996,395.393095665538,-3.8132785285899899,-20.736764497590499,-16.923485969000499,1.9776105805525901,1,shell3-shell3,1
shell3-shell3,2,53,1053,0,-1,1,8,8,463.80230217717201,916.43900673196401,452.63670455479098,55.540561724159701,95.860684644412999,40.320122920253297,1.97592595472259,1,shell3-shell3,1
shell3-shell3,2,55,1055,0,-1,1,9,9,438.603368833248,865.38785332744499,426.78448449419602,30.341628380235399,44.8095312398939,14.4679028596585,1.9730533662555001,1,shell3-shell3,1
shell3-shell3,2,56,1056,0,-1,1,7,7,470.86163793009302,950.69941444668405,479.83777651659102,62.599897477080297,130.121092359133,67.521194882052995,2.01906321913579,1,shell3-shell3,1
shell3-shell3,2,57,1057,0,-1,1,3,3,446.32574598850402,883.67379645250003,437.348050463996,38.064005535490899,63.095474364948799,25.0314688294579,1.97988532903334,1,shell3-shell3,1
shell3-shell3,2,60,1060,0,-1,1,10,10,453.34029763020902,894.25730918837405,440.91701155816497,45.0785571771966,73.678987100823406,28.600429923626798,1.97259611347814,1,shell3-shell3,1
shell3-shell3,2,64,1064,0,-1,1,17,17,490.261108409504,969.24207879174799,478.98097038224398,81.9993679564909,148.663756704197,66.664388747705999,1.9769915707492001,1,shell3-shell3,1
shell3-shell3,2,66,1066,0,-1,1,5,5,492.19267602178599,984.04074073668505,491.84806471489799,83.930935568773705,163.46241864913401,79.531483080360104,1.9992998447078201,1,shell3-shell3,1
shell3-shell3,2,71,1071,0,-1,1,6,6,426.93960099671301,848.00578496600201,421.06618396928798,18.677860543700401,27.4274628784509,8.7496023347504792,1.9862429790684399,1,shell3-shell3,1
shell3-shell3,2,72,1072,0,-1,1,7,7,444.86843581413802,877.42546777247901,432.55703195834099,36.606695361125702,56.847145684928698,20.240450323803,1.97232574202918,1,shell3-shell3,1
shell3-shell3,2,73,1073,0,-1,1,3,3,403.27771968872401,798.24801144796004,394.97029175923598,-4.9840207642888599,-22.330310639591101,-17.346289875302201,1.9794002308486101,1,shell3-shell3,1
shell3-shell3,2,74,1074,0,-1,1,10,10,427.47724923542,850.92058133823502,423.44333210281502,19.2155087824069,30.3422592506843,11.1267504682774,1.9905634343352301,1,shell3-shell3,1
shell3-shell3,2,76,1076,0,-1,1,2,2,355.991897135942,704.84620421534396,348.854307079401,-52.269843317070404,-115.732117872207,-63.462274555136602,1.97995013337673,1,shell3-shell3,1
shell3-shell3,2,77,1077,0,-1,1,5,5,433.04458193971698,859.95315488339998,426.908572943683,24.7828414867042,39.3748327958494,14.5919913091453,1.9858305374274701,1,shell3-shell3,1
shell3-shell3,2,79,1079,0,-1,1,11,11,460.13840620246202,908.45032202039795,448.31191581793598,51.876665749449401,87.871999932847601,35.995334183398199,1.97429797159918,1,shell3-shell3,1
shell3-shell3,2,80,1080,0,-1,1,13,13,446.95604405598903,888.65234630619796,441.69630225020899,38.694303602976099,68.074024218646997,29.379720615670902,1.9882320826047,1,shell3-shell3,1
shell3-shell3,2,82,1082,0,-1,1,3,3,409.36479294456598,811.815078311766,402.45028536720002,1.1030524915536799,-8.7632437757845292,-9.8662962673382104,1.98310917866769,1,shell3-shell3,1
shell3-shell3,2,84,1084,0,-1,1,5,5,441.975113828242,888.04944622841401,446.07433240017201,33.713373375229402,67.471124140863097,33.757750765633801,2.0092747723654001,1,shell3-shell3,1
shell3-shell3,2,85,1085,0,-1,1,11,11,448.30068217809099,894.36980426914101,446.06912209105002,40.038941725078097,73.791482181589998,33.752540456512001,1.9950221800328301,1,shell3-shell3,1
shell3-shell3,2,87,1087,0,-1,1,5,5,460.804388547131,927.20230936689495,466.39792081976401,52.542648094118,106.62398727934399,54.081339185226298,2.0121386263057701,1,shell3-shell3,1
shell3-shell3,2,88,1088,0,-1,1,2,2,402.73014692271698,836.69895537547904,433.96880845276098,-5.5315935302953099,16.120633287927799,21.652226818223099,2.0775672289962399,1,shell3-shell3,1
shell3-shell3,2,89,1089,0,-1,1,3,3,420.92467962035403,842.82555670269198,421.90087708233801,12.662939167341399,22.247234615141199,9.5842954477998301,2.0023191737364101,1,shell3-shell3,1
shell3-shell3,2,90,1090,0,-1,1,4,4,433.32855638417101,869.73799642177505,436.40944003760501,25.066815931157901,49.159674334224597,24.0928584030667,2.0071098098845401,1,shell3-shell3,1
shell3-shell3,2,91,1091,0,-1,1,5,5,434.23288792646599,857.71513176948997,423.48224384302398,25.971147473453399,37.136809681938999,11.1656622084856,1.97524221591142,1,shell3-shell3,1
shell3-shell3,2,93,1093,0,-1,1,2,2,378.18408886980501,747.12213972168502,368.93805085188001,-30.077651583207601,-73.456182365866098,-43.378530782658501,1.9755514885738401,1,shell3-shell3,1
shell3-shell3,2,97,1097,0,-1,1,5,5,419.41310400882901,829.51719234128996,410.104088332461,11.1513635558165,8.9388702537392,-2.2124933020772901,1.97780466183009,1,shell3-shell3,1
shell3-shell3,2,98,1098,0,-1,1,8,8,461.66378197018901,936.54270141780103,474.87891944761202,53.402041517176698,115.96437933025101,62.562337813074002,2.0286250253832501,1,shell3-shell3,1
shell3-shell3,2,101,1101,0,-1,1,3,3,432.10713952663502,854.58165703626798,422.47451750963398,23.845399073621898,34.003334948717601,10.1579358750956,1.9777077924989801,1,shell3-shell3,1
shell3-shell3,2,103,1103,0,-1,1,6,6,411.91178329167798,811.93298455238801,400.021201260711,3.65004283866483,-8.6453375351625308,-12.295380373827401,1.97113318309094,1,shell3-shell3,1
shell3-shell3,2,105,1105,0,-1,1,2,2,395.730558806131,803.31185328820595,407.58129448207501,-12.531181646881601,-17.266468799344601,-4.7352871524629396,2.0299464759853199,1,shell3-shell3,1
shell3-shell3,2,107,1107,0,-1,1,8,8,416.60220824455598,823.90984562087101,407.30763737631497,8.3404677915430092,3.3315235333199098,-5.0089442582231003,1.9776895784892601,1,shell3-shell3,1
shell3-shell3,2,109,1109,0,-1,1,8,8,420.66437598490199,838.95917827333096,418.29480228842903,12.402635531889199,18.3808561857802,5.9782206538910101,1.9943670683049299,1,shell3-shell3,1
shell3-shell3,2,111,1111,0,-1,1,4,4,413.14535300980901,816.14017560094703,402.99482259113802,4.88361255679638,-4.4381464866037303,-9.3217590434001103,1.9754310913950199,1,shell3-shell3,1
shell3-shell3,2,116,1116,0,-1,1,2,2,410.95510262867498,825.24496189877004,414.28985927009501,2.6933621756622901,4.6666398112190599,1.97327763555677,2.0081146495568198,1,shell3-shell3,1
shell3-shell3,2,119,1119,0,-1,1,9,9,449.38821404943798,1020.06492131163,570.67670726219603,41.126473596425697,199.48659922408299,158.36012562765799,2.2698969163428302,1,shell3-shell3,1
shell3-shell3,2,121,1121,0,-1,1,9,9,440.43895882709199,882.07824112630101,441.63928229920799,32.1772183740797,61.499919038749802,29.322700664670101,2.0027252890509799,1,shell3-shell3,1
shell3-shell3,2,125,1125,0,-1,1,9,9,441.73728150719398,884.74807365633501,443.01079214914103,33.4755410541811,64.169751568783795,30.694210514602698,2.0028829593861799,1,shell3-shell3,1
shell3-shell3,2,127,1127,0,-1,1,4,4,445.61057835183601,879.59714558287396,433.98656723103898,37.348837898823,59.018823495323502,21.669985596500499,1.973914418361,1,shell3-shell3,1
shell3-shell3,2,131,1131,0,-1,1,9,9,431.89574427588701,853.10210441173501,421.206360135848,23.634003822874,32.523782324183898,8.8897785013098805,1.97525008226705,1,shell3-shell3,1
shell3-shell3,2,132,1132,0,-1,1,6,6,412.72885876571002,815.83295951309196,403.10410074738201,4.4671183126971501,-4.7453625744584498,-9.2124808871556105,1.9766801913316401,1,shell3-shell3,1
shell3-shell3,2,135,1135,0,-1,1,6,6,421.39354539390501,837.72835141137,416.33480601746498,13.131804940892399,17.150029323819599,4.0182243829271398,1.98799521389984,1,shell3-shell3,1
shell3-shell3,2,137,1137,0,-1,1,7,7,442.091406355993,876.63928692495494,434.54788056896098,33.829665902980501,56.060964837404001,22.2312989344234,1.9829367282906301,1,shell3-shell3,1
shell3-shell3,2,139,1139,0,-1,1,7,7,394.87402079421003,776.95652256810797,382.082501773898,-13.387719658802601,-43.621799519442902,-30.2340798606403,1.9676060759971401,1,shell3-shell3,1
shell3-shell3,2,140,1140,0,-1,1,8,8,421.887536561167,829.93157818790201,408.04404162673399,13.6257961081545,9.3532561003507908,-4.2725400078036797,1.9671867648727599,1,shell3-shell3,1
shell3-shell3,2,143,1143,0,-1,1,12,12,433.77691169855598,881.80551933474601,448.02860763618997,25.5151712455433,61.227197247195697,35.712026001652397,2.03285489742141,1,shell3-shell3,1
shell3-shell3,2,147,1147,0,-1,1,6,6,445.78575860032799,879.87172946862199,434.08597086829297,37.524018147315402,59.2934073810708,21.769389233755401,1.9737546848316301,1,shell3-shell3,1
shell3-shell3,2,148,1148,0,-1,1,4,4,403.55027220739498,795.11609774829697,391.56582554090198,-4.7114682456181098,-25.462224339253801,-20.750756093635701,1.97030246912996,1,shell3-shell3,1
shell3-shell3,2,151,1151,0,-1,1,3,3,408.09267600068699,820.04238962822001,411.94971362753398,-0.16906445232598299,-0.53593245933029698,-0.36686800700431399,2.0094513767427702,1,shell3-shell3,1
shell3-shell3,2,152,1152,0,-1,1,7,7,452.41803090080202,897.95369561804205,445.53566471724002,44.156290447789097,77.375373530491302,33.219083082702198,1.9847875952913301,1,shell3-shell3,1
shell3-shell3,2,153,1153,0,-1,1,2,2,383.93869118003602,759.31675469791298,375.37806351787702,-24.323049272976402,-61.261567389637896,-36.938518116661498,1.9777031389156201,1,shell3-shell3,1
shell3-shell3,2,154,1154,0,-1,1,6,6,421.48417959842499,852.84825089732999,431.364071298905,13.2224391454124,32.269928809779501,19.047489664366999,2.0234407177747298,1,shell3-shell3,1
shell3-shell3,2,159,1159,0,-1,1,3,3,387.12077612739,766.15784542709298,379.03706929970298,-21.1409643256228,-54.420476660457297,-33.2795123348345,1.97911838545956,1,shell3-shell3,1
shell3-shell3,2,160,1160,0,-1,1,5,5,441.76784513971,880.07085217193696,438.30300703222701,33.506104686697,59.492530084385997,25.986425397688901,1.9921568802582601,1,shell3-shell3,1
shell3-shell3,2,164,1164,0,-1,1,4,4,437.39836317547599,936.677503349311,499.27914017383603,29.136622722462999,116.099181261761,86.962558539297703,2.1414746423583102,1,shell3-shell3,1
shell3-shell3,2,165,1165,0,-1,1,15,15,439.75584268747099,880.90401719404304,441.14817450657199,31.494102234458499,60.325695106492702,28.8315928720343,2.0031661474026001,1,shell3-shell3,1
shell3-shell3,2,167,1167,0,-1,1,2,2,382.88390036462602,768.12380664583702,385.23990628121197,-25.377840088387099,-52.454515441713298,-27.076675353326198,2.00615331674783,1,shell3-shell3,1
shell3-shell3,2,171,1171,0,-1,1,2,2,355.991897135942,704.84620421534396,348.854307079401,-52.269843317070297,-115.732117872207,-63.462274555137,1.97995013337673,1,shell3-shell3,1
shell3-shell3,2,172,1172,0,-1,1,7,7,429.90552341541598,848.55343751835699,418.647914102941,21.643782962403598,27.975115430806699,6.3313324684030503,1.9738137597697301,1,shell3-shell3,1
shell3-shell3,2,173,1173,0,-1,1,3,3,399.04643559703601,791.60672439032203,392.56028879328602,-9.2153048559765107,-28.971597697228301,-19.756292841251799,1.98374588462607,1,shell3-shell3,1
shell3-shell3,2,176,1176,0,-1,1,2,2,386.44695243227602,781.412072231857,394.96511979958098,-21.814788020737002,-39.166249855694097,-17.351461834957099,2.0220422681915098,1,shell3-shell3,1
shell3-shell3,2,177,1177,0,2,1,3,3,412.68384481145,1558.2951649535601,1145.6113201421099,4.4221043584377098,737.71684286601101,733.29473850757302,3.7760023430661001,1,shell3-shell3,1
shell3-shell3,2,180,1180,0,-1,1,5,5,427.18533743384501,885.19158308310602,458.00624564926198,18.923596980831899,64.613260995555606,45.689664014723697,2.0721487970550698,1,shell3-shell3,1
shell3-shell3,2,185,1185,0,-1,1,13,13,424.53739833073303,841.30122805439305,416.763829723659,16.275657877720601,20.7229059668419,4.4472480891213904,1.98168931962734,1,shell3-shell3,1
shell3-shell3,2,187,1187,0,-1,1,2,2,396.38393772927998,792.70173162537003,396.31779389609102,-11.877802723733099,-27.876590462180399,-15.9987877384473,1.9998331319034599,1,shell3-shell3,1
shell3-shell3,2,188,1188,0,-1,1,5,5,405.423173659903,805.252367188682,399.82919352877798,-2.8385667931094098,-15.325954898869201,-12.4873881057598,1.98620212041501,1,shell3-shell3,1
shell3-shell3,2,196,1196,0,-1,1,2,2,379.90612073008901,751.44228877518105,371.53616804509301,-28.3556197229242,-69.136033312369406,-40.780413589445203,1.97796836579282,1,shell3-shell3,1
shell3-shell3,2,199,1199,0,-1,1,9,9,451.24044250195499,888.53029129795902,437.28984879600398,42.978702048942097,67.951969210408393,24.9732671614663,1.9690839020797899,1,shell3-shell3,1
shell3-shell3,2,200,1200,0,-1,1,3,3,410.35324334327601,826.551868130039,416.19862478676299,2.0915028902633099,5.9735460424885796,3.8820431522252599,2.01424475506971,1,shell3-shell3,1
shell3-shell3,2,201,1201,0,-1,1,2,2,373.70466375685902,739.31158189668497,365.60691813982601,-34.557076696154098,-81.266740190865704,-46.709663494711499,1.9783311625398901,1,shell3-shell3,1
shell3-shell3,2,203,1203,0,-1,1,2,2,395.581059738254,778.70281725141899,383.12175751316499,-12.6806807147586,-41.875504836131803,-29.194824121373099,1.96850379481431,1,shell3-shell3,1
shell3-shell3,2,204,1204,0,-1,1,4,4,416.243790208446,852.38549274556703,436.14170253712098,7.9820497554332501,31.8071706580163,23.825120902582999,2.0478035055338899,1,shell3-shell3,1
shell3-shell3,2,207,1207,0,-1,1,4,4,407.29671358710999,809.29633220959101,401.99961862248102,-0.96502686590270104,-11.2819898779599,-10.316963012057199,1.98699450600036,1,shell3-shell3,1
shell3-shell3,2,208,1208,0,-1,1,2,2,376.00584964291801,740.74562580131703,364.73977615839902,-32.255890810094698,-79.832696286233997,-47.576805476139199,1.97003750474835,1,shell3-shell3,1
shell3-shell3,2,209,1209,0,-1,1,2,2,378.18408886980501,747.12213972168502,368.93805085187898,-30.077651583207601,-73.456182365866198,-43.378530782658601,1.9755514885738401,1,shell3-shell3,1
shell3-shell3,2,210,1210,0,-1,1,2,2,380.64004311143702,761.23253381702,380.59249070558297,-27.621697341575999,-59.345788270530498,-31.724090928954499,1.9998750725082299,1,shell3-shell3,1
shell3-shell3,2,213,1213,0,-1,1,7,7,428.29282007148998,852.77731350472197,424.48449343323199,20.031079618476799,32.198991417170802,12.1679117986939,1.9911081240221999,1,shell3-shell3,1
shell3-shell3,2,214,1214,0,-1,1,2,2,411.810410294436,841.38061157456298,429.57020128012601,3.5486698414236999,20.8022894870121,17.253619645588401,2.0431261341183502,1,shell3-shell3,1
shell3-shell3,2,221,1221,0,-1,1,5,5,438.18295005034503,863.09047822647597,424.907528176131,29.9212095973324,42.512156138925498,12.590946541593199,1.9697034723220299,1,shell3-shell3,1
shell3-shell3,2,222,1222,0,-1,1,2,2,378.07061850239302,759.20906558861304,381.13844708622099,-30.191121950619898,-61.369256498937297,-31.178134548317399,2.00811443268451,1,shell3-shell3,1
shell3-shell3,2,223,1223,0,-1,1,5,5,394.48255994809602,775.348258131894,380.86569818379797,-13.7791805049172,-45.230063955657002,-31.450883450739799,1.9654817141571801,1,shell3-shell3,1
shell3-shell3,2,224,1224,0,-1,1,7,7,394.88914053342103,778.74502157993095,383.85588104650998,-13.3725999195916,-41.833300507619697,-28.4607005880281,1.9720598559078999,1,shell3-shell3,1
shell3-shell3,2,228,1228,0,-1,1,5,5,409.18106243296,819.280740933929,410.09967850096899,0.91932197994725595,-1.2975811536221,-2.2169031335693599,2.0022450112000501,1,shell3-shell3,1
shell3-shell3,2,229,1229,0,-1,1,8,8,436.15527899901201,864.181518524848,428.02623952583599,27.893538545998801,43.603196437296901,15.7096578912981,1.98136205185495,1,shell3-shell3,1
shell3-shell3,2,230,1230,0,-1,1,3,3,390.72330899498701,772.01222281089201,381.28891381590398,-17.538431458025499,-48.566099276659102,-31.027667818633599,1.9758540251838299,1,shell3-shell3,1
shell3-shell3,2,234,1234,0,-1,1,4,4,425.54384353268301,848.577137991168,423.03329445848499,17.2821030796703,27.998815903617501,10.7167128239472,1.9941003750557,1,shell3-shell3,1
shell3-shell3,2,235,1235,0,-1,1,7,7,407.488509000146,803.26979669355399,395.78128769340799,-0.77323145286692396,-17.3085253939967,-16.535293941129702,1.9712698124041299,1,shell3-shell3,1
shell3-shell3,2,238,1238,0,-1,1,8,8,447.87659939166701,884.64265881166205,436.76605941999401,39.614858938654699,64.064336724111101,24.449477785456299,1.97519285448991,1,shell3-shell3,1
shell3-shell3,2,240,1240,0,-1,1,2,2,390.32485015479398,769.10267373695899,378.77782358216501,-17.936890298218501,-51.4756483505913,-33.538758052372799,1.97041688079032,1,shell3-shell3,1
shell3-shell3,2,242,1242,0,-1,1,4,4,406.05532546832097,810.53956096503396,404.48423549671298,-2.2064149846917802,-10.038761122516499,-7.8323461378246897,1.99613084751494,1,shell3-shell3,1
shell3-shell3,2,243,1243,0,-1,1,6,6,429.943974895841,847.55443085905597,417.61045596321497,21.682234442828701,26.9761087715057,5.2938743286769601,1.97131366026093,1,shell3-shell3,1
shell3-shell3,2,249,1249,0,-1,1,5,5,418.895592354911,893.66192786262695,474.76633550771601,10.633851901898099,73.083605775076094,62.449753873177997,2.1333762975129802,1,shell3-shell3,1
shell3-shell3,2,252,1252,0,-1,1,7,7,440.993786544214,874.90191889647394,433.90813235226,32.732046091201397,54.323596808923,21.591550717721599,1.98393253055223,1,shell3-shell3,1
shell3-shell3,2,254,1254,0,-1,1,7,7,413.34302945591901,815.70283223945796,402.35980278353901,5.0812890029062601,-4.8754898480930304,-9.9567788509992905,1.9734283007340501,1,shell3-shell3,1
shell3-shell3,2,255,1255,0,-1,1,2,2,395.45007662691802,797.70548658892199,402.255409962003,-12.8116638260946,-22.872835498629101,-10.0611716725346,2.0172090833642802,1,shell3-shell3,1
shell3-shell3,2,256,1256,0,-1,1,3,3,424.14673120577902,849.68322888599596,425.536497680217,15.8849907527659,29.104906798445199,13.2199160456793,2.0032766171991701,1,shell3-shell3,1
shell3-shell3,2,259,1259,0,-1,1,6,6,436.54516762578999,868.70725212572995,432.16208449994002,28.283427172776999,48.128930038179298,19.845502865402398,1.98995961139671,1,shell3-shell3,1
shell3-shell3,2,261,1261,0,-1,1,3,3,403.96049985815802,796.045974183103,392.08547432494498,-4.3012405948548498,-24.532347904447601,-20.231107309592801,1.9706034982693099,1,shell3-shell3,1
shell3-shell3,2,263,1263,0,-1,1,3,3,382.95649336442,757.13535557597402,374.178862211553,-25.305247088592399,-63.442966511577197,-38.137719422984802,1.9770792993330599,1,shell3-shell3,1
shell3-shell3,2,264,1264,0,-1,1,6,6,417.72486455984398,831.94958201296799,414.22471745312401,9.4631241068312306,11.371259925417499,1.90813581858623,1.9916209270654599,1,shell3-shell3,1
shell3-shell3,2,265,1265,0,-1,1,6,6,448.88062103338399,894.83937612683098,445.958755093447,40.618880580370998,74.261054039279799,33.6421734589088,1.9934907728179301,1,shell3-shell3,1
shell3-shell3,2,268,1268,0,-1,1,8,8,445.30600076873202,876.92739312391302,431.621392355181,37.0442603157192,56.349071036361899,19.304810720642699,1.96926920277309,1,shell3-shell3,1
shell3-shell3,2,271,1271,0,-1,1,3,3,405.490917727961,799.31969790022094,393.82878017226,-2.7708227250522,-21.258624187330199,-18.487801462278,1.97123946050125,1,shell3-shell3,1
shell3-shell3,2,287,1287,0,-1,1,3,3,392.283999383393,833.59613911741906,441.312139734026,-15.9777410696194,13.017817029868199,28.9955580994875,2.1249812391728899,1,shell3-shell3,1
shell3-shell3,2,289,1289,0,-1,1,3,3,394.82983918476998,778.278060090704,383.44822090593402,-13.431901268242999,-42.300261996846999,-28.868360728603999,1.9711733583704401,1,shell3-shell3,1
shell3-shell3,2,301,1301,0,-1,1,2,2,383.41740202774901,758.29538042622801,374.87797839847798,-24.8443384252637,-62.2829416613232,-37.4386032360595,1.9777281271426199,1,shell3-shell3,1
shell3-shell3,2,305,1305,0,-1,1,2,2,365.95841224129799,721.66230552167099,355.70389328037299,-42.303328211714302,-98.916016565879502,-56.612688354165201,1.9719790046685299,1,shell3-shell3,1
shell3-shell3,2,306,1306,0,2,1,3,3,423.39646400358703,1536.80842330481,1113.4119593012199,15.1347235505746,716.23010121725395,701.09537766667995,3.6297148274998001,1,shell3-shell3,1
shell3-shell3,2,307,1307,0,-1,1,4,4,426.80652731991597,842.25524118153601,415.44871386161998,18.544786866903301,21.676919093984999,3.13213222708168,1.97338884780039,1,shell3-shell3,1
shell3-shell3,2,314,1314,0,-1,1,5,5,417.93508414955301,826.14424998368395,408.209165834131,9.6733436965407105,5.5659278961334202,-4.1074158004073,1.97672863876644,1,shell3-shell3,1
shell3-shell3,2,315,1315,0,-1,1,2,2,399.43619008407097,787.76130376217202,388.32511367810201,-8.8255503689421708,-32.817018325378299,-23.9914679564361,1.9721831003754799,1,shell3-shell3,1
shell3-shell3,2,318,1318,0,-1,1,5,5,418.64876267283199,832.97298858618501,414.32422591335302,10.387022219819,12.3946664986338,2.0076442788148401,1.98967025070881,1,shell3-shell3,1
shell3-shell3,2,320,1320,0,-1,1,6,6,442.94296299950298,882.00568412121004,439.062721121707,34.681222546489899,61.4273620336592,26.746139487169199,1.9912398611064499,1,shell3-shell3,1
shell3-shell3,2,321,1321,0,-1,1,5,5,416.25121907560799,822.44407677107199,406.192857695464,7.9894786225952998,1.86575468352089,-6.1237239390744103,1.9758358392259301,1,shell3-shell3,1
shell3-shell3,2,327,1327,0,-1,1,4,4,381.03294171503597,759.57825182199895,378.545310106964,-27.228798737977201,-61.0000702655514,-33.7712715275742,1.99347134765599,1,shell3-shell3,1
shell3-shell3,2,332,1332,0,-1,1,2,2,395.44838535632601,782.75170592343102,387.30332056710603,-12.813355096687101,-37.826616164119301,-25.0132610674322,1.97940296359566,1,shell3-shell3,1
shell3-shell3,2,336,1336,0,-1,1,3,3,399.58931233921101,786.03014162893305,386.44082928972102,-8.6724281138013506,-34.548180458618198,-25.875752344816799,1.9670950081909899,1,shell3-shell3,1
shell3-shell3,2,341,1341,0,-1,1,2,2,346.20886975424901,681.92152593539299,335.71265618114501,-62.052870698764103,-138.65679615215799,-76.603925453393501,1.9696824244261699,1,shell3-shell3,1
shell3-shell3,2,346,1346,0,-1,1,4,4,443.06588801040999,873.97750465255001,430.91161664214002,34.804147557397499,53.399182564999698,18.595035007602199,1.9725678015456101,1,shell3-shell3,1
shell3-shell3,2,349,1349,0,-1,1,2,2,367.794744608857,727.02601238588102,359.23126777702402,-40.466995844155299,-93.5523097016696,-53.085313857514301,1.9767166960448499,1,shell3-shell3,1
shell3-shell3,2,351,1351,0,-1,1,4,4,420.44798040127898,830.78516114612603,410.33718074484699,12.1862399482665,10.206839058575699,-1.97940088969074,1.97595231722416,1,shell3-shell3,1
shell3-shell3,2,352,1352,0,-1,1,3,3,418.01079184922401,834.79842487845599,416.78763302923198,9.74905139621114,14.2201027909055,4.4710513946943102,1.9970738582739,1,shell3-shell3,1
shell3-shell3,2,360,1360,0,-1,1,4,4,406.99217094096298,809.88526405670495,402.89309311574198,-1.2695695120499999,-10.6930580308456,-9.4234885187955797,1.98992836197379,1,shell3-shell3,1
shell3-shell3,2,363,1363,0,-1,1,2,2,391.87252161584598,774.181791897528,382.30927028168202,-16.389218837166801,-46.396530190022503,-30.007311352855801,1.97559601450306,1,shell3-shell3,1
shell3-shell3,2,367,1367,0,-1,1,2,2,367.7365345851,732.01667734672799,364.28014276162799,-40.525205867912398,-88.5616447408227,-48.036438872910303,1.9906009017369699,1,shell3-shell3,1
shell3-shell3,2,368,1368,0,-1,1,4,4,409.82745985364198,810.01725329898204,400.18979344534,1.56571940062929,-10.561068788568701,-12.126788189198001,1.97648360016739,1,shell3-shell3,1
shell3-shell3,2,371,1371,0,-1,1,3,3,434.53608631131402,858.46590945627997,423.92982314496697,26.274345858300801,37.887587368729697,11.6132415104288,1.97559175520638,1,shell3-shell3,1
shell3-shell3,2,372,1372,0,-1,1,2,2,374.12574867922501,742.84570672147299,368.71995804224701,-34.135991773787403,-77.732615366078093,-43.596623592290698,1.98555087251796,1,shell3-shell3,1
shell3-shell3,2,373,1373,0,-1,1,2,2,357.323883736737,703.50969470315499,346.18581096641799,-50.937856716275498,-117.068627384396,-66.130770668120206,1.96882919592768,1,shell3-shell3,1
shell3-shell3,2,378,1378,0,-1,1,4,4,389.128746101898,767.55687277195204,378.42812667005501,-19.132994351115101,-53.021449315598403,-33.888454964483202,1.9725010821250399,1,shell3-shell3,1
shell3-shell3,2,386,1386,0,-1,1,2,2,390.23810897182,769.58502073939803,379.34691176757798,-18.023631481193199,-50.993301348152698,-32.969669866959499,1.97209089283223,1,shell3-shell3,1
shell3-shell3,2,391,1391,0,-1,1,3,3,413.88060513397301,828.59873003771497,414.71812490374202,5.6188646809604803,8.0204079501643299,2.4015432692038399,2.0020235781995601,1,shell3-shell3,1
shell3-shell3,2,393,1393,0,-1,1,3,3,401.35214910840398,791.91786529311298,390.565716184709,-6.9095913446085397,-28.660456794437799,-21.750865449829199,1.97312476599999,1,shell3-shell3,1
shell3-shell3,2,394,1394,0,-1,1,5,5,440.72907576783001,873.41198082789003,432.68290506006002,32.467335314817298,52.833658740338798,20.3663234255215,1.98174349923759,1,shell3-shell3,1
shell3-shell3,2,396,1396,0,-1,1,3,3,338.40816204452801,665.681283422094,327.27312137756599,-69.853578408484495,-154.89703866545699,-85.043460256972395,1.9670958271228201,1,shell3-shell3,1
shell3-shell3,2,400,1400,0,-1,1,5,5,415.28462493323599,819.67678667584005,404.392161742604,7.0228844802231301,-0.90153541171116602,-7.9244198919342903,1.97377108966559,1,shell3-shell3,1
shell3-shell3,2,407,1407,0,-1,1,5,5,376.44046264510501,739.63077184383599,363.19030919873097,-31.821277807907801,-80.947550243714502,-49.126272435806797,1.96480146328248,1,shell3-shell3,1
shell3-shell3,2,408,1408,0,-1,1,4,4,406.075116438495,810.07838174404299,404.00326530554798,-2.1866240145179701,-10.4999403435082,-8.3133163289902505,1.9948978623681299,1,shell3-shell3,1
shell3-shell3,2,413,1413,0,-1,1,4,4,417.381721802546,829.34452704358296,411.96280524103599,9.1199813495336493,8.7662049560319701,-0.353776393501676,1.9870168810025799,1,shell3-shell3,1
shell3-shell3,2,417,1417,0,-1,1,6,6,389.69097213918701,764.87494427136096,375.18397213217497,-18.5707683138261,-55.703377816189601,-37.132609502363501,1.96277306623919,1,shell3-shell3,1
shell3-shell3,2,418,1418,0,-1,1,3,3,434.78941009574902,857.54884190541497,422.75943180966601,26.527669642736601,36.970519817864201,10.442850175127599,1.97233148276672,1,shell3-shell3,1
shell3-shell3,2,419,1419,0,-1,1,4,4,440.42333206001803,869.84209966738297,429.418767607365,32.161591607005299,49.263777579832499,17.102185972827201,1.97501366605357,1,shell3-shell3,1
shell3-shell3,2,427,1427,0,-1,1,4,4,407.575001710256,803.42207870487198,395.84707699461597,-0.686738742756972,-17.1562433826792,-16.469504639922299,1.9712251127610201,1,shell3-shell3,1
shell3-shell3,2,431,1431,0,-1,1,2,2,346.46054748645503,681.17675155957602,334.71620407312099,-61.801192966558098,-139.401570527975,-77.600377561417005,1.96610193137851,1,shell3-shell3,1
shell3-shell3,2,434,1434,0,-1,1,2,2,389.20704502262703,788.15950041232702,398.95245538969999,-19.0546954303855,-32.418821675223697,-13.3641262448382,2.0250391417414,1,shell3-shell3,1
shell3-shell3,2,441,1441,0,-1,1,4,4,430.80390776587802,848.51678134904398,417.71287358316602,22.542167312865502,27.938459261493399,5.3962919486279501,1.9696125454139899,1,shell3-shell3,1
shell3-shell3,2,452,1452,0,-1,1,2,2,390.01704280540298,773.11752144719003,383.10047864178699,-18.244697647609598,-47.460800640360297,-29.216102992750699,1.98226599506046,1,shell3-shell3,1
shell3-shell3,2,454,1454,0,-1,1,5,5,378.64529007218903,743.80022185462497,365.15493178243599,-29.616450380823899,-76.778100232925695,-47.161649852101696,1.96437204253305,1,shell3-shell3,1
shell3-shell3,2,455,1455,0,-1,1,3,3,376.033075585988,743.68772985549504,367.654654269508,-32.228664867025003,-76.890592232055397,-44.661927365030401,1.9777189245828299,1,shell3-shell3,1
shell3-shell3,2,464,1464,0,-1,1,6,6,384.964091779429,759.03203691174099,374.06794513231199,-23.297648673584199,-61.546285175810198,-38.248636502225999,1.97169568050685,1,shell3-shell3,1
shell3-shell3,2,465,1465,0,-1,1,3,3,396.78972674705,783.05418131939098,386.26445457234098,-11.472013705962601,-37.524140768159697,-26.052127062197101,1.97347392972848,1,shell3-shell3,1
shell3-shell3,2,472,1472,0,-1,1,5,5,416.31603596707998,819.36768657654,403.05165060946001,8.0542955140671193,-1.21063551101054,-9.2649310250776598,1.96813866339113,1,shell3-shell3,1
shell3-shell3,2,473,1473,0,-1,1,2,2,401.85115940198602,796.71730407954897,394.86614467756198,-6.4105810510266101,-23.861018008002201,-17.450436956975601,1.9826179057569,1,shell3-shell3,1
shell3-shell3,2,480,1480,0,-1,1,5,5,391.88921235686797,772.42612657134896,380.53691421448099,-16.372528096144499,-48.152195516201601,-31.779667420057098,1.9710318687413899,1,shell3-shell3,1
shell3-shell3,2,481,1481,0,-1,1,4,4,395.725869825887,779.90114755768298,384.17527773179597,-12.535870627126,-40.677174529868203,-28.141303902742301,1.97081163255975,1,shell3-shell3,1
shell3-shell3,2,489,1489,0,-1,1,5,5,404.50738574754502,805.94712073216795,401.43973498462299,-3.7543547054679598,-14.631201355383,-10.8768466499151,1.9924163294144701,1,shell3-shell3,1
shell3-shell3,2,491,1491,0,-1,1,3,3,399.22042870041003,801.51919865324896,402.298769952839,-9.0413117526028408,-19.059123434301899,-10.017811681699101,2.0077108810850399,1,shell3-shell3,1
shell3-shell3,2,499,1499,0,-1,1,2,2,401.908153003179,792.66947508589396,390.76132208271503,-6.3535874498338698,-27.908847001657001,-21.555259551823202,1.9722652281692401,1,shell3-shell3,1
shell3-shell3,2,501,1501,0,-1,1,3,3,388.56598850941799,762.983386178008,374.41739766859001,-19.695751943594999,-57.594935909542798,-37.899183965947699,1.9635876755577499,1,shell3-shell3,1
shell3-shell3,2,502,1502,0,-1,1,2,2,367.65283173208798,728.22101317004797,360.56818143795999,-40.608908720924802,-92.357308917503104,-51.748400196578402,1.98073005378266,1,shell3-shell3,1
shell3-shell3,2,504,1504,0,-1,1,2,2,357.47534365669901,703.03298943289997,345.55764577620198,-50.786396796314101,-117.54533265465101,-66.7589358583365,1.9666614828351801,1,shell3-shell3,1
shell3-shell3,2,511,1511,0,-1,1,2,2,404.78892494489298,798.38171872236705,393.59279377747401,-3.4728155081202199,-22.196603365184,-18.723787857063801,1.9723408164664,1,shell3-shell3,1
shell3-shell3,2,515,1515,0,-1,1,3,3,389.79300533396099,767.09393506744402,377.30092973348297,-18.468735119051999,-53.4843870201071,-35.015651901055001,1.9679520272823401,1,shell3-shell3,1
shell3-shell3,2,517,1517,0,-1,1,2,2,365.96492352924901,721.81284299453,355.847919465281,-42.2968169237637,-98.765479093020502,-56.468662169256802,1.97235526299515,1,shell3-shell3,1
shell3-shell3,2,523,1523,0,-1,1,3,3,390.152145034623,769.70410230163395,379.55195726701203,-18.1095954183901,-50.874219785916601,-32.764624367526501,1.97283063055652,1,shell3-shell3,1
shell3-shell3,2,526,1526,0,-1,1,6,6,414.96950808579498,825.08532869723604,410.11582061144202,6.7077676327818896,4.50700660968573,-2.2007610230961601,1.9883035081378799,1,shell3-shell3,1
shell3-shell3,2,528,1528,0,-1,1,2,2,399.90438869506897,795.57417276036904,395.66978406530001,-8.3573517579438903,-25.0041493271817,-16.646797569237801,1.98941095734511,1,shell3-shell3,1
shell3-shell3,2,541,1541,0,-1,1,3,3,444.64944961110399,892.05341037046799,447.40396075936502,36.387709158090999,71.475088282917596,35.087379124826597,2.00619479266346,1,shell3-shell3,1
shell3-shell3,2,544,1544,0,-1,1,2,2,389.475472648959,770.93961596698,381.464143318021,-18.786267804053399,-49.638706120570397,-30.852438316516999,1.9794304650907799,1,shell3-shell3,1
shell3-shell3,2,549,1549,0,-1,1,2,2,369.05477481246402,732.18730459580604,363.13252978334202,-39.206965640548702,-88.391017491744407,-49.184051851195598,1.98395293752227,1,shell3-shell3,1
shell3-shell3,2,559,1559,0,-1,1,3,3,409.62424432247002,843.83113499202602,434.20689066955498,1.3625038694576701,23.252812904474901,21.8903090350173,2.0600126742686999,1,shell3-shell3,1
shell3-shell3,2,561,1561,0,-1,1,2,2,400.03570121398201,811.04060861764799,411.00490740366502,-8.2260392390305697,-9.5377134699031103,-1.31167423087254,2.0274205681052799,1,shell3-shell3,1
shell3-shell3,2,562,1562,0,-1,1,2,2,352.70862988021202,712.76125293839402,360.05262305818201,-55.553110572801003,-107.81706914915701,-52.263958576355797,2.0208216997141899,1,shell3-shell3,1
shell3-shell3,2,564,1564,0,-1,1,2,2,381.28251483828598,768.29672333912299,387.01420850083798,-26.9792256147269,-52.281598748427399,-25.302373133700499,2.0150326685318398,1,shell3-shell3,1
shell3-shell3,2,568,1568,0,-1,1,2,2,397.88124082516703,787.37659420592297,389.495353380756,-10.380499627845699,-33.201727881627399,-22.821228253781701,1.9789236420721401,1,shell3-shell3,1
shell3-shell3,2,570,1570,0,-1,1,2,2,352.54369416503999,697.03909888692203,344.49540472188198,-55.718046287972598,-123.539223200628,-67.821176912655801,1.9771708030057999,1,shell3-shell3,1
shell3-shell3,2,580,1580,0,-1,1,3,3,396.23763209475698,791.11014424319001,394.87251214843297,-12.0241083582559,-29.468177844360799,-17.444069486104901,1.9965547948106099,1,shell3-shell3,1
shell3-shell3,2,590,1590,0,-1,1,2,2,365.30758709293298,727.217792678612,361.910205585678,-42.954153360079303,-93.360529408938902,-50.406376048859599,1.9906999426584799,1,shell3-shell3,1
shell3-shell3,2,593,1593,0,-1,1,4,4,399.15867419829499,788.54529186590003,389.38661766760498,-9.1030662547178203,-32.033030221650399,-22.929963966932601,1.9755183660975999,1,shell3-shell3,1
shell3-shell3,2,603,1603,0,-1,1,3,3,374.642104470763,743.592415362427,368.950310891664,-33.619635982249498,-76.985906725123399,-43.366270742873901,1.9848073841376199,1,shell3-shell3,1
shell3-shell3,2,604,1604,0,-1,1,2,2,346.10811069284301,685.69901278859197,339.59090209574902,-62.1536297601698,-134.87930929895899,-72.725679538789393,1.98117002059256,1,shell3-shell3,1
shell3-shell3,2,607,1607,0,-1,1,2,2,368.29609325466703,726.439872767922,358.14377951325503,-39.9656471983457,-94.138449319628805,-54.172802121283098,1.9724343702598199,1,shell3-shell3,1
shell3-shell3,2,609,1609,0,-1,1,4,4,359.24283015409497,717.20941400334505,357.96658384925001,-49.018910298917802,-103.368908084205,-54.349997785287698,1.9964473993696801,1,shell3-shell3,1
shell3-shell3,2,614,1614,0,-1,1,2,2,378.782931094231,748.56689760284405,369.78396650861299,-29.478809358781799,-72.011424484706396,-42.5326151259246,1.9762424231746101,1,shell3-shell3,1
shell3-shell3,2,615,1615,0,-1,1,3,3,418.28876949560299,825.84154426212001,407.55277476651702,10.027029042590399,5.2632221745691403,-4.7638068680212804,1.9743335334055601,1,shell3-shell3,1
shell3-shell3,2,618,1618,0,-1,1,2,2,403.393411315283,799.279209455657,395.88579814037399,-4.8683291377293498,-21.2991126318936,-16.430783494164299,1.9813888552358101,1,shell3-shell3,1
shell3-shell3,2,619,1619,0,-1,1,2,2,345.94928666833698,683.18843635830501,337.23914968996797,-62.312453784675803,-137.389885729246,-75.077431944570293,1.9748225034303399,1,shell3-shell3,1
shell3-shell3,2,620,1620,0,-1,1,2,2,379.83798155553598,765.02162957671499,385.18364802117901,-28.423758897476802,-55.556692510835497,-27.132933613358801,2.0140735437876698,1,shell3-shell3,1
shell3-shell3,2,621,1621,0,-1,1,2,2,355.26717527249798,700.92911024986904,345.661934977371,-52.994565180514797,-119.64921183768099,-66.654646657166694,1.9729633330527701,1,shell3-shell3,1
shell3-shell3,2,627,1627,0,-1,1,4,4,372.325100641169,741.57678824822995,369.251687607061,-35.936639811843897,-79.001533839321198,-43.064894027477301,1.9917453509612599,1,shell3-shell3,1
shell3-shell3,2,628,1628,0,-1,1,3,3,427.62984271765902,843.57111076632498,415.94126804866602,19.368102264645799,22.992788678774101,3.6246864141283499,1.97266660672064,1,shell3-shell3,1
shell3-shell3,2,639,1639,0,-1,1,2,2,381.51566531226899,761.80212493303304,380.28645962076399,-26.746075140743599,-58.776197154517597,-32.030122013773997,1.9967780990316599,1,shell3-shell3,1
shell3-shell3,2,672,1672,0,-1,1,3,3,371.23924328848699,737.60196970044899,366.36272641196302,-37.022497164526001,-82.976352387101301,-45.953855222575299,1.98686422040588,1,shell3-shell3,1
shell3-shell3,2,673,1673,0,-1,1,2,2,392.321366348742,788.84553060239796,396.52416425365499,-15.9403741042705,-31.732791485153001,-15.792417380882499,2.0107126408740599,1,shell3-shell3,1
shell3-shell3,2,683,1683,0,-1,1,2,2,369.737629916495,743.51395524553595,373.77632532904101,-38.524110536517497,-77.064366842014806,-38.540256305497302,2.0109231386955599,1,shell3-shell3,1
shell3-shell3,2,685,1685,0,-1,1,2,2,361.64430773998203,714.04109105027203,352.39678331029,-46.617432713030603,-106.537231037279,-59.919798324248198,1.9744292271943,1,shell3-shell3,1
shell3-shell3,2,689,1689,0,-1,1,2,2,365.41970930352699,719.99132858284202,354.57161927931497,-42.842031149485898,-100.586993504709,-57.744962355223002,1.97031334176012,1,shell3-shell3,1
shell3-shell3,2,690,1690,0,-1,1,5,5,396.75477778687599,789.59880160168996,392.84402381481402,-11.506962666136999,-30.979520485860899,-19.4725578197239,1.99014314586487,1,shell3-shell3,1
shell3-shell3,2,691,1691,0,-1,1,2,2,380.48386253646697,750.25492756668496,369.77106503021798,-27.777877916545499,-70.323394520865605,-42.545516604320099,1.9718442789272801,1,shell3-shell3,1
shell3-shell3,2,697,1697,0,-1,1,2,2,352.06310558630503,698.64214035396799,346.57903476766302,-56.198634866707998,-121.936181733583,-65.737546866874993,1.9844230459493699,1,shell3-shell3,1
shell3-shell3,2,700,1700,0,-1,1,3,3,400.13967312880999,787.93253727582498,387.792864147015,-8.1220673242024795,-32.645784811725498,-24.523717487523101,1.9691437520172601,1,shell3-shell3,1
shell3-shell3,2,701,1701,0,-1,1,4,4,396.82116433396197,780.33679557442395,383.51563124046299,-11.4405761190511,-40.241526513126502,-28.8009503940754,1.96646969897427,1,shell3-shell3,1
shell3-shell3,2,703,1703,0,-1,1,2,2,396.82648700900199,797.58896552567205,400.76247851667,-11.435253444011,-22.9893565618788,-11.5541031178678,2.00991867135013,1,shell3-shell3,1
shell3-shell3,2,707,1707,0,-1,1,2,2,399.32783007954299,795.19555558790796,395.86772550836503,-8.93391037346953,-25.382766499642798,-16.4488561261733,1.9913351779902499,1,shell3-shell3,1
shell3-shell3,2,717,1717,0,-1,1,3,3,375.743833658911,745.22213311368796,369.47829945477599,-32.5179067941014,-75.356188973863098,-42.838282179761698,1.98332498462284,1,shell3-shell3,1
shell3-shell3,2,725,1725,0,-1,1,2,2,401.30991788932801,795.83475690186503,394.52483901253697,-6.9518225636846296,-24.7435651856857,-17.791742622001099,1.98309267084034,1,shell3-shell3,1
shell3-shell3,2,738,1738,0,-1,1,2,2,377.10459675984998,760.04429634799499,382.939699588145,-31.157143693162698,-60.534025739555503,-29.3768820463929,2.01547343330851,1,shell3-shell3,1
shell3-shell3,2,741,1741,0,-1,1,2,2,369.30613321628698,728.22880476558805,358.92267154930101,-38.955607236725299,-92.349517321962793,-53.393910085237501,1.97188386345887,1,shell3-shell3,1
shell3-shell3,2,750,1750,0,-1,1,2,2,399.92593019076401,803.75892494762104,403.83299475685698,-8.3358102622487404,-16.8193971399294,-8.48358687768064,2.0097694704722699,1,shell3-shell3,1
shell3-shell3,2,754,1754,0,-1,1,2,2,376.95412767465001,742.94937310050204,365.99524542585198,-31.307612778363001,-77.628948987049199,-46.321336208686098,1.9709278093958,1,shell3-shell3,1
shell3-shell3,2,764,1764,0,-1,1,2,2,394.11511911737102,782.87436825255304,388.75924913518202,-14.1466213356418,-37.703953834997698,-23.557332499355901,1.9864103919834799,1,shell3-shell3,1
shell3-shell3,2,767,1767,0,-1,1,2,2,385.71069654387099,759.82179521802902,374.11109867415797,-22.551043909141601,-60.756526869521302,-38.205482960379598,1.96992668864605,1,shell3-shell3,1
shell3-shell3,2,771,1771,0,-1,1,2,2,388.85073730578802,777.30466698961095,388.45392968382299,-19.411003147224601,-43.273655097939603,-23.862651950715001,1.9989795374319901,1,shell3-shell3,1
shell3-shell3,2,780,1780,0,-1,1,3,3,394.363595707446,782.423696462105,388.060100754659,-13.898144745566601,-38.154625625445398,-24.256480879878801,1.9840160323584699,1,shell3-shell3,1
shell3-shell3,2,785,1785,0,-1,1,5,5,382.14135703702601,760.36925874578196,378.22790170875697,-26.120383415987099,-60.209063341768299,-34.0886799257812,1.9897591421179499,1,shell3-shell3,1
shell3-shell3,2,787,1787,0,-1,1,3,3,397.074805241234,802.98663245563796,405.91182721440401,-11.186935211779,-17.591689631912701,-6.4047544201337097,2.0222553077065699,1,shell3-shell3,1
shell3-shell3,2,788,1788,0,-1,1,2,2,383.20997642605897,767.12733959138302,383.91736316532399,-25.051764026953499,-53.450982496167597,-28.399218469214102,2.0018459507392299,1,shell3-shell3,1
shell3-shell3,2,799,1799,0,-1,1,2,2,372.39153336463602,738.37957623275997,365.98804286812401,-35.870207088376702,-82.1987458547909,-46.328538766414198,1.98280441437899,1,shell3-shell3,1
shell3-shell3,2,805,1805,0,-1,1,2,2,374.91904617742102,739.00946261884098,364.09041644142002,-33.342694275591398,-81.568859468709704,-48.226165193118199,1.97111741895642,1,shell3-shell3,1
shell3-shell3,2,807,1807,0,-1,1,2,2,378.89603066453998,745.820978026734,366.92494736219402,-29.365709788472699,-74.757344060816607,-45.3916342723439,1.9684053610132799,1,shell3-shell3,1
shell3-shell3,2,834,1834,0,-1,1,2,2,350.34771773648799,694.39746159864603,344.04974386215798,-57.914022716524897,-126.180860488905,-68.266837772379901,1.98202364806307,1,shell3-shell3,1
shell3-shell3,2,839,1839,0,-1,1,2,2,354.12644616966901,697.799673239556,343.67322706988801,-54.135294283344102,-122.778648847995,-68.643354564650494,1.97048167621242,1,shell3-shell3,1
shell3-shell3,2,845,1845,0,-1,1,2,2,375.39767417594697,756.19573280604197,380.798058630095,-32.864066277065902,-64.3825892815087,-31.518523004442699,2.0143857696135301,1,shell3-shell3,1
shell3-shell3,2,847,1847,0,-1,1,2,2,391.87252161584598,774.181791897528,382.30927028168202,-16.389218837166801,-46.396530190022503,-30.007311352855702,1.97559601450306,1,shell3-shell3,1
shell3-shell3,2,849,1849,0,-1,1,2,2,369.737629916495,743.51395524553595,373.77632532903999,-38.524110536517497,-77.064366842015005,-38.5402563054976,2.0109231386955599,1,shell3-shell3,1
shell3-shell3,2,850,1850,0,-1,1,2,2,333.17572667153502,655.24226248103901,322.06653580950399,-75.086013781478201,-165.33605960651201,-90.250045825033695,1.96665666201733,1,shell3-shell3,1
shell3-shell3,2,853,1853,0,-1,1,2,2,371.16599568787501,734.15856784786899,362.99257215999398,-37.095744765137297,-86.419754239681396,-49.324009474544098,1.97797906159821,1,shell3-shell3,1
shell3-shell3,2,856,1856,0,-1,1,2,2,344.23898989747602,680.63754693753197,336.39855704005601,-64.022750555536703,-139.94077515001899,-75.918024594482304,1.97722386746558,1,shell3-shell3,1
shell3-shell3,2,858,1858,0,-1,1,2,2,385.25548091230098,760.61872594917702,375.36324503687598,-23.006259540711302,-59.959596138373499,-36.953336597662201,1.9743229198141401,1,shell3-shell3,1
shell3-shell3,2,860,1860,0,-1,1,2,2,378.99562165928,759.35182918646206,380.35620752718199,-29.266118793733,-61.226492901089003,-31.960374107356099,2.0035899777995998,1,shell3-shell3,1
shell3-shell3,2,862,1862,0,-1,1,2,2,377.66650153905698,744.11367135646799,366.44716981741101,-30.595238913956202,-76.464650731083097,-45.869411817126903,1.9702930186396601,1,shell3-shell3,1
shell3-shell3,2,863,1863,0,-1,1,2,2,399.460773398188,793.30351951471698,393.84274611652899,-8.8009670548248096,-27.274802572833298,-18.473835518008499,1.98593597255153,1,shell3-shell3,1
shell3-shell3,2,868,1868,0,-1,1,2,2,388.98167038487099,798.287764806219,409.30609442134897,-19.280070068142201,-22.290557281331299,-3.0104872131891498,2.0522503387277098,1,shell3-shell3,1
shell3-shell3,2,879,1879,0,-1,1,2,2,395.95974788004099,785.56173353636802,389.60198565632697,-12.3019925729721,-35.016588551183098,-22.714595978211001,1.98394341278942,1,shell3-shell3,1
shell3-shell3,2,883,1883,0,-1,1,2,2,366.38695312551903,724.89163796862294,358.50468484310397,-41.8747873274936,-95.686684118927801,-53.8118967914343,1.9784864929955199,1,shell3-shell3,1
shell3-shell3,2,884,1884,0,-1,1,2,2,378.40973791300098,747.19978732754203,368.79004941454099,-29.852002540011501,-73.378534760008606,-43.526532219997101,1.97457864443047,1,shell3-shell3,1
shell3-shell3,2,894,1894,0,-1,1,3,3,369.58745601138099,727.330686168635,357.743230157254,-38.674284441631599,-93.247635918915407,-54.573351477283801,1.9679528467173899,1,shell3-shell3,1
shell3-shell3,2,896,1896,0,-1,1,2,2,365.76542264032202,723.17851909404806,357.41309645372598,-42.4963178126904,-97.399802993502604,-54.903485180812098,1.97716480107304,1,shell3-shell3,1
shell3-shell3,2,899,1899,0,-1,1,2,2,396.11533023806101,784.11681334272305,388.00148310466199,-12.1464102149518,-36.461508744828102,-24.315098529876298,1.9795164526237301,1,shell3-shell3,1
shell3-shell3,2,900,1900,0,-1,1,2,2,389.58481496108402,791.93378434226497,402.34896938118197,-18.6769254919292,-28.6445377452856,-9.9676122533563198,2.0327634803255199,1,shell3-shell3,1
shell3-shell3,2,921,1921,0,-1,1,2,2,370.13924084233003,760.31981235022499,390.18057150789502,-38.122499610682802,-60.258509737325802,-22.136010126642901,2.0541453822079401,1,shell3-shell3,1
shell3-shell3,2,923,1923,0,-1,1,2,2,378.77007527771701,747.76784619540695,368.99777091768999,-29.4916651752958,-72.810475892143899,-43.318810716848098,1.9741999038523299,1,shell3-shell3,1
shell3-shell3,2,924,1924,0,-1,1,2,2,362.76578466692098,740.70279952761302,377.93701486069301,-45.495955786092203,-79.875522559937494,-34.379566773845298,2.04182100637661,1,shell3-shell3,1
shell3-shell3,2,927,1927,0,-1,1,2,2,354.07886478190699,697.34580337654199,343.26693859463501,-54.182875671105798,-123.23251871100901,-69.049643039903302,1.9694646383541401,1,shell3-shell3,1
shell3-shell3,2,933,1933,0,-1,1,2,2,378.83001575465602,748.87763178527598,370.04761603062002,-29.431724698357002,-71.700690302275206,-42.268965603918303,1.9768170436375201,1,shell3-shell3,1
shell3-shell3,2,934,1934,0,-1,1,2,2,382.33571180860599,753.100908349458,370.765196540852,-25.9260286444065,-67.477413738092906,-41.551385093686399,1.96973728869579,1,shell3-shell3,1
shell3-shell3,2,936,1936,0,-1,1,3,3,381.86981925361999,751.55008782655398,369.68026857293398,-26.3919211993929,-69.028234260996598,-42.636313061603701,1.96807930329632,1,shell3-shell3,1
shell3-shell3,2,947,1947,0,-1,1,2,2,399.13122417594502,807.53781390597499,408.40658973003002,-9.1305162770678994,-13.040508181575399,-3.9099919045075402,2.0232388873439699,1,shell3-shell3,1
shell3-shell3,2,949,1949,0,-1,1,2,2,403.517638501151,799.27837582648101,395.76073732533001,-4.7441019518620404,-21.299946261069898,-16.555844309207799,1.98077679775131,1,shell3-shell3,1
shell3-shell3,2,950,1950,0,-1,1,2,2,358.07949808639199,725.46912832732505,367.389630240933,-50.182242366620898,-95.109193760226205,-44.926951393605201,2.02600018209447,1,shell3-shell3,1
shell3-shell3,2,952,1952,0,-1,1,2,2,396.840857261976,784.68592005949097,387.84506279751503,-11.420883191036999,-35.892402028060197,-24.4715188370233,1.9773314811218601,1,shell3-shell3,1
shell3-shell3,2,962,1962,0,-1,1,2,2,357.28586615131502,709.04430369694705,351.75843754563198,-50.9758743016978,-111.534018390604,-60.558144088905898,1.98452939472467,1,shell3-shell3,1
shell3-shell3,2,968,1968,0,-1,1,2,2,340.12324269611099,676.58132842098405,336.45808572487198,-68.138497756901501,-143.99699366656699,-75.858495909665507,1.98922403261187,1,shell3-shell3,1
shell3-shell3,2,980,1980,0,-1,1,2,2,388.41013247451599,767.09459236824296,378.68445989372702,-19.8516079784964,-53.483729719307803,-33.632121740811399,1.97496030157908,1,shell3-shell3,1
shell3-shell3,2,984,1984,0,-1,1,2,2,385.73743674965698,763.83179223373497,378.09435548407799,-22.5243037033554,-56.746529853815701,-34.222226150460202,1.9801857933987901,1,shell3-shell3,1
shell3-shell3,2,998,1998,0,-1,1,2,2,365.795550093087,720.51943638717,354.72388629408198,-42.466190359925299,-100.058885700381,-57.592695340455698,1.9697326449264101,1,shell3-shell3,1
shell3-shell3,1,13,13,0,-1,2,10,10,477.69043145902702,946.55979363304505,468.869362174017,69.428691006014603,125.981471545494,56.552780539479201,1.9815339209159599,2,shell3-shell3,1
shell3-shell3,1,17,17,0,-1,2,14,14,476.47564159246002,949.36603403863796,472.890392446178,68.213901139446804,128.787711951087,60.5738108116402,1.99247548282993,2,shell3-shell3,1
shell3-shell3,1,25,25,0,-1,2,6,6,443.78443460993498,890.04930345191599,446.26486884197999,35.522694156922498,69.470981364364803,33.948287207442299,2.00558927722245,2,shell3-shell3,1
shell3-shell3,1,35,35,0,-1,2,9,9,419.24038932088803,827.44897866787903,408.208589346991,10.9786488678753,6.8706565803286104,-4.1079922875466703,1.9736862185636099,2,shell3-shell3,1
shell3-shell3,1,39,39,0,-1,2,14,14,440.18283894917101,878.94527124299998,438.76243229382902,31.9210984961578,58.366949155449198,26.445850659291398,1.9967731439537,2,shell3-shell3,1
shell3-shell3,1,40,40,0,-1,2,5,5,407.32882841346401,808.03947676801397,400.71064835455002,-0.932912039548626,-12.538845319536399,-11.6059332799878,1.98375224242121,2,shell3-shell3,1
shell3-shell3,1,43,43,0,-1,2,8,8,452.62558953493999,904.75620236272505,452.130612827785,44.363849081927398,84.177880275174203,39.814031193246798,1.9989064323392201,2,shell3-shell3,1
shell3-shell3,1,44,44,0,-1,2,5,5,424.41415270948897,838.98105117669502,414.56689846720599,16.152412256476602,18.402729089144302,2.2503168326676901,1.976798006901,2,shell3-shell3,1
shell3-shell3,1,48,48,0,-1,2,13,13,460.717013495358,909.44445279409695,448.72743929873798,52.455273042345603,88.866130706546102,36.410857664200499,1.9739762721032199,2,shell3-shell3,1
shell3-shell3,1,52,52,0,-1,2,6,6,439.64175493079199,876.00086559916497,436.35911066837298,31.380014477779199,55.422543511614101,24.042529033834899,1.99253336557412,2,shell3-shell3,1
shell3-shell3,1,54,54,0,-1,2,12,12,431.417051461163,851.57138226874702,420.15433080758498,23.155311008150001,30.993060181196601,7.83774917304663,1.9738936590117799,2,shell3-shell3,1
shell3-shell3,1,58,58,0,-1,2,13,13,456.79586795895699,899.41238295324399,442.616514994287,48.534127505943999,78.834060865693104,30.2999333597492,1.96895910414421,2,shell3-shell3,1
shell3-shell3,1,59,59,0,-1,2,9,9,428.45126924629801,850.27063395298399,421.81936470668597,20.189528793284801,29.692311865433201,9.5027830721484197,1.98452121626042,2,shell3-shell3,1
shell3-shell3,1,61,61,0,-1,2,14,14,495.74187173072698,980.30075959904104,484.558887868314,87.480131277714605,159.72243751149,72.242306233775693,1.9774419218950099,2,shell3-shell3,1
shell3-shell3,1,62,62,0,-1,2,9,9,443.02369427772999,874.285279273215,431.26158499548501,34.761953824717402,53.706957185664002,18.9450033609467,1.97345038327708,2,shell3-shell3,1
shell3-shell3,1,63,63,0,-1,2,12,12,482.47894017808602,950.538118113211,468.05917793512498,74.2171997250733,129.95979602566001,55.742596300586897,1.97011317791894,2,shell3-shell3,1
shell3-shell3,1,65,65,0,-1,2,3,3,442.98776767894401,876.23213977758905,433.24437209864499,34.726027225930999,55.653817690037798,20.927790464106899,1.97800527172263,2,shell3-shell3,1
shell3-shell3,1,67,67,0,-1,2,11,11,450.28535161569903,886.44825471782701,436.16290310212901,42.023611162685803,65.869932630276494,23.846321467590698,1.96863666903021,2,shell3-shell3,1
shell3-shell3,1,68,68,0,-1,2,4,4,415.52722033091601,818.33639389575796,402.80917356484099,7.2654798779033198,-2.2419281917932499,-9.5074080696965702,1.9693929876460401,2,shell3-shell3,1
shell3-shell3,1,69,69,0,-1,2,7,7,426.15112863884798,863.21580972276001,437.06468108391198,17.889388185835099,42.637487635209297,24.748099449374202,2.0256095824031299,2,shell3-shell3,1
shell3-shell3,1,70,70,0,-1,2,8,8,456.94787634314099,906.35729400576497,449.409417662625,48.686135890128099,85.778971918214694,37.092836028086502,1.98350258515075,2,shell3-shell3,1
shell3-shell3,1,75,75,0,-1,2,10,10,428.46021206769598,845.90629343037995,417.44608136268403,20.198471614683299,25.3279713428294,5.1294997281461301,1.97429369076802,2,shell3-shell3,1
shell3-shell3,1,78,78,0,-1,2,2,2,377.72933212602402,744.81318681628397,367.08385469026001,-30.5324083269889,-75.765135271266701,-45.2327269442778,1.97181718090082,2,shell3-shell3,1
shell3-shell3,1,81,81,0,-1,2,5,5,412.26833277439101,817.81863765902301,405.55030488463098,4.0065923213785499,-2.7596844285282001,-6.7662767499067504,1.98370472006775,2,shell3-shell3,1
shell3-shell3,1,83,83,0,-1,2,6,6,432.30867440862397,863.87938618304202,431.57071177441901,24.0469339556108,43.301064095491697,19.2541301398809,1.9982929728735701,2,shell3-shell3,1
shell3-shell3,1,86,86,0,-1,2,15,15,462.99078765253603,918.59039205857403,455.599604406038,54.729047199523599,98.012069971023394,43.283022771499802,1.98403600364497,2,shell3-shell3,1
shell3-shell3,1,92,92,0,-1,2,12,12,451.50682865391599,888.371303808221,436.86447515430598,43.245088200902998,67.792981720670696,24.547893519767701,1.9675700286897899,2,shell3-shell3,1
shell3-shell3,1,94,94,0,-1,2,4,4,427.40006592842298,843.94931780342404,416.549251875001,19.1383254754105,23.3709957158731,4.2326702404625403,1.97461204403455,2,shell3-shell3,1
shell3-shell3,1,95,95,0,-1,2,7,7,447.70792081321298,905.72658376045104,458.018662947238,39.446180360200103,85.148261672900205,45.702081312700003,2.0230300641438199,2,shell3-shell3,1
shell3-shell3,1,96,96,0,-1,2,3,3,399.57535069672002,786.63495632514696,387.05960562842802,-8.6863897562930106,-33.943365762403303,-25.2569760061103,1.9686773845121599,2,shell3-shell3,1
shell3-shell3,1,99,99,0,-1,2,5,5,434.04459713040302,858.50082886232599,424.45623173192303,25.782856677389798,37.922506774775101,12.139650097385299,1.9779092621775001,2,shell3-shell3,1
shell3-shell3,1,100,100,0,-1,2,14,14,427.88775333500399,850.51922695884502,422.63147362384098,19.626012881991201,29.9409048712943,10.314891989303099,1.9877157509879799,2,shell3-shell3,1
shell3-shell3,1,102,102,0,-1,2,5,5,427.57856556826499,843.24198138651604,415.663415818251,19.3168251152523,22.6636592989653,3.34683418371299,1.9721334259724199,2,shell3-shell3,1
shell3-shell3,1,106,106,0,-1,2,2,2,395.96715399653198,796.77658124448703,400.809427247955,-12.294586456480801,-23.801740843063701,-11.507154386582901,2.0122289770819402,2,shell3-shell3,1
shell3-shell3,1,108,108,0,-1,2,4,4,402.38683972186101,800.19873751446301,397.811897792602,-5.8749007311516799,-20.379584573088099,-14.5046838419364,1.98863048818291,2,shell3-shell3,1
shell3-shell3,1,110,110,0,-1,2,5,5,439.636588833801,869.68006116138599,430.04347232758403,31.374848380788698,49.101739073835098,17.7268906930464,1.9781794401333499,2,shell3-shell3,1
shell3-shell3,1,112,112,0,-1,2,4,4,394.31831138400702,780.87870179295999,386.56039040895303,-13.943429069005999,-39.699620294591199,-25.756191225585201,1.9803257400148999,2,shell3-shell3,1
shell3-shell3,1,114,114,0,-1,2,5,5,467.42199203295399,1035.26345433234,567.84146229938597,59.160251579941502,214.68513224479,155.52488066484801,2.2148368540163901,2,shell3-shell3,1
shell3-shell3,1,115,115,0,-1,2,4,4,391.81224790536601,774.74820581384904,382.935957908484,-16.4494925476472,-45.8301162737013,-29.3806237260541,1.9773455525080299,2,shell3-shell3,1
shell3-shell3,1,117,117,0,-1,2,6,6,407.26932726659402,805.92511730549904,398.65579003890502,-0.99241318641850296,-14.6532047820514,-13.660791595632899,1.97885051328196,2,shell3-shell3,1
shell3-shell3,1,118,118,0,-1,2,7,7,418.09450183053502,828.12591000021303,410.031408169678,9.8327613775225,7.5475879126620402,-2.2851734648604598,1.98071466229392,2,shell3-shell3,1
shell3-shell3,1,120,120,0,-1,2,5,5,393.10822631574001,785.01832407521601,391.910097759476,-15.1535141372723,-35.559998012334297,-20.406483875062001,1.9969521661566501,2,shell3-shell3,1
shell3-shell3,1,122,122,0,-1,2,9,9,394.52991132342203,812.65124741873296,418.12133609531099,-13.7318291295904,-7.9270746688173404,5.8047544607730401,2.0597962894442001,2,shell3-shell3,1
shell3-shell3,1,123,123,0,-1,2,8,8,428.48060090322599,844.74137909944295,416.26077819621702,20.218860450213,24.163057011892001,3.9441965616789498,1.9714810362913799,2,shell3-shell3,1
shell3-shell3,1,124,124,0,-1,2,9,9,408.25171086842403,823.82417167265999,415.57246080423602,-0.010029584589005901,3.2458495851092302,3.2558791696982299,2.0179319516389498,2,shell3-shell3,1
shell3-shell3,1,126,126,0,-1,2,3,3,373.77660908232502,739.077678136136,365.30106905381098,-34.485131370687803,-81.500643951415,-47.015512580727098,1.97732458419663,2,shell3-shell3,1
shell3-shell3,1,128,128,0,-1,2,6,6,424.00727818000598,840.11343547987701,416.10615729987097,15.745537726993501,19.5351133923266,3.7895756653331301,1.98136560081221,2,shell3-shell3,1
shell3-shell3,1,129,129,0,-1,2,6,6,447.93293303098699,882.46573545210003,434.53280242111299,39.671192577973798,61.887413364549303,22.216220786575398,1.97008451573498,2,shell3-shell3,1
shell3-shell3,1,130,130,0,2,2,7,7,412.56398752146401,1226.53688516497,813.97289764350796,4.3022470684514902,405.95856307742099,401.65631600897001,2.9729615823561399,2,shell3-shell3,1
shell3-shell3,1,133,133,0,-1,2,3,3,364.51569221303998,727.28758356826904,362.771891355229,-43.746048239973199,-93.290738519282101,-49.544690279308803,1.9952161158077399,2,shell3-shell3,1
shell3-shell3,1,134,134,0,-1,2,5,5,445.14035703405699,881.000252434559,435.85989540050201,36.878616581044298,60.421930347008598,23.543313765964299,1.97915160580948,2,shell3-shell3,1
shell3-shell3,1,136,136,0,-1,2,5,5,391.99858078527302,772.82919334345104,380.83061255817802,-16.263159667739401,-47.7491287440996,-31.485969076360199,1.9715101819891201,2,shell3-shell3,1
shell3-shell3,1,138,138,0,-1,2,11,11,438.88824164908402,863.77257126351901,424.88432961443402,30.6265011960717,43.194249175968103,12.567747979896501,1.9680923052710799,2,shell3-shell3,1
shell3-shell3,1,141,141,0,-1,2,3,3,393.21944253522202,772.07673336451603,378.85729082929402,-15.0422979177903,-48.501588723034601,-33.459290805244301,1.9634754792048701,2,shell3-shell3,1
shell3-shell3,1,142,142,0,-1,2,2,2,374.14456531719998,739.00275148473895,364.85818616753801,-34.117175135812403,-81.575570602812107,-47.458395466999697,1.97517970322036,2,shell3-shell3,1
shell3-shell3,1,144,144,0,-1,2,10,10,443.00501587572302,876.75988019306101,433.75486431733799,34.743275422710198,56.181558105510199,21.438282682800001,1.9791195331274101,2,shell3-shell3,1
shell3-shell3,1,145,145,0,-1,2,7,7,412.77370351469602,814.94450249957902,402.17079898488299,4.5119630616831001,-5.6338195879718604,-10.145782649655001,1.9743130329293499,2,shell3-shell3,1
shell3-shell3,1,146,146,0,-1,2,6,6,478.72111709357102,940.936106005243,462.21498891167198,70.459376640558602,120.357783917692,49.8984072771337,1.9655203675114401,2,shell3-shell3,1
shell3-shell3,1,149,149,0,-1,2,7,7,406.61845473987199,805.02738306867104,398.40892832879899,-1.64328571314059,-15.5509390188799,-13.9076533057394,1.97981024639837,2,shell3-shell3,1
shell3-shell3,1,150,150,0,-1,2,4,4,424.46360452046599,834.78775714672997,410.32415262626398,16.201864067452799,14.209435059178899,-1.99242900827397,1.9666886589483299,2,shell3-shell3,1
shell3-shell3,1,155,155,0,-1,2,3,3,381.677330126725,763.43082342433797,381.75349329761298,-26.584410326287799,-57.147498663213,-30.563088336925301,2.0001995485843,2,shell3-shell3,1
shell3-shell3,1,156,156,0,-1,2,8,8,403.44387705391301,801.06427421392505,397.62039716001198,-4.8178633990994504,-19.514047873625401,-14.6961844745259,1.9855655762173801,2,shell3-shell3,1
shell3-shell3,1,157,157,0,-1,2,5,5,410.78905656533698,812.49171491457003,401.70265834923299,2.5273161123246299,-8.08660717298085,-10.6139232853055,1.9778806224973999,2,shell3-shell3,1
shell3-shell3,1,158,158,0,-1,2,5,5,421.40540503592001,833.73942764592096,412.334022610001,13.1436645829071,13.1611055583703,0.017440975463159699,1.9784735024337301,2,shell3-shell3,1
shell3-shell3,1,162,162,0,-1,2,2,2,360.40347629420302,719.71203180080295,359.30855550659999,-47.858264158810101,-100.866290286748,-53.008026127938003,1.99696195830612,2,shell3-shell3,1
shell3-shell3,1,163,163,0,-1,2,5,5,390.28064869290603,769.23770457884598,378.95705588594001,-17.9810917601067,-51.340617508704398,-33.359525748597697,1.9709860254540199,2,shell3-shell3,1
shell3-shell3,1,166,166,0,-1,2,6,6,422.4759109181,832.79833136260697,410.32242044450697,14.2141704650872,12.220009275055901,-1.99416119003138,1.9712327018901901,2,shell3-shell3,1
shell3-shell3,1,168,168,0,-1,2,4,4,417.544837335507,824.16789583736102,406.62305850185498,9.2830968824939593,3.5895737498107101,-5.6935231326832501,1.97384285983908,2,shell3-shell3,1
shell3-shell3,1,169,169,0,-1,2,3,3,384.203112342922,758.38671247630703,374.18360013338599,-24.058628110091099,-62.1916096112435,-38.1329815011524,1.9739213143057699,2,shell3-shell3,1
shell3-shell3,1,170,170,0,-1,2,5,5,396.83299676234998,785.02380759962796,388.19081083727798,-11.4287436906632,-35.554514487922702,-24.125770797259499,1.97822210855554,2,shell3-shell3,1
shell3-shell3,1,175,175,0,-1,2,6,6,417.84085429029,826.45786417778004,408.61700988748998,9.5791138372772995,5.8795420902288198,-3.6995717470484801,1.97792498194446,2,shell3-shell3,1
shell3-shell3,1,178,178,0,-1,2,6,6,428.40523463487,851.29913023048505,422.89389559561602,20.143494181856799,30.720808142934601,10.577313961077801,1.98713522012879,2,shell3-shell3,1
shell3-shell3,1,179,179,0,-1,2,8,8,439.81562707447301,877.50308628279197,437.68745920831901,31.553886621459899,56.924764195240897,25.370877573781002,1.9951612272617301,2,shell3-shell3,1
shell3-shell3,1,181,181,0,-1,2,4,4,403.681373942623,796.73743883111899,393.056064888496,-4.5803665103899203,-23.840883256431901,-19.260516746042001,1.9736789712382501,2,shell3-shell3,1
shell3-shell3,1,182,182,0,-1,2,2,2,382.56419128210302,764.232787934616,381.66859665251201,-25.697549170909401,-56.345534152935002,-30.647984982025601,1.99765896900442,2,shell3-shell3,1
shell3-shell3,1,183,183,0,-1,2,7,7,411.54831601337202,815.61856238965595,404.07024637628399,3.2865755603589801,-4.9597596978949197,-8.2463352582539091,1.98182942476955,2,shell3-shell3,1
shell3-shell3,1,184,184,0,-1,2,5,5,421.52900940088898,859.15968468459505,437.63067528370601,13.2672689478765,38.581362597044397,25.314093649167901,2.03819823908609,2,shell3-shell3,1
shell3-shell3,1,189,189,0,-1,2,2,2,375.03282729860001,740.58412330381896,365.551296005219,-33.228913154412901,-79.994198783732301,-46.765285629319401,1.97471812971233,2,shell3-shell3,1
shell3-shell3,1,190,190,0,-1,2,6,6,423.09626244988698,845.43619164815595,422.33992919826898,14.8345219968742,24.857869560605401,10.0233475637312,1.9982123849375599,2,shell3-shell3,1
shell3-shell3,1,191,191,0,-1,2,8,8,419.99237079102699,850.20264536986895,430.21027457884099,11.7306303380147,29.624323282318102,17.8936929443034,2.0243287842790298,2,shell3-shell3,1
shell3-shell3,1,192,192,0,-1,2,2,2,380.25815648398401,747.43975453091196,367.181598046928,-28.003583969028998,-73.138567556638904,-45.134983587609902,1.96561136634657,2,shell3-shell3,1
shell3-shell3,1,193,193,0,-1,2,4,4,389.55952566396701,770.66773104725803,381.10820538329102,-18.702214789046099,-49.910591040293198,-31.208376251247099,1.97830544570494,2,shell3-shell3,1
shell3-shell3,1,194,194,0,-1,2,7,7,431.63314607524001,850.98288759749903,419.34974152225902,23.371405622227101,30.404565509948299,7.0331598877211796,1.9715420266847601,2,shell3-shell3,1
shell3-shell3,1,195,195,0,-1,2,7,7,417.77202760906198,822.02168232495603,404.24965471589502,9.5102871560488893,1.4433602374057299,-8.0669269186431602,1.96763217257374,2,shell3-shell3,1
shell3-shell3,1,197,197,0,-1,2,8,8,409.827333900209,807.00299557947596,397.17566167926702,1.5655934471966999,-13.5753265080746,-15.140919955271301,1.9691292620710801,2,shell3-shell3,1
shell3-shell3,1,198,198,0,-1,2,3,3,412.70864650695597,812.19264136696802,399.48399486001199,4.4469060539429996,-8.38568072058297,-12.832586774526,1.96795644637234,2,shell3-shell3,1
shell3-shell3,1,202,202,0,-1,2,5,5,430.61771656277602,849.233170357875,418.61545379509897,22.355976109763699,28.6548482703245,6.2988721605607303,1.9721278008172101,2,shell3-shell3,1
shell3-shell3,1,205,205,0,-1,2,3,3,394.92488043274199,780.78407458507195,385.85919415233099,-13.336860020271001,-39.794247502478399,-26.457387482207299,1.9770445299104,2,shell3-shell3,1
shell3-shell3,1,206,206,0,-1,2,5,5,407.64674870799303,802.91066569480597,395.263916986813,-0.61499174501926701,-17.6676563927446,-17.052664647725301,1.9696236220197301,2,shell3-shell3,1
shell3-shell3,1,211,211,0,-1,2,5,5,430.70436264936501,855.13330284460199,424.42894019523698,22.442622196352499,34.554980757051297,12.112358560698899,1.9854298609479399,2,shell3-shell3,1
shell3-shell3,1,212,212,0,-1,2,6,6,385.57253888847401,761.49460035475397,375.92206146628098,-22.6892015645392,-59.083721732796398,-36.394520168257301,1.9749710457855401,2,shell3-shell3,1
shell3-shell3,1,216,216,0,-1,2,5,5,423.59654703974599,897.24844426804304,473.651897228297,15.334806586733301,76.6701221804921,61.3353155937588,2.1181675123141499,2,shell3-shell3,1
shell3-shell3,1,217,217,0,-1,2,7,7,416.71632508707302,827.14360330841805,410.42727822134498,8.45458463405987,6.5652812208672904,-1.8893034131925801,1.9849080861796999,2,shell3-shell3,1
shell3-shell3,1,218,218,0,-1,2,4,4,406.02168379638698,801.99432371936302,395.97263992297599,-2.2400566566258799,-18.5839983681878,-16.343941711562,1.9752499822683101,2,shell3-shell3,1
shell3-shell3,1,219,219,0,-1,2,4,4,389.53458149213702,767.83908200025405,378.30450050811697,-18.727158960875801,-52.739240087296899,-34.012081126421101,1.9711705160014199,2,shell3-shell3,1
shell3-shell3,1,220,220,0,-1,2,3,3,440.373470760808,890.84524055487498,450.47176979406697,32.111730307795099,70.266918467324601,38.155188159529402,2.0229312156697699,2,shell3-shell3,1
shell3-shell3,1,225,225,0,-1,2,3,3,386.66905528498899,760.34455951354903,373.67550422855999,-21.592685168024001,-60.233762574002,-38.641077405978002,1.96639619623336,2,shell3-shell3,1
shell3-shell3,1,226,226,0,-1,2,11,11,411.87100888197301,812.54184674793305,400.67083786595902,3.6092684289605499,-8.0364753396181605,-11.645743768578701,1.97280660504264,2,shell3-shell3,1
shell3-shell3,1,227,227,0,-1,2,3,3,366.90027901411298,723.33297728687296,356.432698272761,-41.3614614389002,-97.2453448006776,-55.8838833617774,1.9714702295417199,2,shell3-shell3,1
shell3-shell3,1,232,232,0,-1,2,3,3,398.83478647499902,793.36700644620703,394.53221997120801,-9.4269539780138398,-27.2113156413435,-17.784361663329701,1.9892121583931599,2,shell3-shell3,1
shell3-shell3,1,233,233,0,-1,2,3,3,378.60807587366997,746.94969556384603,368.341619690176,-29.653664579343101,-73.628626523705194,-43.9749619443621,1.97288368411106,2,shell3-shell3,1
shell3-shell3,1,236,236,0,-1,2,7,7,414.98204841158099,839.57846284658797,424.59641443500601,6.7203079585685801,19.000140759036899,12.2798328004683,2.02316814922531,2,shell3-shell3,1
shell3-shell3,1,237,237,0,-1,2,3,3,422.01119771017301,843.29924614971003,421.28804843953702,13.7494572571605,22.720924062159401,8.9714668049988404,1.9982864216054901,2,shell3-shell3,1
shell3-shell3,1,239,239,0,-1,2,3,3,405.23822844574499,822.59478491424602,417.35655646850103,-3.02351200726741,2.0164628266951499,5.0399748339625603,2.02990420738249,2,shell3-shell3,1
shell3-shell3,1,241,241,0,-1,2,4,4,411.98643866173097,908.70133348549098,496.71489482376001,3.7246982087178799,88.123011397940004,84.398313189222094,2.20565836205011,2,shell3-shell3,1
shell3-shell3,1,244,244,0,-1,2,4,4,430.19226923963203,849.49214003684096,419.299870797209,21.930528786619199,28.913817949290198,6.9832891626710403,1.9746801622872601,2,shell3-shell3,1
shell3-shell3,1,245,245,0,-1,2,4,4,390.94810956170801,797.50079465230601,406.552685090598,-17.3136308913043,-23.077527435244701,-5.7638965439404002,2.0399146974937001,2,shell3-shell3,1
shell3-shell3,1,247,247,0,-1,2,6,6,393.18292677155,773.91662217712303,380.733695405574,-15.0788136814631,-46.661699910427501,-31.582886228964401,1.96833730429702,2,shell3-shell3,1
shell3-shell3,1,248,248,0,-1,2,3,3,369.17929490743899,775.59459643002299,406.415301522584,-39.0824455455733,-44.983725657527302,-5.9012801119540104,2.1008615789909899,2,shell3-shell3,1
shell3-shell3,1,250,250,0,-1,2,2,2,394.54256035434202,780.05285860800996,385.510298253668,-13.719180098671099,-40.525463479540797,-26.806283380869701,1.9771070018591601,2,shell3-shell3,1
shell3-shell3,1,253,253,0,-1,2,4,4,423.27845377314497,831.43153889361997,408.153085120475,15.016713320132499,10.8532168060696,-4.1634965140629001,1.96426615028986,2,shell3-shell3,1
shell3-shell3,1,257,257,0,-1,2,3,3,392.83144091396099,774.88206103310995,382.05062011914998,-15.4302995390521,-45.696261054440399,-30.265961515388302,1.9725561152393301,2,shell3-shell3,1
shell3-shell3,1,258,258,0,-1,2,4,4,382.86994641473302,759.84334615866101,376.97339974392798,-25.391794038279802,-60.734975928890002,-35.343181890610197,1.9845990871677901,2,shell3-shell3,1
shell3-shell3,1,260,260,0,-1,2,6,6,437.533927919414,862.561983504517,425.02805558510403,29.272187466400801,41.983661416966598,12.7114739505658,1.97141736552002,2,shell3-shell3,1
shell3-shell3,1,262,262,0,-1,2,11,11,422.964434577509,838.032198003198,415.06776342568799,14.702694124496601,17.453875915647,2.7511817911504299,1.9813301769457099,2,shell3-shell3,1
shell3-shell3,1,266,266,0,-1,2,5,5,393.57476149411502,778.01325488885198,384.43849339473701,-14.686978958897599,-42.565067198698401,-27.878088239800899,1.97678644823491,2,shell3-shell3,1
shell3-shell3,1,267,267,0,-1,2,4,4,375.57479986622701,743.05476508938204,367.47996522315498,-32.686940586785603,-77.523556998168402,-44.8366164113827,1.97844681100554,2,shell3-shell3,1
shell3-shell3,1,269,269,0,-1,2,13,13,417.8551739257,824.36397011272197,406.50879618702203,9.5934334726874795,3.7856480251711,-5.8077854475163804,1.97284614754897,2,shell3-shell3,1
shell3-shell3,1,272,272,0,-1,2,2,2,381.94794553563298,756.78227630830997,374.83433077267603,-26.313794917379301,-63.796045779240998,-37.4822508618618,1.98137543388804,2,shell3-shell3,1
shell3-shell3,1,275,275,0,-1,2,6,6,405.9384749628,801.843253033221,395.904778070421,-2.32326549021252,-18.735069054330001,-16.411803564117498,1.97528271521122,2,shell3-shell3,1
shell3-shell3,1,276,276,0,-1,2,4,4,398.03307500015802,813.161289433099,415.12821443294098,-10.228665452854999,-7.4170326544522096,2.8116327984027398,2.0429490424452199,2,shell3-shell3,1
shell3-shell3,1,277,277,0,-1,2,6,6,429.62028269001797,848.56117814794504,418.94089545792701,21.358542237005199,27.982856060394401,6.6243138233891701,1.97514226478037,2,shell3-shell3,1
shell3-shell3,1,278,278,0,-1,2,4,4,408.20810447124398,806.24179591858297,398.03369144733801,-0.053635981768479703,-14.336526168968,-14.2828901871995,1.97507542620428,2,shell3-shell3,1
shell3-shell3,1,279,279,0,-1,2,3,3,359.25796701946501,717.61666408629299,358.35869706682701,-49.003773433547501,-102.961658001258,-53.9578845677106,1.9974968684477701,2,shell3-shell3,1
shell3-shell3,1,280,280,0,-1,2,5,5,375.02766132444202,743.33598862892904,368.30832730448799,-33.234079128571203,-77.242333458621601,-44.008254330050399,1.9820830975607899,2,shell3-shell3,1
shell3-shell3,1,281,281,0,-1,2,7,7,419.45666485817401,848.60951104101798,429.15284618284397,11.194924405161499,28.031188953467101,16.8362645483056,2.0231160502073502,2,shell3-shell3,1
shell3-shell3,1,282,282,0,-1,2,4,4,426.06713395731703,843.07261138047704,417.00547742315899,17.8053935043047,22.494289292925899,4.6888957886212701,1.97873185746576,2,shell3-shell3,1
shell3-shell3,1,283,283,0,-1,2,2,2,388.42840702876703,768.89189893979005,380.46349191102303,-19.833333424246,-51.686423147761197,-31.8530897235152,1.9794945092232801,2,shell3-shell3,1
shell3-shell3,1,284,284,0,-1,2,14,14,424.17711636077797,882.41199586614698,458.23487950536901,15.915375907765,61.8336737785963,45.918297870831303,2.0802913731810699,2,shell3-shell3,1
shell3-shell3,1,290,290,0,-1,2,3,3,341.26008318750303,672.35130971678996,331.09122652928698,-67.001657265509607,-148.227012370761,-81.225355105251197,1.9702020331143499,2,shell3-shell3,1
shell3-shell3,1,291,291,0,-1,2,7,7,422.24881675224799,841.90905055108794,419.66023379884001,13.987076299234801,21.330728463537099,7.3436521643022301,1.9938695317767401,2,shell3-shell3,1
shell3-shell3,1,292,292,0,-1,2,6,6,403.03160874538901,797.82000993485099,394.78840118946198,-5.2301317076237996,-22.7583121526993,-17.528180445075499,1.9795469948831399,2,shell3-shell3,1
shell3-shell3,1,293,293,0,-1,2,2,2,374.424307619518,738.50666084629495,364.08235322677803,-33.8374328334952,-82.071661241255399,-48.234228407760199,1.9723790518342901,2,shell3-shell3,1
shell3-shell3,1,294,294,0,-1,2,2,2,327.30867918657299,669.271082443002,341.96240325642799,-80.953061266439406,-151.30723964454901,-70.354178378109694,2.0447703498308498,2,shell3-shell3,1
shell3-shell3,1,295,295,0,-1,2,7,7,404.470104753768,802.23771662173601,397.76761186796801,-3.7916356992448601,-18.340605465814502,-14.5489697665697,1.9834289535690699,2,shell3-shell3,1
shell3-shell3,1,296,296,0,-1,2,2,2,349.30609281905203,690.46233194110096,341.15623912204899,-58.955647633960801,-130.11599014645,-71.160342512489095,1.97666844677334,2,shell3-shell3,1
shell3-shell3,1,297,297,0,-1,2,2,2,365.82255543373401,720.674375774905,354.85182034117099,-42.439185019278497,-99.903946312645601,-57.464761293367097,1.97001077454189,2,shell3-shell3,1
shell3-shell3,1,298,298,0,-1,2,2,2,400.73999553554398,791.83180811157604,391.091812576032,-7.5217449174687703,-28.746513975975201,-21.2247690585064,1.97592408277936,2,shell3-shell3,1
shell3-shell3,1,300,300,0,-1,2,4,4,414.27237865548898,824.77145011263406,410.49907145714502,6.0106382024761702,4.1931280250836398,-1.81751017739253,1.9908917239170301,2,shell3-shell3,1
shell3-shell3,1,303,303,0,-1,2,5,5,416.36540666932899,865.14047564350096,448.775068974173,8.1036662163159008,44.562153555950701,36.4584873396348,2.0778394693356099,2,shell3-shell3,1
shell3-shell3,1,304,304,0,-1,2,3,3,381.52028801147799,752.61258619457499,371.09229818309598,-26.741452441534499,-67.965735892976198,-41.2242834514417,1.9726672731279,2,shell3-shell3,1
shell3-shell3,1,308,308,0,-1,2,5,5,420.41599794600501,834.13491065575397,413.71891270974902,12.1542574929924,13.5565885682032,1.40233107521084,1.98407033683548,2,shell3-shell3,1
shell3-shell3,1,310,310,0,-1,2,2,2,375.37188329187501,754.41273587731996,379.04085258544598,-32.889857161137897,-66.165586210230302,-33.275729049092398,2.0097742251268098,2,shell3-shell3,1
shell3-shell3,1,312,312,0,-1,2,3,3,391.24338781614,774.08258564022503,382.83919782408498,-17.018352636872802,-46.495736447326202,-29.4773838104534,1.97851927916542,2,shell3-shell3,1
shell3-shell3,1,313,313,0,-1,2,6,6,387.22439606939599,763.12680278287496,375.90240671347902,-21.0373443836164,-57.451519304675898,-36.414174921059498,1.9707611672434799,2,shell3-shell3,1
shell3-shell3,1,316,316,0,-1,2,3,3,352.68583169794903,719.82362038618498,367.13778868823601,-55.575908755063402,-100.754701701366,-45.178792946302302,2.0409768572803402,2,shell3-shell3,1
shell3-shell3,1,319,319,0,-1,2,4,4,404.39939281506201,837.90636792110399,433.50697510604101,-3.8623476379502799,17.3280458335528,21.1903934715031,2.0719773145265101,2,shell3-shell3,1
shell3-shell3,1,322,322,0,-1,2,5,5,411.37913099660801,813.09681566907602,401.71768467246898,3.1173905435948699,-7.4815064184746198,-10.598896962069499,1.9765144957627401,2,shell3-shell3,1
shell3-shell3,1,323,323,0,-1,2,7,7,411.33557892999602,812.06986224443494,400.73428331444001,3.0738384769827598,-8.5084598431157001,-11.5822983200985,1.9742271367744699,2,shell3-shell3,1
shell3-shell3,1,324,324,0,-1,2,2,2,365.59541948939102,723.22311466018095,357.62769517078999,-42.666320963621999,-97.355207427369805,-54.688886463747799,1.9782061702804501,2,shell3-shell3,1
shell3-shell3,1,325,325,0,-1,2,3,3,373.60000174307299,735.47257566440805,361.87257392133603,-34.661738709940202,-85.105746423142506,-50.444007713202303,1.9686096687178201,2,shell3-shell3,1
shell3-shell3,1,326,326,0,-1,2,4,4,399.65619834662903,796.56614637672101,396.90994803009198,-8.6055421063838899,-24.012175710829499,-15.4066336044456,1.9931284680985899,2,shell3-shell3,1
shell3-shell3,1,328,328,0,-1,2,3,3,346.85209516239303,696.296497943242,349.44440278084897,-61.4096452906198,-124.281824144309,-62.872178853689199,2.0074738127709502,2,shell3-shell3,1
shell3-shell3,1,329,329,0,-1,2,3,3,416.34533235886198,820.40911349319197,404.06378113432902,8.0835919058496906,-0.16920859435890601,-8.2528005002085898,1.9705015277703499,2,shell3-shell3,1
shell3-shell3,1,330,330,0,-1,2,3,3,399.531618771887,786.38769797430405,386.85607920241699,-8.7301216811254108,-34.1906241132464,-25.460502432121,1.9682740014208799,2,shell3-shell3,1
shell3-shell3,1,331,331,0,-1,2,9,9,417.102176725096,818.65416997145701,401.55199324636101,8.8404362720832008,-1.9241521160938599,-10.764588388177099,1.96271852714645,2,shell3-shell3,1
shell3-shell3,1,333,333,0,-1,2,3,3,388.87045249855601,769.26977383914902,380.39932134059302,-19.391287954456601,-51.308548248401401,-31.9172602939448,1.97821605857803,2,shell3-shell3,1
shell3-shell3,1,334,334,0,-1,2,2,2,325.83422277101999,642.39528606768397,316.56106329666397,-82.427517681992896,-178.18303601986599,-95.755518337873596,1.97154025321376,2,shell3-shell3,1
shell3-shell3,1,335,335,0,-1,2,5,5,404.87625692014399,799.872274406016,394.99601748587202,-3.3854835328692201,-20.7060476815351,-17.320564148665898,1.9755968909873101,2,shell3-shell3,1
shell3-shell3,1,337,337,0,-1,2,4,4,418.391363737456,825.26874616838995,406.87738243093401,10.1296232844428,4.6904240808389703,-5.4391992036038301,1.97248035618215,2,shell3-shell3,1
shell3-shell3,1,339,339,0,-1,2,3,3,376.40828599979397,747.56005286858306,371.15176686878903,-31.853454453218301,-73.018269218967603,-41.164814765749298,1.98603505999597,2,shell3-shell3,1
shell3-shell3,1,340,340,0,-1,2,5,5,419.601158884168,830.12308888319001,410.52192999902297,11.3394184311549,9.5447667956393598,-1.79465163551549,1.9783622406828201,2,shell3-shell3,1
shell3-shell3,1,343,343,0,-1,2,2,2,373.10761085538599,737.752669950788,364.64505909540298,-35.154129597627197,-82.825652136762599,-47.671522539135402,1.9773187372388801,2,shell3-shell3,1
shell3-shell3,1,344,344,0,-1,2,4,4,384.00985455139198,755.97525624851801,371.96540169712603,-24.251885901620501,-64.603065839032496,-40.351179937411999,1.96863504227427,2,shell3-shell3,1
shell3-shell3,1,347,347,0,-1,2,3,3,401.15805452273997,792.48856826283895,391.33051374009898,-7.1036859302729498,-28.089753824712101,-20.986067894439199,1.9755020728816399,2,shell3-shell3,1
shell3-shell3,1,350,350,0,-1,2,2,2,367.351059497954,765.89108826444897,398.54002876649503,-40.910680955058403,-54.687233823101302,-13.7765528680429,2.0849023528370001,2,shell3-shell3,1
shell3-shell3,1,353,353,0,-1,2,6,6,417.531391572399,823.13074229508595,405.59935072268598,9.2696511193867099,2.5524202075350799,-6.7172309118516296,1.9714224101694999,2,shell3-shell3,1
shell3-shell3,1,354,354,0,-1,2,3,3,360.28827398553102,712.101898985714,351.81362500018298,-47.973466467481998,-108.476423101837,-60.502956634354497,1.9764781437608301,2,shell3-shell3,1
shell3-shell3,1,355,355,0,-1,2,6,6,442.447850576093,874.78035366767199,432.33250309157899,34.186110123080198,54.202031580121101,20.0159214570409,1.9771377633062399,2,shell3-shell3,1
shell3-shell3,1,357,357,0,-1,2,2,2,387.25957137033703,762.30736577123605,375.04779440089902,-21.002169082675898,-58.270956316314901,-37.268787233639003,1.96846617134284,2,shell3-shell3,1
shell3-shell3,1,358,358,0,-1,2,3,3,386.72922439956898,762.97279298214801,376.24356858258,-21.532516053444098,-57.605529105402397,-36.073013051958398,1.97288631126011,2,shell3-shell3,1
shell3-shell3,1,359,359,0,-1,2,2,2,369.54856711629202,729.42577710616297,359.87720998986998,-38.713173336720502,-91.152544981388203,-52.439371644667702,1.97382926633462,2,shell3-shell3,1
shell3-shell3,1,362,362,0,-1,2,3,3,375.96397911358201,738.16013784860399,362.19615873502198,-32.297761339430998,-82.418184238947006,-50.120422899516001,1.96337994823062,2,shell3-shell3,1
shell3-shell3,1,364,364,0,-1,2,4,4,402.92892531312998,810.427058206129,407.498132892998,-5.3328151398824799,-10.1512638814221,-4.8184487415396102,2.0113399840339499,2,shell3-shell3,1
shell3-shell3,1,366,366,0,-1,2,4,4,397.21061775025601,792.95988988920499,395.74927213894898,-11.051122702757199,-27.618432198346099,-16.567309495588901,1.99632098049246,2,shell3-shell3,1
shell3-shell3,1,369,369,0,-1,2,2,2,363.94320733950599,722.16625673290901,358.22304939340199,-44.318533113506497,-98.412065354642195,-54.093532241135698,1.9842828281150799,2,shell3-shell3,1
shell3-shell3,1,375,375,0,-1,2,4,4,392.75182094789398,784.41924199277105,391.66742104487702,-15.5099195051184,-36.159080094779597,-20.6491605896612,1.99723896912712,2,shell3-shell3,1
shell3-shell3,1,376,376,0,-1,2,4,4,384.38450964984298,756.29240188443498,371.90789223459097,-23.8772308031694,-64.285920203116007,-40.408689399946603,1.96754131058346,2,shell3-shell3,1
shell3-shell3,1,377,377,0,-1,2,2,2,353.88367990835502,725.02154308820502,371.13786317985,-54.378060544658098,-95.556778999346093,-41.178718454688003,2.04875665155275,2,shell3-shell3,1
shell3-shell3,1,379,379,0,-1,2,4,4,391.15076881759398,773.28396677277203,382.13319795517901,-17.1109716354188,-47.294355314778301,-30.183383679359501,1.9769460484772301,2,shell3-shell3,1
shell3-shell3,1,380,380,0,-1,2,2,2,363.87508038283403,717.07663948446395,353.20155910162902,-44.386660070178401,-103.501682603087,-59.115022532908803,1.97066707269436,2,shell3-shell3,1
shell3-shell3,1,381,381,0,-1,2,2,2,359.52673960466399,713.80700350352197,354.28026389885798,-48.735000848348399,-106.771318584029,-58.036317735680399,1.9854072725951499,2,shell3-shell3,1
shell3-shell3,1,382,382,0,-1,2,5,5,384.11401543064397,763.42774522889397,379.31372979824999,-24.147725022369102,-57.150576858656997,-33.002851836287903,1.98750296672458,2,shell3-shell3,1
shell3-shell3,1,384,384,0,-1,2,2,2,395.972146920998,785.37875520079206,389.406608279794,-12.2895935320152,-35.1995668867592,-22.909973354744,1.98341919073789,2,shell3-shell3,1
shell3-shell3,1,385,385,0,-1,2,2,2,369.63362933499099,726.42023307537897,356.78660374038799,-38.6281111180217,-94.1580890121718,-55.5299778941501,1.96524389402091,2,shell3-shell3,1
shell3-shell3,1,387,387,0,-1,2,3,3,387.75672738875198,763.22302373995899,375.46629635120701,-20.505013064260499,-57.355298347591301,-36.850285283330798,1.9683037580796801,2,shell3-shell3,1
shell3-shell3,1,388,388,0,-1,2,3,3,399.25838196416998,789.43749588206902,390.17911391789897,-9.0033584888427605,-31.140826205482,-22.1374677166392,1.97725966828397,2,shell3-shell3,1
shell3-shell3,1,389,389,0,-1,2,3,3,414.06148430204797,819.09690094056305,405.03541663851502,5.799743849035,-1.4814211469879399,-7.2811649960229401,1.9782011416040099,2,shell3-shell3,1
shell3-shell3,1,390,390,0,-1,2,2,2,363.92805662478202,717.35257600371403,353.42451937893202,-44.333683828230797,-103.225746083837,-58.892062255605801,1.9711384240520899,2,shell3-shell3,1
shell3-shell3,1,395,395,0,-1,2,3,3,392.46462378312401,776.36164827786399,383.89702449473998,-15.7971166698884,-44.216673809686398,-28.419557139797998,1.97816975398751,2,shell3-shell3,1
shell3-shell3,1,397,397,0,-1,2,2,2,384.35506688835198,758.41588859637704,374.060821708025,-23.906673564660501,-62.1624334911739,-38.255759926513399,1.97321683498629,2,shell3-shell3,1
shell3-shell3,1,398,398,0,-1,2,3,3,394.48971637944101,782.96712193420501,388.47740555476298,-13.772024073571499,-37.611200153346097,-23.8391760797746,1.9847592710911299,2,shell3-shell3,1
shell3-shell3,1,399,399,0,-1,2,9,9,388.41978967659401,768.46707076614496,380.04728108955101,-19.841950776418599,-52.111251321405497,-32.269300544986798,1.9784446910029601,2,shell3-shell3,1
shell3-shell3,1,402,402,0,-1,2,5,5,379.694914761505,749.04470607805104,369.34979131654597,-28.5668256915081,-71.533616009499596,-42.966790317991503,1.9727541164161899,2,shell3-shell3,1
shell3-shell3,1,403,403,0,-1,2,3,3,376.39171761396398,742.81414504459099,366.42242743062798,-31.870022839049099,-77.764177042959304,-45.894154203910297,1.9735135240314701,2,shell3-shell3,1
shell3-shell3,1,404,404,0,-1,2,2,2,329.24884570733002,657.87721088703404,328.62836517970402,-79.0128947456828,-162.701111200517,-83.688216454834006,1.9981154663540499,2,shell3-shell3,1
shell3-shell3,1,406,406,0,-1,2,2,2,383.00416580280103,753.11171167488897,370.107545872088,-25.257574650212099,-67.466610412662106,-42.2090357624501,1.96632772935072,2,shell3-shell3,1
shell3-shell3,1,412,412,0,-1,2,5,5,403.01357665722298,822.12832291697703,419.11474625975399,-5.2481637957901599,1.5500008294260399,6.7981646252161996,2.0399519285084202,2,shell3-shell3,1
shell3-shell3,1,414,414,0,-1,2,3,3,359.69784299762898,708.52595841633297,348.82811541870399,-48.563897455384101,-112.052363671218,-63.488466215833903,1.96978094867531,2,shell3-shell3,1
shell3-shell3,1,415,415,0,-1,2,4,4,371.11698400329698,731.41030324218696,360.29331923888998,-37.1447564497158,-89.168018845364003,-52.023262395648203,1.97083489780594,2,shell3-shell3,1
shell3-shell3,1,416,416,0,-1,2,2,2,347.73833971148798,715.02778500663896,367.28944529515098,-60.523400741524597,-105.55053708091199,-45.027136339387397,2.0562236122708901,2,shell3-shell3,1
shell3-shell3,1,420,420,0,-1,2,4,4,378.893165198622,746.779468318098,367.88630311947702,-29.3685752543911,-73.798853769452606,-44.430278515061502,1.97094995874794,2,shell3-shell3,1
shell3-shell3,1,421,421,0,-1,2,2,2,369.69113857414402,745.545574609661,375.85443603551698,-38.570601878869198,-75.032747477890098,-36.4621455990209,2.0166714773990702,2,shell3-shell3,1
shell3-shell3,1,422,422,0,-1,2,3,3,383.87489856109698,755.42905432515499,371.55415576405801,-24.386841891915701,-65.149267762395894,-40.7624258704802,1.96790427599402,2,shell3-shell3,1
shell3-shell3,1,423,423,0,-1,2,5,5,399.44753740432202,794.16499390174499,394.71745649742297,-8.8142030486908407,-26.413328185806101,-17.599125137115301,1.98815844268903,2,shell3-shell3,1
shell3-shell3,1,424,424,0,-1,2,2,2,342.48121190244302,679.82318185803604,337.34196995559199,-65.7805285505694,-140.75514022951501,-74.974611678945706,1.98499409086325,2,shell3-shell3,1
shell3-shell3,1,425,425,0,-1,2,2,2,371.18995480592997,731.25188387263802,360.06192906670702,-37.0717856470824,-89.326438214913196,-52.254652567830803,1.97002067110075,2,shell3-shell3,1
shell3-shell3,1,426,426,0,-1,2,2,2,352.81956803426601,698.81807506969199,345.998507035427,-55.442172418746999,-121.76024701785801,-66.318074599111497,1.98066699917796,2,shell3-shell3,1
shell3-shell3,1,428,428,0,-1,2,4,4,362.94489175241102,716.46328885814705,353.51839710573603,-45.316848700601298,-104.115033229403,-58.798184528802203,1.97402775225417,2,shell3-shell3,1
shell3-shell3,1,430,430,0,-1,2,7,7,403.37453070358902,794.55186970011403,391.17733899652598,-4.8872097494239597,-26.0264523874364,-21.139242638012401,1.96976211739053,2,shell3-shell3,1
shell3-shell3,1,432,432,0,-1,2,3,3,353.68338917311002,711.39094424312395,357.707555070014,-54.578351279902598,-109.187377844427,-54.6090265645241,2.0113778764287198,2,shell3-shell3,1
shell3-shell3,1,436,436,0,-1,2,2,2,370.13567261607602,727.29009577462796,357.15442315855199,-38.126067836936897,-93.288226312922802,-55.162158475985898,1.9649284021565001,2,shell3-shell3,1
shell3-shell3,1,437,437,0,-1,2,2,2,376.56152763467298,941.12109392671903,564.55956629204502,-31.700212818339299,120.542771839168,152.24298465750701,2.4992491926571998,2,shell3-shell3,1
shell3-shell3,1,438,438,0,-1,2,3,3,380.05301080174098,756.16419034730097,376.11117954555999,-28.208729651271401,-64.4141317402498,-36.205402088978403,1.9896282067391999,2,shell3-shell3,1
shell3-shell3,1,439,439,0,-1,2,4,4,394.950581071182,1023.94552761196,628.99494654078205,-13.3111593818307,203.36720552441301,216.67836490624401,2.5925915207791999,2,shell3-shell3,1
shell3-shell3,1,440,440,0,-1,2,3,3,376.40892723988998,752.07075310994003,375.66182587005,-31.852813213122701,-68.507568977611101,-36.654755764488399,1.99801518689974,2,shell3-shell3,1
shell3-shell3,1,443,443,0,-1,2,2,2,365.28045546123201,718.63894773017,353.35849226893703,-42.981284991780498,-101.939374357381,-58.9580893656006,1.96736216511436,2,shell3-shell3,1
shell3-shell3,1,446,446,0,-1,2,4,4,404.84640540338802,798.27321786471896,393.42681246133202,-3.4153350496250101,-22.305104222831499,-18.8897691732064,1.97179277674288,2,shell3-shell3,1
shell3-shell3,1,447,447,0,-1,2,3,3,364.85676671800201,717.18581341444303,352.32904669644199,-43.404973735011097,-103.392508673108,-59.987534938096502,1.9656640052636301,2,shell3-shell3,1
shell3-shell3,1,448,448,0,-1,2,2,2,351.68694977003099,697.324956178359,345.63800640832801,-56.574790682982098,-123.253365909192,-66.67857522621,1.9828002052232601,2,shell3-shell3,1
shell3-shell3,1,449,449,0,-1,2,5,5,390.29358449114699,767.88883055148403,377.59524606033699,-17.968155961865399,-52.689491536066498,-34.721335574201099,1.96746464985489,2,shell3-shell3,1
shell3-shell3,1,450,450,0,-1,2,2,2,345.94612226349398,682.43435553075699,336.48823326726301,-62.315618189519199,-138.143966556794,-75.8283483672747,1.9726608035541799,2,shell3-shell3,1
shell3-shell3,1,456,456,0,-1,2,2,2,333.12570373433601,655.38093191172504,322.25522817738801,-75.136036718676294,-165.197390175826,-90.061353457149806,1.9673682473760199,2,shell3-shell3,1
shell3-shell3,1,459,459,0,-1,2,4,4,380.272461129406,755.64448207847602,375.37202094907002,-27.989279323606901,-64.933840009074601,-36.944560685467799,1.98711334455884,2,shell3-shell3,1
shell3-shell3,1,460,460,0,-1,2,2,2,365.61601267868002,721.62888568180995,356.01287300312998,-42.645727774333203,-98.949436405740897,-56.303708631407702,1.97373435696869,2,shell3-shell3,1
shell3-shell3,1,461,461,0,-1,2,3,3,379.76234464220801,756.51429367814103,376.75194903593302,-28.499395810804302,-64.064028409409303,-35.564632598604902,1.99207294865132,2,shell3-shell3,1
shell3-shell3,1,463,463,0,-1,2,2,2,349.474617125642,689.34324845009598,339.86863132445302,-58.787123327370601,-131.235073637455,-72.447950310084494,1.97251306581234,2,shell3-shell3,1
shell3-shell3,1,466,466,0,-1,2,2,2,357.50092028194501,705.12679775542301,347.62587747347902,-50.760820171067799,-115.45152433212699,-64.690704161059401,1.97237757373973,2,shell3-shell3,1
shell3-shell3,1,468,468,0,-1,2,2,2,292.44844409419898,608.01361198127097,315.56516788707199,-115.81329635881301,-212.56471010627999,-96.751413747466401,2.0790454668496201,2,shell3-shell3,1
shell3-shell3,1,469,469,0,-1,2,2,2,309.98540712708098,608.42027297745403,298.43486585037198,-98.276333325931404,-212.15804911009701,-113.881715784166,1.96273843538714,2,shell3-shell3,1
shell3-shell3,1,470,470,0,-1,2,2,2,325.76327313707901,641.103353816653,315.34008067957399,-82.498467315933596,-179.47496827089799,-96.976500954964095,1.96800378275571,2,shell3-shell3,1
shell3-shell3,1,471,471,0,-1,2,6,6,383.82318489316299,754.31788884151399,370.494703948351,-24.4385555598496,-66.260433246036399,-41.821877686186802,1.96527442460642,2,shell3-shell3,1
shell3-shell3,1,475,475,0,-1,2,2,2,337.58191043791197,665.31057122837296,327.72866079046099,-70.679830015100293,-155.26775085917799,-84.587920844077303,1.97081227002161,2,shell3-shell3,1
shell3-shell3,1,478,478,0,-1,2,4,4,387.07491572569103,760.97556849780801,373.90065277211602,-21.1868247273216,-59.602753589743102,-38.415928862421502,1.96596456546693,2,shell3-shell3,1
shell3-shell3,1,479,479,0,-1,2,3,3,389.70905002827601,772.88515076491501,383.176100736639,-18.552690424736401,-47.693171322635401,-29.140480897899,1.98323634185256,2,shell3-shell3,1
shell3-shell3,1,482,482,0,-1,2,2,2,375.83972966425603,748.14513431631804,372.30540465206099,-32.422010788756602,-72.433187771233193,-40.011176982476599,1.99059619105369,2,shell3-shell3,1
shell3-shell3,1,484,484,0,-1,2,3,3,380.70619612005902,760.13202160273397,379.42582548267598,-27.555544332954099,-60.446300484816398,-32.890756151862398,1.9966368536933901,2,shell3-shell3,1
shell3-shell3,1,486,486,0,-1,2,4,4,411.448945312614,821.33302085544801,409.88407554283299,3.1872048596014801,0.75469876789691204,-2.4325060917045702,1.99619668542693,2,shell3-shell3,1
shell3-shell3,1,487,487,0,-1,2,2,2,365.90988735074501,719.161248458827,353.25136110808199,-42.351853102267803,-101.417073628724,-59.0652205264564,1.9654053451949201,2,shell3-shell3,1
shell3-shell3,1,490,490,0,-1,2,2,2,360.024194902864,712.16635325911398,352.14215835624998,-48.237545550148397,-108.411968828437,-60.174423278288501,1.9781069254283301,2,shell3-shell3,1
shell3-shell3,1,492,492,0,-1,2,2,2,364.65934981247602,718.34081689526101,353.68146708278601,-43.602390640536903,-102.23750519228901,-58.635114551752402,1.9698955127975299,2,shell3-shell3,1
shell3-shell3,1,494,494,0,-1,2,2,2,359.36267707095499,707.98159914291205,348.618922071957,-48.899063382057903,-112.596722944639,-63.697659562580697,1.97010330876159,2,shell3-shell3,1
shell3-shell3,1,495,495,0,-1,2,2,2,396.76043119524797,787.421293783593,390.66086258834503,-11.501309257764699,-33.157028303957802,-21.655719046193099,1.98462657027434,2,shell3-shell3,1
shell3-shell3,1,496,496,0,-1,2,3,3,394.55417598105402,786.72454605403595,392.170370072982,-13.7075644719585,-33.853776033514599,-20.1462115615561,1.9939582291781699,2,shell3-shell3,1
shell3-shell3,1,497,497,0,-1,2,2,2,368.53214159615601,727.50160911785702,358.96946752170197,-39.729598856856903,-93.076712969693304,-53.347114112836401,1.97405199439854,2,shell3-shell3,1
shell3-shell3,1,498,498,0,-1,2,2,2,330.49301019722401,650.80180691526596,320.30879671804098,-77.768730255788398,-169.776515172285,-92.007784916496703,1.9691847840500301,2,shell3-shell3,1
shell3-shell3,1,500,500,0,-1,2,3,3,362.15455943149902,718.44770638756097,356.293146956062,-46.107181021514201,-102.13061569999,-56.023434678476001,1.98381516310429,2,shell3-shell3,1
shell3-shell3,1,505,505,0,-1,2,2,2,355.34294343792601,699.37708976922397,344.03414633129699,-52.918797015086298,-121.201232318327,-68.282435303241002,1.9681749776787001,2,shell3-shell3,1
shell3-shell3,1,506,506,0,-1,2,3,3,401.10044498377101,789.19660844190696,388.096163458136,-7.1612954692419599,-31.3817136456436,-24.220418176401601,1.9675784914021699,2,shell3-shell3,1
shell3-shell3,1,507,507,0,-1,2,2,2,362.40792546453798,716.89891056576801,354.49098510123002,-45.853814988475101,-103.679411521783,-57.825596533308001,1.97815461581542,2,shell3-shell3,1
shell3-shell3,1,509,509,0,-1,2,2,2,393.79078954085497,779.89633322977102,386.10554368891599,-14.470950912157701,-40.681988857779302,-26.211037945621602,1.9804839370141201,2,shell3-shell3,1
shell3-shell3,1,512,512,0,-1,2,2,2,334.36173900241801,660.96308210728898,326.60134310487098,-73.9000014505949,-159.615239980262,-85.715238529667303,1.97679041890169,2,shell3-shell3,1
shell3-shell3,1,513,513,0,-1,2,4,4,338.05987332276902,668.718226427785,330.65835310501598,-70.201867130243997,-151.86009565976599,-81.658228529521494,1.9781058895129899,2,shell3-shell3,1
shell3-shell3,1,514,514,0,-1,2,2,2,367.29485211708499,722.68796972207099,355.393117604986,-40.966888335927798,-97.8903523654797,-56.923464029551901,1.9675962392516599,2,shell3-shell3,1
shell3-shell3,1,518,518,0,-1,2,6,6,388.49332391989202,765.14828448479398,376.65496056490201,-19.7684165331207,-55.430037602756698,-35.661621069635899,1.96952749860528,2,shell3-shell3,1
shell3-shell3,1,519,519,0,-1,2,3,3,372.40877780921301,735.97580027522997,363.56702246601702,-35.852962643799302,-84.602521812320305,-48.749559168521003,1.9762579298071099,2,shell3-shell3,1
shell3-shell3,1,520,520,0,-1,2,2,2,389.57217980111898,768.879371891505,379.30719209038602,-18.6895606518938,-51.698950196046098,-33.009389544152299,1.97365061407626,2,shell3-shell3,1
shell3-shell3,1,521,521,0,-1,2,2,2,331.07880151853101,655.57167089667098,324.49286937814003,-77.182938934481896,-165.00665119088001,-87.823712256398295,1.98010765983753,2,shell3-shell3,1
shell3-shell3,1,522,522,0,-1,2,2,2,348.29345422113403,690.39545387007104,342.10199964893701,-59.968286231878402,-130.18286821747901,-70.214581985600901,1.98222345410986,2,shell3-shell3,1
shell3-shell3,1,529,529,0,-1,2,4,4,346.94694448144003,683.83996955984003,336.8930250784,-61.314795971572899,-136.73835252771099,-75.423556556138195,1.97102173815634,2,shell3-shell3,1
shell3-shell3,1,531,531,0,-1,2,3,3,412.66363248495099,850.61067731461901,437.94704482966802,4.4018920319380204,30.0323552270679,25.630463195129899,2.0612688164267499,2,shell3-shell3,1
shell3-shell3,1,533,533,0,-1,2,2,2,363.35408976249602,714.39063745366002,351.036547691164,-44.907650690517002,-106.187684633891,-61.280033943373702,1.96610044466712,2,shell3-shell3,1
shell3-shell3,1,534,534,0,-1,2,3,3,341.631428822212,676.79870553196997,335.16727670975803,-66.630311630800804,-143.77961655557999,-77.1493049247795,1.9810785789388901,2,shell3-shell3,1
shell3-shell3,1,535,535,0,-1,2,2,2,345.08367407313199,682.87859475238895,337.79492067925702,-63.178066379880299,-137.69972733516201,-74.521660955281305,1.9788783012889499,2,shell3-shell3,1
shell3-shell3,1,536,536,0,-1,2,2,2,358.31809542342501,704.00321857905999,345.68512315563498,-49.943645029587501,-116.575103508491,-66.631458478903198,1.9647436944180501,2,shell3-shell3,1
shell3-shell3,1,537,537,0,-1,2,3,3,380.13535649708399,915.22291137351795,535.08755487643396,-28.126383955929199,94.644589285967101,122.770973241896,2.4076237469916602,2,shell3-shell3,1
shell3-shell3,1,538,538,0,-1,2,4,4,389.71325339352597,769.42955566468902,379.71630227116299,-18.548487059487002,-51.148766422861499,-32.600279363374497,1.97434793136925,2,shell3-shell3,1
shell3-shell3,1,539,539,0,-1,2,2,2,386.31332577674999,763.682180763833,377.36885498708301,-21.9484146762628,-56.896141323717998,-34.947726647455198,1.97684659007897,2,shell3-shell3,1
shell3-shell3,1,542,542,0,-1,2,2,2,355.76837059746799,706.53747181057997,350.76910121311198,-52.493369855545097,-114.040850276971,-61.547480421426101,1.9859479655935699,2,shell3-shell3,1
shell3-shell3,1,543,543,0,-1,2,2,2,366.22821545951302,720.70404591153601,354.47583045202299,-42.033524993499903,-99.874276176015201,-57.840751182515298,1.96790966803925,2,shell3-shell3,1
shell3-shell3,1,545,545,0,-1,2,2,2,348.83914525487597,691.96791743655899,343.12877218168302,-59.422595198136896,-128.610404650992,-69.187809452854594,1.98363035470397,2,shell3-shell3,1
shell3-shell3,1,547,547,0,-1,2,2,2,355.67012491918302,700.17763273131197,344.50750781212901,-52.591615533829398,-120.400689356238,-67.809073822409005,1.96861525237862,2,shell3-shell3,1
shell3-shell3,1,548,548,0,-1,2,2,2,340.76512786628501,669.36585862830896,328.60073076202298,-67.496612586727593,-151.212463459242,-83.715850872514594,1.9643026938218999,2,shell3-shell3,1
shell3-shell3,1,550,550,0,-1,2,2,2,390.31017236004197,796.92598676170905,406.61581440166702,-17.951568092970501,-23.652335325841399,-5.7007672328708203,2.0417761134510801,2,shell3-shell3,1
shell3-shell3,1,551,551,0,-1,2,4,4,406.369657120927,806.49337962965797,400.12372250873102,-1.8920833320855199,-14.084942457892501,-12.192859125806899,1.9846299188368399,2,shell3-shell3,1
shell3-shell3,1,552,552,0,-1,2,2,2,360.10205943295199,719.82923619396001,359.72717676100899,-48.159681020061001,-100.74908589359001,-52.589404873529404,1.9989589543794,2,shell3-shell3,1
shell3-shell3,1,553,553,0,-1,2,3,3,357.91954037611299,705.58117364635496,347.66163327024202,-50.342200076899402,-114.997148441196,-64.654948364296203,1.97134018697305,2,shell3-shell3,1
shell3-shell3,1,554,554,0,-1,2,3,3,345.32917037360801,685.22258635734397,339.89341598373602,-62.932570079404996,-135.35573573020699,-72.423165650802204,1.9842592087312201,2,shell3-shell3,1
shell3-shell3,1,555,555,0,-1,2,3,3,403.05547612164401,793.92231692089797,390.86684079925402,-5.20626433136903,-26.656005166652701,-21.449740835283599,1.96975941019417,2,shell3-shell3,1
shell3-shell3,1,556,556,0,-1,2,2,2,337.18526511606598,666.96206479739703,329.77679968132998,-71.076475336946501,-153.61625729015401,-82.539781953207694,1.97802850183211,2,shell3-shell3,1
shell3-shell3,1,557,557,0,-1,2,2,2,378.64357666433102,749.47360735928999,370.83003069495902,-29.6181637886814,-71.104714728260305,-41.486550939578898,1.9793643773434499,2,shell3-shell3,1
shell3-shell3,1,560,560,0,-1,2,2,2,392.41216326454798,772.70718601209899,380.295022747551,-15.849577188464901,-47.871136075451801,-32.021558886986902,1.96912139415814,2,shell3-shell3,1
shell3-shell3,1,563,563,0,-1,2,2,2,340.67341195396801,673.09633854015897,332.42292658619198,-67.588328499045204,-147.481983547391,-79.893655048346105,1.9757818336322299,2,shell3-shell3,1
shell3-shell3,1,565,565,0,-1,2,3,3,379.51581802326399,759.130674225809,379.61485620254501,-28.745922429748799,-61.447647861741899,-32.701725431993097,2.0002609592922802,2,shell3-shell3,1
shell3-shell3,1,566,566,0,-1,2,2,2,330.33761368662402,659.94836646844396,329.61075278182,-77.924126766388298,-160.62995561910699,-82.705828852718199,1.9977996423213999,2,shell3-shell3,1
shell3-shell3,1,569,569,0,-1,2,2,2,351.40671805267101,694.26612850577499,342.859410453105,-56.855022400342101,-126.31219358177501,-69.457171181433196,1.9756768804906999,2,shell3-shell3,1
shell3-shell3,1,573,573,0,-1,2,2,2,365.07351599439602,718.86147692778195,353.78796093338701,-43.188224458617199,-101.71684515976899,-58.528620701151397,1.9690868973875899,2,shell3-shell3,1
shell3-shell3,1,574,574,0,-1,2,2,2,371.49947696084899,752.01875057055599,380.51927360970802,-36.762263492164202,-68.559571516994495,-31.7973080248304,2.0242794329689202,2,shell3-shell3,1
shell3-shell3,1,575,575,0,-1,2,2,2,391.12210050604398,772.28427723134996,381.16217672530701,-17.139639946969201,-48.2940448562006,-31.154404909231399,1.9745350013004901,2,shell3-shell3,1
shell3-shell3,1,577,577,0,-1,2,3,3,363.34362190386599,715.82648306316003,352.48286115929398,-44.918118549146399,-104.751839024391,-59.833720475244299,1.9701088443835499,2,shell3-shell3,1
shell3-shell3,1,578,578,0,-1,2,2,2,371.04925646427603,731.41424606505495,360.36498960077898,-37.212483988737098,-89.164076022495706,-51.951592033758601,1.9712052600096599,2,shell3-shell3,1
shell3-shell3,1,579,579,0,-1,2,2,2,400.75063219387999,793.69485680387902,392.94422460999903,-7.5111082591329303,-26.883465283671601,-19.372357024538701,1.9805205358226301,2,shell3-shell3,1
shell3-shell3,1,582,582,0,-1,2,3,3,331.86301654920499,653.71552182425103,321.85250527504598,-76.398723903807806,-166.86280026329999,-90.464076359492196,1.9698354116760299,2,shell3-shell3,1
shell3-shell3,1,583,583,0,-1,2,3,3,368.243258659623,727.54857979479596,359.30532113517302,-40.018481793389398,-93.029742292754904,-53.011260499365498,1.9757281706745,2,shell3-shell3,1
shell3-shell3,1,584,584,0,-1,2,2,2,354.90385015498401,706.47771524345001,351.57386508846599,-53.357890298029098,-114.10060684410099,-60.742716546072003,1.9906172191001501,2,shell3-shell3,1
shell3-shell3,1,587,587,0,-1,2,3,3,392.73651546908002,778.80126260307895,386.06474713399899,-15.525224983932899,-41.777059484471899,-26.251834500539001,1.9830121008047501,2,shell3-shell3,1
shell3-shell3,1,588,588,0,-1,2,2,2,374.17494456926198,736.10678827497497,361.93184370571402,-34.086795883750902,-84.471533812575302,-50.3847379288244,1.9672797416255601,2,shell3-shell3,1
shell3-shell3,1,589,589,0,-1,2,2,2,351.43103479087199,692.60419182596797,341.17315703509598,-56.830705662140801,-127.974130261583,-71.143424599441801,1.9708111215565201,2,shell3-shell3,1
shell3-shell3,1,591,591,0,-1,2,2,2,310.66873823353097,609.59060513278905,298.92186689925802,-97.593002219481903,-210.98771695476199,-113.39471473528,1.9621884345329801,2,shell3-shell3,1
shell3-shell3,1,592,592,0,-1,2,2,2,363.95148648281003,722.94945308292904,358.99796660011901,-44.310253970202297,-97.628869004621507,-53.318615034419203,1.98638961491664,2,shell3-shell3,1
shell3-shell3,1,594,594,0,-1,2,5,5,370.712144778788,734.58074436403899,363.86859958525099,-37.549595674224598,-85.997577723511299,-48.447982049286701,1.98153946319288,2,shell3-shell3,1
shell3-shell3,1,595,595,0,-1,2,2,2,367.15839637457799,721.32567117105395,354.16727479647602,-41.103344078434603,-99.252650916496805,-58.149306838062202,1.9646171197325699,2,shell3-shell3,1
shell3-shell3,1,596,596,0,-1,2,3,3,352.22428550395,691.43417125790199,339.20988575395302,-56.037454949063097,-129.14415082964899,-73.106695880585505,1.96305081652341,2,shell3-shell3,1
shell3-shell3,1,597,597,0,-1,2,3,3,391.30372397978698,774.89123260946303,383.58750862967599,-16.958016473225801,-45.687089478088197,-28.7290730048624,1.9802807515562799,2,shell3-shell3,1
shell3-shell3,1,598,598,0,-1,2,3,3,404.45356179407497,797.71406493651898,393.26050314244401,-3.8081786589374902,-22.864257151031602,-19.056078492094102,1.97232547884612,2,shell3-shell3,1
shell3-shell3,1,599,599,0,-1,2,2,2,364.73755323836298,719.17449187355703,354.436938635194,-43.524187214650098,-101.403830213994,-57.879642999343801,1.97175883176352,2,shell3-shell3,1
shell3-shell3,1,600,600,0,-1,2,4,4,379.20201729449298,747.10987437596202,367.90785708147001,-29.0597231585201,-73.468447711588396,-44.408724553068303,1.97021598067013,2,shell3-shell3,1
shell3-shell3,1,605,605,0,-1,2,3,3,349.97278020082598,691.07549183685296,341.10271163602698,-58.288960252186797,-129.502830250698,-71.213869998510901,1.9746549758535299,2,shell3-shell3,1
shell3-shell3,1,608,608,0,-1,2,2,2,326.30142564887001,652.06387676484303,325.76245111597302,-81.960314804142499,-168.51444532270801,-86.554130518565302,1.9983482311429499,2,shell3-shell3,1
shell3-shell3,1,611,611,0,-1,2,3,3,332.73539807018398,657.71273211646201,324.97733404627797,-75.5263423828291,-162.86558997108901,-87.339247588259596,1.9766839835229399,2,shell3-shell3,1
shell3-shell3,1,612,612,0,-1,2,3,3,380.49936963550903,748.96947413498197,368.470104499473,-27.762370817503701,-71.608847952568595,-43.846477135064802,1.96838558458702,2,shell3-shell3,1
shell3-shell3,1,613,613,0,-1,2,2,2,368.05432686688499,728.214903634248,360.16057676736199,-40.207413586127501,-92.363418453303197,-52.156004867175703,1.9785527583204401,2,shell3-shell3,1
shell3-shell3,1,616,616,0,-1,2,3,3,373.12466155071502,735.04633878654602,361.92167723583202,-35.137078902298001,-85.531983301004303,-50.394904398706302,1.96997522418292,2,shell3-shell3,1
shell3-shell3,1,617,617,0,-1,2,2,2,360.23647389607601,717.94244185292996,357.70596795685401,-48.025266556936799,-102.63588023462,-54.610613677683702,1.9929754310776699,2,shell3-shell3,1
shell3-shell3,1,622,622,0,-1,2,2,2,381.08222967915299,754.00221249514004,372.91998281598597,-27.179510773859501,-66.5761095924111,-39.396598818551503,1.9785814025754001,2,shell3-shell3,1
shell3-shell3,1,623,623,0,-1,2,3,3,366.526100567897,725.08600827674002,358.55990770884301,-41.735639885115702,-95.492313810810401,-53.756673925694699,1.97826568736384,2,shell3-shell3,1
shell3-shell3,1,624,624,0,-1,2,2,2,303.92863689624301,600.93489369971201,297.006256803469,-104.333103556769,-219.64342838783901,-115.310324831069,1.9772236661755,2,shell3-shell3,1
shell3-shell3,1,625,625,0,-1,2,2,2,361.95498398797099,716.947056654275,354.99207266630401,-46.306756465041303,-103.631265433276,-57.324508968234497,1.9807630461529999,2,shell3-shell3,1
shell3-shell3,1,626,626,0,-1,2,2,2,350.01980691792801,687.31124111254701,337.291434194619,-58.241933535084399,-133.26708097500301,-75.025147439918996,1.96363527871354,2,shell3-shell3,1
shell3-shell3,1,630,630,0,-1,2,2,2,367.26494045810102,734.12374159257001,366.85880113446899,-40.996799994911399,-86.454580494980704,-45.457780500069397,1.9988941516630301,2,shell3-shell3,1
shell3-shell3,1,632,632,0,-1,2,2,2,376.781409316902,742.084246432643,365.30283711573998,-31.4803311361105,-78.494075654908102,-47.013744518797601,1.9695351948972999,2,shell3-shell3,1
shell3-shell3,1,633,633,0,-1,2,3,3,361.01347355495,711.26720771959799,350.25373416464799,-47.248266898062603,-109.311114367953,-62.062847469890002,1.97019574010812,2,shell3-shell3,1
shell3-shell3,1,634,634,0,-1,2,2,2,347.49882366960998,881.95337559327902,534.45455192366899,-60.762916783402403,61.375053505728403,122.137970289131,2.5380039169047901,2,shell3-shell3,1
shell3-shell3,1,635,635,0,-1,2,2,2,324.88150332763598,636.71472646869302,311.83322314105698,-83.380237125376894,-183.863595618858,-100.48335849348101,1.9598368018710499,2,shell3-shell3,1
shell3-shell3,1,636,636,0,-1,2,2,2,308.75181186999203,610.759069780505,302.00725791051298,-99.509928583020297,-209.81925230704499,-110.30932372402501,1.97815541901234,2,shell3-shell3,1
shell3-shell3,1,637,637,0,-1,2,2,2,366.99887936022702,721.99768227960601,354.99880291938001,-41.262861092786203,-98.580639807944493,-57.317778715158298,1.96730214418702,2,shell3-shell3,1
shell3-shell3,1,638,638,0,-1,2,3,3,391.16006559848501,772.13980415196397,380.979738553478,-17.101674854527499,-48.4385179355872,-31.336843081059701,1.9739740123281,2,shell3-shell3,1
shell3-shell3,1,640,640,0,-1,2,4,4,387.32965517149398,764.26508268867599,376.93542751718098,-20.932085281518301,-56.313239398875098,-35.3811541173568,1.9731643897761699,2,shell3-shell3,1
shell3-shell3,1,641,641,0,-1,2,2,2,359.28201778411199,707.94134758167502,348.659329797564,-48.979722668901097,-112.636974505875,-63.657251836974197,1.9704335662217001,2,shell3-shell3,1
shell3-shell3,1,642,642,0,-1,2,3,3,361.15144301684501,710.76240180153002,349.61095878468501,-47.110297436167301,-109.815920286021,-62.705622849853199,1.9680453049397799,2,shell3-shell3,1
shell3-shell3,1,644,644,0,-1,2,2,2,315.89825398102198,624.37520520718203,308.47695122615897,-92.363486471990498,-196.20311688036901,-103.83963040837899,1.9765073004952101,2,shell3-shell3,1
shell3-shell3,1,645,645,0,-1,2,4,4,383.03932483953702,767.64758873994595,384.60826390040899,-25.222415613476201,-52.930733347604701,-27.708317734128499,2.0040960260712901,2,shell3-shell3,1
shell3-shell3,1,646,646,0,-1,2,2,2,395.63941762714802,778.923073380613,383.28365575346498,-12.622322825865099,-41.655248706937599,-29.032925881072501,1.96877014442144,2,shell3-shell3,1
shell3-shell3,1,647,647,0,-1,2,2,2,375.405505945833,737.65989131051094,362.254385364678,-32.856234507179998,-82.918430777039802,-50.062196269859797,1.96496822669657,2,shell3-shell3,1
shell3-shell3,1,651,651,0,-1,2,3,3,327.043766469258,643.73896135992402,316.69519489066602,-81.217973983755101,-176.839360727627,-95.621386743871994,1.96835722725948,2,shell3-shell3,1
shell3-shell3,1,652,652,0,-1,2,2,2,322.53390117433202,647.43489076472497,324.90098959039301,-85.727839278681003,-173.14343132282599,-87.4155920441452,2.00733903756301,2,shell3-shell3,1
shell3-shell3,1,653,653,0,-1,2,2,2,361.17837641281602,711.95938034609503,350.78100393327901,-47.083364040197097,-108.618941741456,-61.535577701258802,1.9712126385228199,2,shell3-shell3,1
shell3-shell3,1,654,654,0,-1,2,2,2,378.31522345399799,745.79561984392296,367.48039638992498,-29.946516999014801,-74.782702243627597,-44.8361852446128,1.9713603196689999,2,shell3-shell3,1
shell3-shell3,1,655,655,0,-1,2,2,2,353.89397293779098,700.33864296290005,346.44467002510902,-54.367767515221303,-120.239679124651,-65.871911609429304,1.97895046685638,2,shell3-shell3,1
shell3-shell3,1,658,658,0,-1,2,4,4,348.11217184833902,686.62928966058598,338.51711781224799,-60.149568604674201,-133.94903242696401,-73.799463822290093,1.9724368901404801,2,shell3-shell3,1
shell3-shell3,1,659,659,0,-1,2,2,2,344.52981418151501,684.17601403532501,339.64619985381,-63.731926271497898,-136.402308052226,-72.670381780727794,1.98582527802621,2,shell3-shell3,1
shell3-shell3,1,660,660,0,-1,2,2,2,366.46371437846398,724.89778987644195,358.43407549797797,-41.798026074548503,-95.680532211108797,-53.882506136560302,1.9780888569169699,2,shell3-shell3,1
shell3-shell3,1,661,661,0,-1,2,3,3,377.01210587379501,744.67398697380099,367.66188110000598,-31.249634579217702,-75.904335113749497,-44.654700534531898,1.9751991391573001,2,shell3-shell3,1
shell3-shell3,1,662,662,0,-1,2,2,2,319.84723155746002,628.92861643104095,309.08138487358099,-88.414508895553197,-191.64970565651001,-103.235196760957,1.96634066009746,2,shell3-shell3,1
shell3-shell3,1,664,664,0,-1,2,2,2,367.82211065511098,730.55809664008302,362.73598598497199,-40.439629797901397,-90.020225447467595,-49.580595649566199,1.98617232482006,2,shell3-shell3,1
shell3-shell3,1,665,665,0,-1,2,3,3,385.75918325314899,760.50493077707199,374.745747523923,-22.5025571998641,-60.073391310479103,-37.570834110615003,1.9714499713620599,2,shell3-shell3,1
shell3-shell3,1,666,666,0,-1,2,2,2,339.92061709824299,666.58821381362804,326.667596715385,-68.341123354769707,-153.990108273922,-85.648984919152795,1.96101142526748,2,shell3-shell3,1
shell3-shell3,1,667,667,0,-1,2,3,3,376.70216871565901,742.06997347348499,365.36780475782501,-31.559571737353298,-78.508348614065895,-46.9487768767126,1.96991160418195,2,shell3-shell3,1
shell3-shell3,1,669,669,0,-1,2,3,3,400.32089285367101,804.005077989288,403.68418513561699,-7.9408475993421304,-16.573244098262801,-8.6323964989206292,2.00840149075901,2,shell3-shell3,1
shell3-shell3,1,670,670,0,-1,2,3,3,411.96646462268501,811.24264646552103,399.27618184283602,3.7047241696718598,-9.3356756220299495,-13.0403997917018,1.9691958354147301,2,shell3-shell3,1
shell3-shell3,1,671,671,0,-1,2,4,4,377.36888913637898,754.90833707943295,377.53944794305397,-30.8928513166342,-65.669985008117905,-34.777133691483797,2.0004519683831501,2,shell3-shell3,1
shell3-shell3,1,675,675,0,-1,2,3,3,343.07721762944402,680.09615785063704,337.01894022119399,-65.184522823569097,-140.482164236914,-75.297641413344493,1.9823413590383201,2,shell3-shell3,1
shell3-shell3,1,676,676,0,-1,2,2,2,362.51805127454901,711.99613984944097,349.47808857489201,-45.743689178464102,-108.58218223810999,-62.838493059645799,1.9640294803146801,2,shell3-shell3,1
shell3-shell3,1,678,678,0,-1,2,2,2,358.77810727265597,707.06069779594304,348.28259052328701,-49.483633180356897,-113.517624291608,-64.033991111250998,1.9707464961305701,2,shell3-shell3,1
shell3-shell3,1,679,679,0,-1,2,2,2,367.02077663999302,722.699490860634,355.67871422064098,-41.240963813020201,-97.878831226917001,-56.6378674138967,1.96909694725409,2,shell3-shell3,1
shell3-shell3,1,681,681,0,-1,2,3,3,389.33203004557703,764.86007273172197,375.52804268614398,-18.9297104074355,-55.718249355829002,-36.788538948393501,1.9645444343281599,2,shell3-shell3,1
shell3-shell3,1,682,682,0,-1,2,4,4,393.34408853169799,777.09293019969402,383.74884166799598,-14.9176519213148,-43.485391887856601,-28.5677399665419,1.9756059716073999,2,shell3-shell3,1
shell3-shell3,1,684,684,0,-1,2,2,2,340.85657964096799,671.92104611576099,331.06446647479299,-67.405160812044997,-148.65727597179,-81.252115159744804,1.97127204299096,2,shell3-shell3,1
shell3-shell3,1,688,688,0,-1,2,2,2,328.74461360300597,682.336283936624,353.59167033361803,-79.517126850006804,-138.24203815092699,-58.724911300919899,2.07558163906715,2,shell3-shell3,1
shell3-shell3,1,692,692,0,-1,2,3,3,371.745591979089,729.21663791724598,357.47104593815698,-36.516148473924098,-91.361684170305196,-54.845535696381098,1.96160130382465,2,shell3-shell3,1
shell3-shell3,1,693,693,0,-1,2,4,4,365.89947068704703,725.54910761893996,359.64963693189401,-42.362269765966197,-95.029214468610604,-52.666944702644301,1.9829192599174399,2,shell3-shell3,1
shell3-shell3,1,694,694,0,-1,2,2,2,339.47445105913999,667.84320197752697,328.36875091838698,-68.787289393872499,-152.73512011002299,-83.947830716150904,1.96728560836875,2,shell3-shell3,1
shell3-shell3,1,695,695,0,-1,2,2,2,368.29203483938602,728.35936198157401,360.06732714218799,-39.969705613627198,-92.218960105977004,-52.249254492349799,1.9776679729150699,2,shell3-shell3,1
shell3-shell3,1,696,696,0,-1,2,2,2,384.64075576309,764.55890788013403,379.91815211704397,-23.620984689922601,-56.019414207417,-32.3984295174943,1.9877220404356899,2,shell3-shell3,1
shell3-shell3,1,698,698,0,-1,2,4,4,365.08030374207402,719.75983818354996,354.67953444147599,-43.181436710938797,-100.818483904001,-57.637047193062401,1.9715110095121799,2,shell3-shell3,1
shell3-shell3,1,704,704,0,1,2,3,3,322.66556633074703,2278.9904067853499,1956.3248404546,-85.596174122265793,1458.4120846978001,1544.0082588200601,7.0630108836877898,2,shell3-shell3,1
shell3-shell3,1,706,706,0,-1,2,2,2,341.013058980251,676.22656787089795,335.21350889064701,-67.248681472762001,-144.35175421665301,-77.103072743890607,1.9829931730270201,2,shell3-shell3,1
shell3-shell3,1,708,708,0,-1,2,2,2,372.16660473184101,750.10889542649795,377.942290694657,-36.0951357211719,-70.469426661052907,-34.374290939881,2.0155190871222302,2,shell3-shell3,1
shell3-shell3,1,710,710,0,-1,2,2,2,326.52309544518403,658.15306920185799,331.62997375667402,-81.738645007828595,-162.425252885692,-80.686607877863807,2.0156401748688801,2,shell3-shell3,1
shell3-shell3,1,711,711,0,-1,2,2,2,310.01690136236198,610.53108128847202,300.51417992611101,-98.244839090650999,-210.047240799078,-111.802401708427,1.9693477310608201,2,shell3-shell3,1
shell3-shell3,1,712,712,0,-1,2,2,2,337.14550107635199,664.20386292677097,327.05836185041898,-71.116239376661198,-156.37445916077999,-85.258219784118793,1.9700807538770999,2,shell3-shell3,1
shell3-shell3,1,713,713,0,-1,2,2,2,372.01867496859398,736.70404230669703,364.68536733810299,-36.2430654844188,-83.874279780853797,-47.631214296434997,1.98028779702764,2,shell3-shell3,1
shell3-shell3,1,714,714,0,-1,2,2,2,321.57343696639498,632.94862626310999,311.37518929671501,-86.688303486617798,-187.629695824441,-100.941392337823,1.9682864114465199,2,shell3-shell3,1
shell3-shell3,1,715,715,0,-1,2,3,3,365.17248316188801,720.05122971695005,354.87874655506198,-43.089257291124603,-100.527092370601,-57.437835079476201,1.97181130265431,2,shell3-shell3,1
shell3-shell3,1,716,716,0,-1,2,2,2,345.65781501084001,683.03263972047796,337.37482470963897,-62.6039254421732,-137.545682367072,-74.941756924899295,1.9760370229125599,2,shell3-shell3,1
shell3-shell3,1,720,720,0,-1,2,2,2,296.47727546244101,585.93655042011403,289.45927495767302,-111.784464990572,-234.64177166743701,-122.85730667686499,1.9763287068331901,2,shell3-shell3,1
shell3-shell3,1,721,721,0,-1,2,2,2,348.03166340105997,685.66249534288102,337.63083194182201,-60.230077051953202,-134.91582674467,-74.685749692716499,1.97011527239333,2,shell3-shell3,1
shell3-shell3,1,722,722,0,-1,2,4,4,381.646535416841,752.72593895840203,371.07940354156102,-26.615205036171599,-67.852383129148507,-41.237178092976897,1.9723117311578899,2,shell3-shell3,1
shell3-shell3,1,723,723,0,-1,2,2,2,345.61557229840901,684.98704185515101,339.371469556742,-62.646168154603998,-135.59128023240001,-72.945112077795898,1.98193338714415,2,shell3-shell3,1
shell3-shell3,1,724,724,0,-1,2,2,2,390.61145162835999,769.97109483521206,379.35964320685201,-17.650288824652598,-50.6072272523392,-32.956938427686502,1.97119437135137,2,shell3-shell3,1
shell3-shell3,1,729,729,0,-1,2,3,3,375.76511928817803,744.47075618605004,368.70563689787201,-32.4966211648347,-76.107565901500806,-43.610944736666198,1.9812130449902301,2,shell3-shell3,1
shell3-shell3,1,730,730,0,-1,2,2,2,330.99667969459603,650.70720643584195,319.71052674124599,-77.265060758417107,-169.871115651709,-92.606054893291898,1.9659025191317201,2,shell3-shell3,1
shell3-shell3,1,731,731,0,-1,2,2,2,363.04075455355201,721.95072131205995,358.90996675850801,-45.220985899460402,-98.627600775490706,-53.406614876030297,1.98862169675654,2,shell3-shell3,1
shell3-shell3,1,734,734,0,-1,2,3,3,367.854958914355,723.838997956649,355.984039042294,-40.406781538657597,-96.739324130902105,-56.332542592244501,1.9677293466232,2,shell3-shell3,1
shell3-shell3,1,739,739,0,-1,2,2,2,386.98689818852898,806.707485144202,419.72058695567301,-21.274842264483699,-13.8708369433486,7.4040053211350596,2.0845860387531698,2,shell3-shell3,1
shell3-shell3,1,740,740,0,-1,2,2,2,289.77919388692999,572.97068197741498,283.191488090485,-118.482546566083,-247.60764011013501,-129.12509354405299,1.97726646379238,2,shell3-shell3,1
shell3-shell3,1,742,742,0,-1,2,2,2,384.86117726168101,758.43443628490002,373.57325902321998,-23.400563191332001,-62.143885802650502,-38.743322611318497,1.97067015613584,2,shell3-shell3,1
shell3-shell3,1,745,745,0,-1,2,2,2,338.39166347906399,672.39923964419199,334.00757616512902,-69.870076973948997,-148.179082443358,-78.309005469409399,1.9870443400736799,2,shell3-shell3,1
shell3-shell3,1,746,746,0,-1,2,3,3,300.923299350516,590.90452903011396,289.98122967959802,-107.33844110249601,-229.673793057437,-122.33535195493999,1.96363834340998,2,shell3-shell3,1
shell3-shell3,1,747,747,0,-1,2,2,2,360.65157848198697,721.17235729526703,360.52077881328,-47.610161971025498,-99.405964792283598,-51.7958028212581,1.9996373240087899,2,shell3-shell3,1
shell3-shell3,1,748,748,0,-1,2,2,2,367.31077491529101,742.15442827152503,374.84365335623397,-40.950965537721302,-78.423893816025796,-37.472928278304501,2.0205081880396198,2,shell3-shell3,1
shell3-shell3,1,749,749,0,-1,2,2,2,331.19411498179602,650.46492823004905,319.270813248254,-77.067625471217198,-170.11339385750199,-93.045768386284493,1.96399905314079,2,shell3-shell3,1
shell3-shell3,1,752,752,0,-1,2,2,2,370.86822172551098,740.21006488684804,369.34184316133701,-37.3935187275018,-80.368257200703098,-42.974738473201199,1.9958843101814601,2,shell3-shell3,1
shell3-shell3,1,755,755,0,-1,2,4,4,358.40264008052998,737.14001721604905,378.73737713551799,-49.859100372482402,-83.438304871502098,-33.579204499019603,2.05673712964396,2,shell3-shell3,1
shell3-shell3,1,756,756,0,-1,2,2,2,369.79619016024202,732.02467832493801,362.22848816469701,-38.465550292770999,-88.553643762612396,-50.088093469841503,1.97953547873961,2,shell3-shell3,1
shell3-shell3,1,757,757,0,-1,2,2,2,350.71796330798099,692.74124611836896,342.02328281038803,-57.543777145031797,-127.837075969182,-70.293298824149801,1.9752089102719901,2,shell3-shell3,1
shell3-shell3,1,758,758,0,-1,2,2,2,386.66308531666101,767.005222842188,380.34213752552699,-21.598655136351901,-53.573099245363203,-31.974444109011301,1.98365256981809,2,shell3-shell3,1
shell3-shell3,1,759,759,0,-1,2,2,2,320.70252011508802,634.60388505809306,313.90136494300498,-87.559220337924998,-185.97443702945799,-98.415216691532905,1.97879294752769,2,shell3-shell3,1
shell3-shell3,1,760,760,0,-1,2,2,2,366.96568902857501,740.94703094572105,373.98134191714598,-41.296051424438097,-79.631291141829706,-38.335239717391602,2.0191180077547402,2,shell3-shell3,1
shell3-shell3,1,761,761,0,-1,2,3,3,381.23455003126901,760.35871576141199,379.12416573014298,-27.027190421744201,-60.219606326138802,-33.192415904394601,1.9944643414376999,2,shell3-shell3,1
shell3-shell3,1,763,763,0,-1,2,2,2,321.83572735100302,633.03448662883204,311.19875927782903,-86.426013102010003,-187.543835458719,-101.117822356709,1.9669490762858299,2,shell3-shell3,1
shell3-shell3,1,766,766,0,-1,2,2,2,336.13795349599502,661.99759246293104,325.85963896693602,-72.123786957017501,-158.58072962462001,-86.456942667602306,1.96942233264004,2,shell3-shell3,1
shell3-shell3,1,769,769,0,-1,2,3,3,391.15529492915499,773.02636360992904,381.87106868077399,-17.106445523857399,-47.551958477621803,-30.4455129537644,1.97626460291158,2,shell3-shell3,1
shell3-shell3,1,770,770,0,-1,2,2,2,339.23279664408199,666.86005548848698,327.62725884440499,-69.028943808930293,-153.71826659906401,-84.689322790133204,1.9657888685454701,2,shell3-shell3,1
shell3-shell3,1,773,773,0,-1,2,2,2,354.06046160206898,696.37744230396299,342.31698070189401,-54.201278850943901,-124.20087978358799,-69.999600932643801,1.9668319900871201,2,shell3-shell3,1
shell3-shell3,1,774,774,0,-1,2,3,3,376.85371121509797,756.68561116785304,379.83189995275501,-31.408029237914999,-63.892710919698096,-32.484681681783101,2.0079027714177302,2,shell3-shell3,1
shell3-shell3,1,775,775,0,-1,2,3,3,376.87015239320601,741.96263463330399,365.092482240099,-31.391588059806999,-78.615687454246299,-47.2240993944393,1.9687487319483501,2,shell3-shell3,1
shell3-shell3,1,776,776,0,-1,2,2,2,338.52485803069999,670.38251128924696,331.85765325854697,-69.736882422313201,-150.195810798304,-80.458928375990496,1.9803051249738699,2,shell3-shell3,1
shell3-shell3,1,777,777,0,-1,2,4,4,347.812116855976,683.30022100464896,335.48810414867398,-60.449623597037203,-137.278101082901,-76.828477485864298,1.96456704033573,2,shell3-shell3,1
shell3-shell3,1,778,778,0,-1,2,2,2,384.65756874669898,775.382888829433,390.72532008273402,-23.604171706314101,-45.195433258117603,-21.591261551803498,2.0157744233547898,2,shell3-shell3,1
shell3-shell3,1,779,779,0,-1,2,2,2,399.64798342797002,792.267132190241,392.61914876227098,-8.6137570250431299,-28.311189897309799,-19.697432872266599,1.98241243555038,2,shell3-shell3,1
shell3-shell3,1,781,781,0,-1,2,2,2,349.99000425118902,694.61636335431103,344.62635910312298,-58.271736201823998,-125.961958733239,-67.690222531415301,1.98467486190201,2,shell3-shell3,1
shell3-shell3,1,783,783,0,-1,2,2,2,367.996872338564,726.43657999949198,358.43970766092798,-40.264868114448497,-94.141742088058706,-53.876873973610103,1.9740292230830601,2,shell3-shell3,1
shell3-shell3,1,791,791,0,-1,2,2,2,329.89268369763101,650.47298785599298,320.58030415836299,-78.369056755382204,-170.10533423155701,-91.736277476175204,1.9717714881249,2,shell3-shell3,1
shell3-shell3,1,792,792,0,-1,2,2,2,373.50496852972901,746.12141671950701,372.616448189778,-34.7567719232838,-74.456905368043394,-39.700133444759601,1.99762112845929,2,shell3-shell3,1
shell3-shell3,1,793,793,0,-1,2,2,2,323.47745995816098,635.17879333651001,311.70133337834898,-84.784280494851899,-185.399528751041,-100.61524825618901,1.96359521748027,2,shell3-shell3,1
shell3-shell3,1,794,794,0,-1,2,2,2,345.53719306268601,742.48904808473401,396.95185502204799,-62.724547390326698,-78.089274002816595,-15.3647266124899,2.1487963177093801,2,shell3-shell3,1
shell3-shell3,1,795,795,0,-1,2,3,3,376.57303385173998,743.53654757647303,366.96351372473299,-31.688706601272699,-77.041774511078103,-45.353067909805397,1.9744816562441601,2,shell3-shell3,1
shell3-shell3,1,796,796,0,-1,2,2,2,353.02807718027799,698.719715150551,345.69163797027301,-55.233663272734901,-121.858606937,-66.624943664265203,1.9792185390221599,2,shell3-shell3,1
shell3-shell3,1,797,797,0,-1,2,2,2,328.46773910185902,645.82929818023001,317.36155907837201,-79.794001351154193,-174.74902390732001,-94.955022556166199,1.9661879122319399,2,shell3-shell3,1
shell3-shell3,1,798,798,0,-1,2,2,2,368.772440269507,731.91328798147094,363.140847711964,-39.489300183505499,-88.665034106079503,-49.175733922573997,1.9847288139172601,2,shell3-shell3,1
shell3-shell3,1,800,800,0,-1,2,3,3,367.366829414096,736.92955238121203,369.56272296711597,-40.894911038916703,-83.648769706339195,-42.753858667422399,2.0059773865716801,2,shell3-shell3,1
shell3-shell3,1,801,801,0,-1,2,2,2,316.73400446808398,625.96674598954303,309.23274152145899,-91.527735984929194,-194.61157609800799,-103.08384011307901,1.97631683734362,2,shell3-shell3,1
shell3-shell3,1,803,803,0,-1,2,2,2,353.69895683682,698.96200172458896,345.26304488776901,-54.562783616192597,-121.616320362962,-67.053536746769097,1.97614945765039,2,shell3-shell3,1
shell3-shell3,1,809,809,0,-1,2,3,3,340.43206004931398,674.46561096564403,334.03355091633,-67.829680403698603,-146.11271112190701,-78.283030718208096,1.9812047398471899,2,shell3-shell3,1
shell3-shell3,1,810,810,0,-1,2,2,2,376.81023313365603,742.12624210186095,365.31600896820498,-31.451507319356399,-78.452079985689593,-47.000572666333099,1.9694959872244899,2,shell3-shell3,1
shell3-shell3,1,811,811,0,-1,2,2,2,338.388948016482,677.50065101044402,339.11170299396298,-69.872792436531199,-143.077671077106,-73.204878640575203,2.0021358705173999,2,shell3-shell3,1
shell3-shell3,1,812,812,0,-1,2,2,2,353.88367990835502,725.02154308820502,371.13786317985,-54.378060544658098,-95.556778999346093,-41.178718454688003,2.04875665155275,2,shell3-shell3,1
shell3-shell3,1,814,814,0,-1,2,2,2,336.30021825366498,662.73889202679698,326.438673773132,-71.961522199348096,-157.83943006075401,-85.877907861405703,1.9706763661000799,2,shell3-shell3,1
shell3-shell3,1,815,815,0,-1,2,2,2,345.08220715137702,679.73067924550799,334.64847209413102,-63.179533301635999,-140.847642842043,-77.668109540406704,1.96976449425377,2,shell3-shell3,1
shell3-shell3,1,816,816,0,-1,2,2,2,350.11711516067299,690.55138746140301,340.43427230073002,-58.144625292339498,-130.02693462614801,-71.882309333808493,1.9723439887950101,2,shell3-shell3,1
shell3-shell3,1,817,817,0,-1,2,2,2,360.37568810204198,737.49318640580304,377.11749830376101,-47.886052350971198,-83.0851356817479,-35.199083330776702,2.04645654730454,2,shell3-shell3,1
shell3-shell3,1,818,818,0,-1,2,3,3,359.64289332396902,707.29696132269999,347.65406799873102,-48.6188471290438,-113.281360764851,-64.662513635806803,1.96666463998654,2,shell3-shell3,1
shell3-shell3,1,819,819,0,-1,2,2,2,352.53181618727803,692.74113087770695,340.20931469042898,-55.729924265735001,-127.83719120984399,-72.107266944108602,1.9650457038739999,2,shell3-shell3,1
shell3-shell3,1,821,821,0,-1,2,2,2,358.58276162955502,730.07411110559804,371.49134947604301,-49.678978823457904,-90.504210981952696,-40.825232158494799,2.0359989080005598,2,shell3-shell3,1
shell3-shell3,1,822,822,0,-1,2,3,3,384.31170377210498,759.97781402383805,375.66611025173199,-23.950036680907399,-60.6005080637131,-36.650471382805698,1.97750369443471,2,shell3-shell3,1
shell3-shell3,1,823,823,0,-1,2,2,2,363.91793042297002,718.20064337485201,354.28271295188199,-44.343810030042597,-102.37767871269899,-58.033868682655999,1.9735236528194999,2,shell3-shell3,1
shell3-shell3,1,824,824,0,-1,2,2,2,342.84739128390601,678.06034519900595,335.2129539151,-65.4143491691066,-142.51797688854501,-77.103627719438506,1.9777322576665499,2,shell3-shell3,1
shell3-shell3,1,826,826,0,-1,2,2,2,363.10100434440102,720.74299246050202,357.64198811609998,-45.160736108611303,-99.835329627049205,-54.674593518437902,1.9849655711138601,2,shell3-shell3,1
shell3-shell3,1,828,828,0,-1,2,2,2,366.654227723237,720.79502469361796,354.14079697038102,-41.6075127297756,-99.7832973939326,-58.175784664157,1.9658713037878801,2,shell3-shell3,1
shell3-shell3,1,830,830,0,-1,2,2,2,341.674185740349,685.32231349496601,343.64812775461598,-66.587554712663504,-135.256008592585,-68.6684538799216,2.0057772641207601,2,shell3-shell3,1
shell3-shell3,1,832,832,0,-1,2,2,2,362.523274290713,712.25098523783799,349.72771094712499,-45.7384661623,-108.32733684971301,-62.588870687412602,1.96470416039185,2,shell3-shell3,1
shell3-shell3,1,833,833,0,-1,2,2,2,346.34433162880202,694.383232666651,348.03890103784897,-61.917408824210398,-126.1950894209,-64.277680596689294,2.0048927303099702,2,shell3-shell3,1
shell3-shell3,1,835,835,0,-1,2,2,2,360.86069895462401,716.18679118354896,355.32609222892501,-47.4010414983887,-104.391530904001,-56.9904894056126,1.98466276116592,2,shell3-shell3,1
shell3-shell3,1,838,838,0,-1,2,2,2,380.688983324547,752.90266300063797,372.21367967609098,-27.572757128466002,-67.6756590869131,-40.102901958447099,1.9777369348215901,2,shell3-shell3,1
shell3-shell3,1,841,841,0,-1,2,2,2,333.415572128549,728.41993585928105,395.004363730732,-74.846168324463406,-92.158386228269507,-17.312217903806101,2.1847208011581301,2,shell3-shell3,1
shell3-shell3,1,842,842,0,-1,2,2,2,376.85959476013898,743.51060688043594,366.65101212029799,-31.402145692873901,-77.067715207114404,-45.665569514240502,1.9729114429305199,2,shell3-shell3,1
shell3-shell3,1,844,844,0,-1,2,3,3,353.74462699148398,699.78143827043004,346.036811278946,-54.517113461528801,-120.79688381712,-66.279770355591594,1.9782107907105499,2,shell3-shell3,1
shell3-shell3,1,848,848,0,-1,2,3,3,375.67240614050701,741.71062609507806,366.03821995457099,-32.5893343125054,-78.867695992472406,-46.278361679966999,1.97435482077347,2,shell3-shell3,1
shell3-shell3,1,851,851,0,-1,2,3,3,364.215968866038,715.035492338155,350.819523472117,-44.045771586975,-105.54282974939601,-61.497058162421098,1.9632184018849299,2,shell3-shell3,1
shell3-shell3,1,852,852,0,-1,2,2,2,373.95435539722098,801.45653349954796,427.50217810232698,-34.307385055792203,-19.121788588003,15.1855964677892,2.1431934724980701,2,shell3-shell3,1
shell3-shell3,1,854,854,0,-1,2,2,2,352.88318972701097,701.72106249402202,348.83787276701202,-55.378550726002203,-118.857259593528,-63.478708867526102,1.9885363851898801,2,shell3-shell3,1
shell3-shell3,1,857,857,0,-1,2,2,2,371.84865794734702,734.39153551498202,362.54287756763603,-36.413082505666203,-86.186786572568295,-49.773704066901999,1.97497428004425,2,shell3-shell3,1
shell3-shell3,1,865,865,0,-1,2,2,2,340.19787790294902,671.83901156820002,331.64113366524998,-68.063862550063305,-148.73931051935099,-80.675447969287902,1.9748477436412999,2,shell3-shell3,1
shell3-shell3,1,867,867,0,-1,2,2,2,294.48535541613097,577.02140259150303,282.536047175372,-113.776385036882,-243.55691949604699,-129.78053445916601,1.9594230815862701,2,shell3-shell3,1
shell3-shell3,1,869,869,0,-1,2,2,2,317.87995046948902,622.59501413680402,304.71506366731501,-90.381789983523603,-197.983307950746,-107.601517967223,1.95858535027852,2,shell3-shell3,1
shell3-shell3,1,873,873,0,-1,2,2,2,345.68390769645902,679.25108974822103,333.56718205176202,-62.577832756553804,-141.32723233932899,-78.749399582775595,1.9649485400537201,2,shell3-shell3,1
shell3-shell3,1,874,874,0,-1,2,2,2,368.62916343295399,731.11750613351603,362.48834270056301,-39.632577020059202,-89.460815954034601,-49.828238933975399,1.9833414679533099,2,shell3-shell3,1
shell3-shell3,1,875,875,0,-1,2,2,2,373.67119617523599,735.36896602225397,361.697769847019,-34.590544277777099,-85.209356065296603,-50.618811787519498,1.96795732063169,2,shell3-shell3,1
shell3-shell3,1,876,876,0,-1,2,2,2,364.41185915672298,720.74416090260502,356.33230174588198,-43.849881296289297,-99.834161184945401,-55.984279888656097,1.9778285003415099,2,shell3-shell3,1
shell3-shell3,1,878,878,0,-1,2,2,2,364.91501128657097,721.62509179871199,356.71008051214102,-43.346729166441797,-98.953230288838498,-55.606501122396701,1.9775155021836399,2,shell3-shell3,1
shell3-shell3,1,881,881,0,-1,2,3,3,389.68632876747398,768.936926537114,379.250597769639,-18.575411685538601,-51.641395550437203,-33.065983864898598,1.97322017677438,2,shell3-shell3,1
shell3-shell3,1,882,882,0,-1,2,2,2,360.105048146917,711.22984424772994,351.124796100813,-48.156692306095998,-109.348477839821,-61.191785533724598,1.97506213230746,2,shell3-shell3,1
shell3-shell3,1,887,887,0,-1,2,2,2,368.46643760821598,727.31950012305697,358.85306251484201,-39.795302844797199,-93.258821964493606,-53.463519119696301,1.9739097673161901,2,shell3-shell3,1
shell3-shell3,1,888,888,0,-1,2,2,2,392.667825567124,793.01213477080205,400.34430920367799,-15.5939148858886,-27.566187316748799,-11.972272430860199,2.0195495610710301,2,shell3-shell3,1
shell3-shell3,1,893,893,0,-1,2,2,2,348.88820662591701,686.19842691179997,337.31022028588302,-59.3735338270955,-134.37989517575099,-75.006361348655403,1.9668146239392701,2,shell3-shell3,1
shell3-shell3,1,897,897,0,-1,2,2,2,368.90633335859502,732.54411396595003,363.63778060735501,-39.3554070944176,-88.034208121600301,-48.678801027182701,1.98571845404964,2,shell3-shell3,1
shell3-shell3,1,902,902,0,-1,2,2,2,342.30776817374198,673.645017499039,331.33724932529702,-65.953972279271198,-146.93330458851199,-80.979332309240704,1.96795130035473,2,shell3-shell3,1
shell3-shell3,1,903,903,0,-1,2,2,2,301.86767273314302,597.25374989316697,295.38607716002502,-106.39406771986999,-223.32457219438299,-116.930504474513,1.97852835477733,2,shell3-shell3,1
shell3-shell3,1,904,904,0,-1,2,2,2,373.50977302473899,735.73777335248599,362.228000327747,-34.751967428273701,-84.8405487350649,-50.088581306791198,1.96979524095011,2,shell3-shell3,1
shell3-shell3,1,905,905,0,-1,2,2,2,381.85274758819401,755.96114714754106,374.10839955934699,-26.408992864819002,-64.617174940010003,-38.208182075191097,1.9797190197589001,2,shell3-shell3,1
shell3-shell3,1,906,906,0,-1,2,2,2,371.34357027978302,736.62207397330906,365.278503693527,-36.918170173230003,-83.956248114241404,-47.038077941011402,1.98366723683492,2,shell3-shell3,1
shell3-shell3,1,907,907,0,-1,2,2,2,377.010775131949,746.37245881823105,369.36168368628199,-31.2509653210636,-74.205863269319494,-42.954897948255798,1.9797112126490599,2,shell3-shell3,1
shell3-shell3,1,909,909,0,1,2,3,3,344.80614406597402,2328.1635674181298,1983.3574233521599,-63.455596387039101,1507.5852453305799,1571.04084171762,6.7520942056434796,2,shell3-shell3,1
shell3-shell3,1,910,910,0,-1,2,2,2,356.75304229609799,709.36301105396296,352.60996875786498,-51.508698156915003,-111.21531103358799,-59.706612876672999,1.9883867184101101,2,shell3-shell3,1
shell3-shell3,1,912,912,0,-1,2,2,2,319.81503665663598,631.37103051379199,311.55599385715499,-88.446703796376596,-189.20729157375899,-100.76058777738299,1.9741755644580701,2,shell3-shell3,1
shell3-shell3,1,914,914,0,-1,2,2,2,357.51081098532597,700.94547754090001,343.43466655557398,-50.750929467686298,-119.632844546651,-68.881915078964397,1.96062736007631,2,shell3-shell3,1
shell3-shell3,1,915,915,0,-1,2,2,2,349.21734390504503,689.23531251505506,340.01796861000997,-59.044396547967303,-131.34300957249599,-72.298613024528294,1.9736571637818301,2,shell3-shell3,1
shell3-shell3,1,916,916,0,-1,2,2,2,378.968548318545,745.39430469766899,366.42575637912398,-29.293192134467301,-75.184017389881504,-45.890825255414299,1.96690281556326,2,shell3-shell3,1
shell3-shell3,1,919,919,0,-1,2,2,2,340.371209500845,675.74449253511705,335.37328303427199,-67.890530952167794,-144.833829552434,-76.943298600266004,1.98531624788741,2,shell3-shell3,1
shell3-shell3,1,920,920,0,-1,2,2,2,307.07064403149298,608.27365506999899,301.203011038505,-101.19109642152,-212.30466701755199,-111.113570596033,1.9808915860013401,2,shell3-shell3,1
shell3-shell3,1,922,922,0,-1,2,2,2,373.91303815787302,743.71802671767398,369.80498855980102,-34.348702295139603,-76.860295369876695,-42.5115930747371,1.98901335556976,2,shell3-shell3,1
shell3-shell3,1,928,928,0,-1,2,2,2,294.303051358804,593.28551948637596,298.98246812757202,-113.95868909420901,-227.292802601174,-113.33411350696601,2.0158999940611002,2,shell3-shell3,1
shell3-shell3,1,930,930,0,-1,2,2,2,323.01128938054899,635.42272367743794,312.41143429688901,-85.250451072463605,-185.15559841011299,-99.905147337648899,1.9671842581601799,2,shell3-shell3,1
shell3-shell3,1,932,932,0,-1,2,2,2,320.09558772754798,633.54839128004596,313.45280355249702,-88.1661527254644,-187.029930807505,-98.863778082040895,1.9792474984669099,2,shell3-shell3,1
shell3-shell3,1,937,937,0,-1,2,2,2,285.82647808853699,563.44217604912001,277.61569796058399,-122.435262364476,-257.13614603843001,-134.700883673954,1.9712735496625,2,shell3-shell3,1
shell3-shell3,1,938,938,0,-1,2,2,2,289.81572874493497,568.38227850879798,278.56654976386301,-118.44601170807699,-252.19604357875301,-133.750031870675,1.9611850639377399,2,shell3-shell3,1
shell3-shell3,1,939,939,0,-1,2,2,2,305.12715287811102,601.12004510613303,295.99289222802298,-103.134587574902,-219.45827698141699,-116.323689406515,1.9700640845499,2,shell3-shell3,1
shell3-shell3,1,940,940,0,-1,2,2,2,302.78128658393598,593.96422891152099,291.18294232758501,-105.480453869077,-226.61409317603,-121.133639306953,1.9616939858232101,2,shell3-shell3,1
shell3-shell3,1,943,943,0,-1,2,3,3,326.29573563734499,644.33729916502398,318.04156352768001,-81.9660048156682,-176.24102292252601,-94.275018106858198,1.9747034018279701,2,shell3-shell3,1
shell3-shell3,1,945,945,0,-1,2,2,2,383.87886026324998,757.05366198832303,373.174801725073,-24.382880189762801,-63.524660099227503,-39.141779909464702,1.97211605106143,2,shell3-shell3,1
shell3-shell3,1,946,946,0,-1,2,2,2,314.69507518074499,619.20867518806199,304.51360000731802,-93.566665272268096,-201.369646899489,-107.80298162722001,1.9676465379460399,2,shell3-shell3,1
shell3-shell3,1,948,948,0,-1,2,2,2,352.105374712784,696.62301214947797,344.51763743669397,-56.1563657402288,-123.95530993807201,-67.798944197843696,1.9784503792869399,2,shell3-shell3,1
shell3-shell3,1,953,953,0,-1,2,2,2,345.020468439105,685.25239815365205,340.23192971454699,-63.241272013907597,-135.32592393389899,-72.084651919991003,1.9861210010344601,2,shell3-shell3,1
shell3-shell3,1,954,954,0,-1,2,2,2,356.808251602474,710.72514590641504,353.91689430394001,-51.453488850538299,-109.85317618113601,-58.3996873305977,1.9918966075320601,2,shell3-shell3,1
shell3-shell3,1,955,955,0,-1,2,2,2,334.26705727420801,661.59545883837495,327.32840156416802,-73.994683178805104,-158.98286324917501,-84.988180070370404,1.9792421790929,2,shell3-shell3,1
shell3-shell3,1,957,957,0,-1,2,2,2,385.69565270007701,764.16955105413501,378.47389835405801,-22.566087752935399,-56.408771033415597,-33.842683280480202,1.9812760286628499,2,shell3-shell3,1
shell3-shell3,1,958,958,0,-1,2,2,2,317.97898365672398,629.67144751187595,311.69246385515203,-90.282756796289206,-190.906874575675,-100.624117779386,1.9802297632086301,2,shell3-shell3,1
shell3-shell3,1,959,959,0,-1,2,2,2,335.06157107111,779.76509735799596,444.70352628688499,-73.200169381902597,-40.813224729555301,32.386944652347303,2.3272292756978299,2,shell3-shell3,1
shell3-shell3,1,960,960,0,-1,2,2,2,367.134058782247,724.80751463266199,357.673455850415,-41.127681670765803,-95.770807454888697,-54.643125784122901,1.9742312032743199,2,shell3-shell3,1
shell3-shell3,1,961,961,0,-1,2,2,2,338.19980950694497,674.91722444412198,336.71741493717701,-70.061930946067804,-145.66109764342801,-75.599166697360602,1.9956168083834001,2,shell3-shell3,1
shell3-shell3,1,963,963,0,-1,2,2,2,343.72384350072201,682.45566334472801,338.731819844006,-64.537896952290893,-138.12265874282301,-73.5847617905318,1.98547664425641,2,shell3-shell3,1
shell3-shell3,1,965,965,0,-1,2,2,2,374.74168856456203,742.57391247841701,367.83222391385499,-33.520051888450702,-78.004409609133504,-44.484357720682901,1.98156206031634,2,shell3-shell3,1
shell3-shell3,1,966,966,0,-1,2,3,3,421.73764751803998,836.44601690446598,414.708369386426,13.4759070650276,15.867694816915201,2.3917877518875899,1.98333258087585,2,shell3-shell3,1
shell3-shell3,1,969,969,0,-1,2,2,2,341.71262949591397,673.67143608323397,331.95880658732,-66.549110957098705,-146.90688600431699,-80.357775047218396,1.9714560655162701,2,shell3-shell3,1
shell3-shell3,1,970,970,0,-1,2,2,2,345.567521287891,680.06600963694598,334.49848834905498,-62.694219165121801,-140.51231245060401,-77.818093285482604,1.9679685379645,2,shell3-shell3,1
shell3-shell3,1,972,972,0,-1,2,3,3,357.75250776781598,717.67513100431097,359.92262323649402,-50.509232685196302,-102.90319108324,-52.393958398043999,2.0060659685720101,2,shell3-shell3,1
shell3-shell3,1,974,974,0,-1,2,2,2,325.54394106515201,652.63492833035798,327.09098726520602,-82.717799387860893,-167.94339375719301,-85.2255943693321,2.0047521885831801,2,shell3-shell3,1
shell3-shell3,1,975,975,0,-1,2,3,3,383.51326003810902,753.704544972588,370.19128493447897,-24.748480414904201,-66.873777114962806,-42.125296700058598,1.9652633259608701,2,shell3-shell3,1
shell3-shell3,1,977,977,0,-1,2,2,2,381.48463573591198,750.83235410821101,369.34771837229903,-26.777104717100698,-69.745967979339596,-42.968863262238997,1.9681850427863199,2,shell3-shell3,1
shell3-shell3,1,979,979,0,-1,2,2,2,317.19196821069499,623.72143678437396,306.52946857367903,-91.069772242317597,-196.85688530317699,-105.787113060859,1.96638471113514,2,shell3-shell3,1
shell3-shell3,1,981,981,0,-1,2,2,2,316.83738059163699,625.17496967581496,308.33758908417701,-91.424359861375294,-195.40335241173599,-103.978992550361,1.97317301547062,2,shell3-shell3,1
shell3-shell3,1,983,983,0,-1,2,2,2,335.51474831799197,662.35400122735302,326.83925290936099,-72.746992135020506,-158.224320860197,-85.477328725176903,1.97414273008229,2,shell3-shell3,1
shell3-shell3,1,987,987,0,-1,2,3,3,335.97256618348399,660.61918879478696,324.64662261130297,-72.289174269529198,-159.95913329276399,-87.669959023234497,1.96628908216871,2,shell3-shell3,1
shell3-shell3,1,988,988,0,-1,2,2,2,339.243128025354,671.174468309129,331.931340283775,-69.018612427658994,-149.40385377842199,-80.385241350763195,1.97844676240271,2,shell3-shell3,1
shell3-shell3,1,989,989,0,-1,2,2,2,369.23299442778301,743.715699218998,374.48270479121499,-39.0287460252298,-76.862622868553203,-37.833876843323402,2.0142178798825001,2,shell3-shell3,1
shell3-shell3,1,992,992,0,-1,2,2,2,343.54256183235799,682.79264980041398,339.25008796805599,-64.719178620654404,-137.78567228713601,-73.066493666482003,1.9875052632739101,2,shell3-shell3,1
shell3-shell3,1,993,993,0,-1,2,2,2,294.48535541613097,577.02140259150406,282.53604717537303,-113.776385036882,-243.55691949604699,-129.78053445916501,1.9594230815862701,2,shell3-shell3,1
shell3-shell3,1,994,994,0,-1,2,2,2,249.95399744402599,490.66539765267601,240.71140020864999,-158.30774300898599,-329.91292443487498,-171.60518142588799,1.96302280687691,2,shell3-shell3,1
shell3-shell3,1,995,995,0,-1,2,2,2,287.375789511856,564.90695496780404,277.53116545594798,-120.88595094115701,-255.67136711974601,-134.78541617859,1.9657430291096201,2,shell3-shell3,1
shell3-shell3,1,996,996,0,-1,2,2,2,304.66873109624203,601.29200269741705,296.62327160117502,-103.59300935677101,-219.286319390134,-115.69331003336301,1.97359276265038,2,shell3-shell3,1
shell3-shell3,2,13,1013,0,-1,2,10,10,477.69043145902702,946.55979363304402,468.869362174017,69.428691006014603,125.981471545494,56.552780539479002,1.9815339209159599,2,shell3-shell3,1
shell3-shell3,2,17,1017,0,-1,2,14,14,476.47564159246002,949.36603403863796,472.890392446178,68.213901139446804,128.787711951087,60.573810811639902,1.99247548282993,2,shell3-shell3,1
shell3-shell3,2,25,1025,0,-1,2,6,6,443.78443460993498,890.04930345191599,446.26486884198101,35.522694156922498,69.470981364365002,33.948287207442498,2.00558927722245,2,shell3-shell3,1
shell3-shell3,2,35,1035,0,-1,2,9,9,419.24038932088803,827.44897866787903,408.208589346991,10.9786488678753,6.8706565803285002,-4.1079922875467796,1.9736862185636099,2,shell3-shell3,1
shell3-shell3,2,39,1039,0,-1,2,14,14,440.18283894917101,878.94527124299998,438.76243229382902,31.9210984961578,58.366949155449198,26.445850659291398,1.9967731439537,2,shell3-shell3,1
shell3-shell3,2,40,1040,0,-1,2,5,5,407.32882841346401,808.03947676801499,400.71064835455002,-0.932912039548626,-12.5388453195362,-11.6059332799876,1.98375224242121,2,shell3-shell3,1
shell3-shell3,2,43,1043,0,-1,2,8,8,452.62558953493999,904.75620236272505,452.130612827785,44.363849081927398,84.177880275174203,39.814031193246798,1.9989064323392201,2,shell3-shell3,1
shell3-shell3,2,44,1044,0,-1,2,5,5,424.41415270948897,838.98105117669502,414.56689846720599,16.152412256476602,18.402729089144302,2.2503168326676901,1.976798006901,2,shell3-shell3,1
shell3-shell3,2,48,1048,0,-1,2,13,13,460.717013495358,909.44445279409695,448.72743929873798,52.455273042345603,88.866130706546002,36.4108576642004,1.9739762721032199,2,shell3-shell3,1
shell3-shell3,2,52,1052,0,-1,2,6,6,439.64175493079199,876.00086559916497,436.35911066837298,31.380014477779199,55.422543511614101,24.042529033834899,1.99253336557412,2,shell3-shell3,1
shell3-shell3,2,54,1054,0,-1,2,12,12,431.417051461163,851.57138226874702,420.15433080758498,23.155311008150001,30.993060181196601,7.83774917304663,1.9738936590117799,2,shell3-shell3,1
shell3-shell3,2,58,1058,0,-1,2,13,13,456.79586795895699,899.41238295324399,442.616514994287,48.534127505943999,78.834060865693104,30.2999333597492,1.96895910414421,2,shell3-shell3,1
shell3-shell3,2,59,1059,0,-1,2,9,9,428.45126924629801,850.27063395298399,421.81936470668597,20.189528793284801,29.692311865433201,9.5027830721484197,1.98452121626042,2,shell3-shell3,1
shell3-shell3,2,61,1061,0,-1,2,14,14,495.74187173072698,980.30075959904104,484.558887868314,87.480131277714605,159.72243751149,72.242306233775807,1.9774419218950099,2,shell3-shell3,1
shell3-shell3,2,62,1062,0,-1,2,9,9,443.02369427772999,874.285279273215,431.26158499548501,34.761953824717402,53.706957185664002,18.9450033609467,1.97345038327708,2,shell3-shell3,1
shell3-shell3,2,63,1063,0,-1,2,12,12,482.47894017808602,950.538118113211,468.05917793512498,74.2171997250733,129.95979602566001,55.742596300586797,1.97011317791894,2,shell3-shell3,1
shell3-shell3,2,65,1065,0,-1,2,3,3,442.98776767894401,876.23213977758803,433.24437209864499,34.726027225930999,55.653817690037599,20.9277904641066,1.97800527172263,2,shell3-shell3,1
shell3-shell3,2,67,1067,0,-1,2,11,11,450.28535161569903,886.44825471782701,436.16290310212901,42.023611162685803,65.869932630276395,23.846321467590499,1.96863666903021,2,shell3-shell3,1
shell3-shell3,2,68,1068,0,-1,2,4,4,415.52722033091601,818.33639389575796,402.80917356484099,7.2654798779033198,-2.2419281917932499,-9.5074080696965702,1.9693929876460401,2,shell3-shell3,1
shell3-shell3,2,69,1069,0,-1,2,7,7,426.15112863884798,863.21580972276001,437.06468108391198,17.889388185835099,42.637487635208998,24.748099449373999,2.0256095824031299,2,shell3-shell3,1
shell3-shell3,2,70,1070,0,-1,2,8,8,456.94787634314099,906.35729400576599,449.409417662625,48.686135890128099,85.778971918214793,37.092836028086701,1.98350258515075,2,shell3-shell3,1
shell3-shell3,2,75,1075,0,-1,2,10,10,428.46021206769598,845.90629343037995,417.44608136268403,20.198471614683299,25.327971342829301,5.12949972814602,1.97429369076802,2,shell3-shell3,1
shell3-shell3,2,78,1078,0,-1,2,2,2,377.72933212602402,744.81318681628397,367.08385469026001,-30.5324083269889,-75.765135271266701,-45.2327269442778,1.97181718090082,2,shell3-shell3,1
shell3-shell3,2,81,1081,0,-1,2,5,5,412.26833277439101,817.81863765902199,405.55030488463098,4.0065923213785499,-2.7596844285284301,-6.7662767499069796,1.98370472006775,2,shell3-shell3,1
shell3-shell3,2,83,1083,0,-1,2,6,6,432.30867440862397,863.87938618304304,431.57071177441901,24.0469339556108,43.301064095491803,19.254130139881099,1.9982929728735701,2,shell3-shell3,1
shell3-shell3,2,86,1086,0,-1,2,15,15,462.99078765253603,918.59039205857403,455.599604406038,54.729047199523599,98.012069971023607,43.283022771500001,1.98403600364497,2,shell3-shell3,1
shell3-shell3,2,92,1092,0,-1,2,12,12,451.50682865391599,888.37130380822202,436.86447515430598,43.245088200902998,67.792981720670895,24.5478935197679,1.9675700286897899,2,shell3-shell3,1
shell3-shell3,2,94,1094,0,-1,2,4,4,427.40006592842298,843.94931780342404,416.549251875001,19.1383254754105,23.3709957158731,4.2326702404625403,1.97461204403455,2,shell3-shell3,1
shell3-shell3,2,95,1095,0,-1,2,7,7,447.70792081321298,905.72658376045104,458.018662947238,39.446180360200103,85.148261672900006,45.702081312699903,2.0230300641438199,2,shell3-shell3,1
shell3-shell3,2,96,1096,0,-1,2,3,3,399.57535069672002,786.63495632514696,387.05960562842699,-8.6863897562930106,-33.943365762403602,-25.256976006110602,1.9686773845121599,2,shell3-shell3,1
shell3-shell3,2,99,1099,0,-1,2,5,5,434.04459713040302,858.50082886232599,424.45623173192303,25.782856677389798,37.922506774775201,12.139650097385401,1.9779092621775001,2,shell3-shell3,1
shell3-shell3,2,100,1100,0,-1,2,14,14,427.88775333500399,850.51922695884502,422.63147362384098,19.626012881991201,29.940904871294201,10.314891989303,1.9877157509879799,2,shell3-shell3,1
shell3-shell3,2,102,1102,0,-1,2,5,5,427.57856556826499,843.24198138651604,415.663415818251,19.3168251152523,22.6636592989652,3.3468341837128701,1.9721334259724199,2,shell3-shell3,1
shell3-shell3,2,106,1106,0,-1,2,2,2,395.96715399653198,796.77658124448703,400.809427247955,-12.294586456480801,-23.801740843064,-11.5071543865831,2.0122289770819402,2,shell3-shell3,1
shell3-shell3,2,108,1108,0,-1,2,4,4,402.38683972186101,800.19873751446301,397.811897792602,-5.8749007311516799,-20.379584573088,-14.5046838419363,1.98863048818291,2,shell3-shell3,1
shell3-shell3,2,110,1110,0,-1,2,5,5,439.636588833801,869.68006116138599,430.04347232758403,31.374848380788698,49.101739073834999,17.7268906930463,1.9781794401333499,2,shell3-shell3,1
shell3-shell3,2,112,1112,0,-1,2,4,4,394.31831138400702,780.87870179295896,386.56039040895303,-13.943429069005999,-39.699620294591298,-25.756191225585301,1.9803257400148999,2,shell3-shell3,1
shell3-shell3,2,114,1114,0,-1,2,5,5,467.42199203295399,1035.26345433234,567.84146229938597,59.160251579941502,214.68513224479,155.52488066484801,2.2148368540163901,2,shell3-shell3,1
shell3-shell3,2,115,1115,0,-1,2,4,4,391.81224790536601,774.74820581384904,382.935957908484,-16.4494925476472,-45.830116273701499,-29.380623726054299,1.9773455525080299,2,shell3-shell3,1
shell3-shell3,2,117,1117,0,-1,2,6,6,407.26932726659402,805.92511730549904,398.65579003890502,-0.99241318641850296,-14.6532047820514,-13.660791595632899,1.97885051328196,2,shell3-shell3,1
shell3-shell3,2,118,1118,0,-1,2,7,7,418.09450183053502,828.12591000021303,410.031408169678,9.8327613775225,7.5475879126621503,-2.2851734648603501,1.98071466229392,2,shell3-shell3,1
shell3-shell3,2,120,1120,0,-1,2,5,5,393.10822631574001,785.01832407521601,391.910097759476,-15.1535141372723,-35.559998012334297,-20.406483875062001,1.9969521661566501,2,shell3-shell3,1
shell3-shell3,2,122,1122,0,-1,2,9,9,394.52991132342203,812.65124741873296,418.12133609531099,-13.7318291295904,-7.9270746688174496,5.80475446077293,2.0597962894442001,2,shell3-shell3,1
shell3-shell3,2,123,1123,0,-1,2,8,8,428.48060090322599,844.74137909944295,416.26077819621702,20.218860450213,24.163057011891901,3.9441965616788401,1.9714810362913799,2,shell3-shell3,1
shell3-shell3,2,124,1124,0,-1,2,9,9,408.25171086842403,823.82417167265999,415.57246080423602,-0.010029584589005901,3.2458495851092302,3.2558791696982299,2.0179319516389498,2,shell3-shell3,1
shell3-shell3,2,126,1126,0,-1,2,3,3,373.77660908232502,739.077678136136,365.30106905381098,-34.485131370687803,-81.500643951414901,-47.015512580726998,1.97732458419663,2,shell3-shell3,1
shell3-shell3,2,128,1128,0,-1,2,6,6,424.00727818000598,840.11343547987804,416.10615729987097,15.745537726993501,19.535113392326799,3.7895756653333601,1.98136560081221,2,shell3-shell3,1
shell3-shell3,2,129,1129,0,-1,2,6,6,447.93293303098699,882.46573545210003,434.53280242111401,39.671192577973798,61.887413364549502,22.2162207865757,1.97008451573498,2,shell3-shell3,1
shell3-shell3,2,130,1130,0,2,2,7,7,412.56398752146401,1226.53688516497,813.97289764350796,4.3022470684514902,405.95856307742099,401.65631600897001,2.9729615823561399,2,shell3-shell3,1
shell3-shell3,2,133,1133,0,-1,2,3,3,364.51569221303998,727.28758356826904,362.771891355229,-43.746048239973199,-93.290738519282101,-49.544690279308803,1.9952161158077399,2,shell3-shell3,1
shell3-shell3,2,134,1134,0,-1,2,5,5,445.14035703405699,881.000252434559,435.85989540050201,36.878616581044298,60.421930347008697,23.543313765964399,1.97915160580948,2,shell3-shell3,1
shell3-shell3,2,136,1136,0,-1,2,5,5,391.99858078527302,772.82919334345104,380.83061255817802,-16.263159667739401,-47.749128744099799,-31.485969076360401,1.9715101819891201,2,shell3-shell3,1
shell3-shell3,2,138,1138,0,-1,2,11,11,438.88824164908402,863.77257126351901,424.88432961443402,30.6265011960717,43.194249175967997,12.567747979896399,1.9680923052710799,2,shell3-shell3,1
shell3-shell3,2,141,1141,0,-1,2,3,3,393.21944253522202,772.07673336451603,378.85729082929402,-15.0422979177903,-48.5015887230347,-33.4592908052444,1.9634754792048701,2,shell3-shell3,1
shell3-shell3,2,142,1142,0,-1,2,2,2,374.14456531719998,739.00275148473804,364.85818616753801,-34.117175135812403,-81.575570602812405,-47.458395466999903,1.97517970322036,2,shell3-shell3,1
shell3-shell3,2,144,1144,0,-1,2,10,10,443.00501587572302,876.75988019306101,433.75486431733799,34.743275422710198,56.181558105510199,21.438282682800001,1.9791195331274101,2,shell3-shell3,1
shell3-shell3,2,145,1145,0,-1,2,7,7,412.77370351469602,814.94450249957902,402.17079898488299,4.5119630616831001,-5.6338195879719697,-10.1457826496551,1.9743130329293499,2,shell3-shell3,1
shell3-shell3,2,146,1146,0,-1,2,6,6,478.72111709357102,940.936106005243,462.21498891167198,70.459376640558602,120.357783917692,49.8984072771337,1.9655203675114401,2,shell3-shell3,1
shell3-shell3,2,149,1149,0,-1,2,7,7,406.61845473987199,805.02738306867104,398.40892832879899,-1.64328571314059,-15.550939018880101,-13.907653305739499,1.97981024639837,2,shell3-shell3,1
shell3-shell3,2,150,1150,0,-1,2,4,4,424.46360452046599,834.78775714672997,410.32415262626398,16.201864067452799,14.2094350591788,-1.9924290082740901,1.9666886589483299,2,shell3-shell3,1
shell3-shell3,2,155,1155,0,-1,2,3,3,381.677330126725,763.43082342433797,381.75349329761298,-26.584410326287799,-57.147498663213099,-30.5630883369254,2.0001995485843,2,shell3-shell3,1
shell3-shell3,2,156,1156,0,-1,2,8,8,403.44387705391301,801.06427421392596,397.62039716001198,-4.8178633990994504,-19.514047873625302,-14.696184474525801,1.9855655762173801,2,shell3-shell3,1
shell3-shell3,2,157,1157,0,-1,2,5,5,410.78905656533698,812.49171491457003,401.70265834923299,2.5273161123246299,-8.08660717298085,-10.6139232853055,1.9778806224973999,2,shell3-shell3,1
shell3-shell3,2,158,1158,0,-1,2,5,5,421.40540503592001,833.73942764592096,412.334022610001,13.1436645829071,13.161105558370201,0.017440975463045998,1.9784735024337301,2,shell3-shell3,1
shell3-shell3,2,162,1162,0,-1,2,2,2,360.40347629420302,719.71203180080295,359.30855550659999,-47.858264158810101,-100.866290286748,-53.008026127937804,1.99696195830612,2,shell3-shell3,1
shell3-shell3,2,163,1163,0,-1,2,5,5,390.28064869290603,769.23770457884598,378.95705588594001,-17.9810917601067,-51.340617508704298,-33.359525748597598,1.9709860254540199,2,shell3-shell3,1
shell3-shell3,2,166,1166,0,-1,2,6,6,422.4759109181,832.79833136260697,410.32242044450697,14.2141704650872,12.220009275055901,-1.99416119003138,1.9712327018901901,2,shell3-shell3,1
shell3-shell3,2,168,1168,0,-1,2,4,4,417.544837335507,824.16789583736102,406.62305850185498,9.2830968824939593,3.5895737498106,-5.69352313268337,1.97384285983908,2,shell3-shell3,1
shell3-shell3,2,169,1169,0,-1,2,3,3,384.203112342922,758.38671247630703,374.18360013338599,-24.058628110091099,-62.1916096112434,-38.132981501152301,1.9739213143057699,2,shell3-shell3,1
shell3-shell3,2,170,1170,0,-1,2,5,5,396.83299676234998,785.02380759962796,388.19081083727798,-11.4287436906632,-35.554514487922702,-24.125770797259499,1.97822210855554,2,shell3-shell3,1
shell3-shell3,2,175,1175,0,-1,2,6,6,417.84085429029,826.45786417778004,408.61700988748998,9.5791138372772995,5.8795420902288198,-3.6995717470484801,1.97792498194446,2,shell3-shell3,1
shell3-shell3,2,178,1178,0,-1,2,6,6,428.40523463487,851.29913023048505,422.89389559561602,20.143494181856799,30.720808142934398,10.5773139610776,1.98713522012878,2,shell3-shell3,1
shell3-shell3,2,179,1179,0,-1,2,8,8,439.81562707447301,877.50308628279197,437.68745920831901,31.553886621459899,56.924764195241004,25.370877573781101,1.9951612272617301,2,shell3-shell3,1
shell3-shell3,2,181,1181,0,-1,2,4,4,403.681373942623,796.73743883111899,393.056064888496,-4.5803665103899203,-23.8408832564322,-19.260516746042299,1.9736789712382501,2,shell3-shell3,1
shell3-shell3,2,182,1182,0,-1,2,2,2,382.56419128210302,764.232787934616,381.66859665251297,-25.697549170909401,-56.345534152934903,-30.647984982025498,1.99765896900442,2,shell3-shell3,1
shell3-shell3,2,183,1183,0,-1,2,7,7,411.54831601337202,815.61856238965595,404.07024637628399,3.2865755603589801,-4.9597596978949197,-8.2463352582539091,1.98182942476955,2,shell3-shell3,1
shell3-shell3,2,184,1184,0,-1,2,5,5,421.52900940088898,859.15968468459505,437.63067528370601,13.2672689478765,38.581362597044503,25.3140936491681,2.03819823908609,2,shell3-shell3,1
shell3-shell3,2,189,1189,0,-1,2,2,2,375.03282729860001,740.58412330381896,365.551296005219,-33.228913154412901,-79.994198783732301,-46.765285629319401,1.97471812971233,2,shell3-shell3,1
shell3-shell3,2,190,1190,0,-1,2,6,6,423.09626244988698,845.43619164815595,422.33992919826898,14.8345219968742,24.857869560605302,10.0233475637311,1.9982123849375599,2,shell3-shell3,1
shell3-shell3,2,191,1191,0,-1,2,8,8,419.99237079102699,850.20264536986895,430.21027457884099,11.7306303380147,29.624323282318102,17.8936929443034,2.0243287842790298,2,shell3-shell3,1
shell3-shell3,2,192,1192,0,-1,2,2,2,380.25815648398401,747.43975453091196,367.181598046928,-28.003583969028998,-73.138567556639103,-45.134983587610101,1.96561136634657,2,shell3-shell3,1
shell3-shell3,2,193,1193,0,-1,2,4,4,389.55952566396701,770.66773104725701,381.10820538329102,-18.702214789046099,-49.910591040293397,-31.208376251247302,1.97830544570494,2,shell3-shell3,1
shell3-shell3,2,194,1194,0,-1,2,7,7,431.63314607524001,850.98288759749903,419.34974152225902,23.371405622227101,30.404565509948299,7.0331598877211796,1.9715420266847601,2,shell3-shell3,1
shell3-shell3,2,195,1195,0,-1,2,7,7,417.77202760906198,822.02168232495706,404.24965471589502,9.5102871560488893,1.4433602374058401,-8.0669269186430501,1.96763217257375,2,shell3-shell3,1
shell3-shell3,2,197,1197,0,-1,2,8,8,409.827333900209,807.00299557947596,397.17566167926702,1.5655934471966999,-13.575326508074699,-15.1409199552714,1.9691292620710801,2,shell3-shell3,1
shell3-shell3,2,198,1198,0,-1,2,3,3,412.70864650695597,812.19264136696802,399.48399486001301,4.4469060539429996,-8.3856807205825099,-12.832586774525501,1.96795644637234,2,shell3-shell3,1
shell3-shell3,2,202,1202,0,-1,2,5,5,430.61771656277602,849.233170357875,418.61545379509897,22.355976109763699,28.6548482703245,6.2988721605607303,1.9721278008172101,2,shell3-shell3,1
shell3-shell3,2,205,1205,0,-1,2,3,3,394.92488043274199,780.78407458507195,385.85919415233099,-13.336860020271001,-39.794247502478399,-26.457387482207299,1.9770445299104,2,shell3-shell3,1
shell3-shell3,2,206,1206,0,-1,2,5,5,407.64674870799303,802.91066569480597,395.263916986813,-0.61499174501926701,-17.667656392744401,-17.052664647725202,1.9696236220197301,2,shell3-shell3,1
shell3-shell3,2,211,1211,0,-1,2,5,5,430.70436264936501,855.13330284460199,424.42894019523698,22.442622196352499,34.554980757051503,12.112358560699001,1.9854298609479399,2,shell3-shell3,1
shell3-shell3,2,212,1212,0,-1,2,6,6,385.57253888847401,761.49460035475397,375.92206146628098,-22.6892015645392,-59.083721732796398,-36.394520168257301,1.9749710457855401,2,shell3-shell3,1
shell3-shell3,2,216,1216,0,-1,2,5,5,423.59654703974599,897.24844426804304,473.651897228297,15.334806586733301,76.670122180492399,61.335315593759098,2.1181675123141499,2,shell3-shell3,1
shell3-shell3,2,217,1217,0,-1,2,7,7,416.71632508707302,827.14360330841805,410.42727822134498,8.45458463405987,6.5652812208670603,-1.8893034131928099,1.9849080861796999,2,shell3-shell3,1
shell3-shell3,2,218,1218,0,-1,2,4,4,406.02168379638698,801.99432371936302,395.97263992297599,-2.2400566566258799,-18.583998368187999,-16.343941711562099,1.9752499822683101,2,shell3-shell3,1
shell3-shell3,2,219,1219,0,-1,2,4,4,389.53458149213702,767.83908200025303,378.30450050811697,-18.727158960875801,-52.739240087297297,-34.0120811264214,1.9711705160014199,2,shell3-shell3,1
shell3-shell3,2,220,1220,0,-1,2,3,3,440.373470760808,890.84524055487498,450.471769794068,32.111730307795099,70.2669184673247,38.155188159529501,2.0229312156697699,2,shell3-shell3,1
shell3-shell3,2,225,1225,0,-1,2,3,3,386.66905528498899,760.34455951354903,373.67550422855999,-21.592685168024001,-60.233762574002,-38.641077405978002,1.96639619623336,2,shell3-shell3,1
shell3-shell3,2,226,1226,0,-1,2,11,11,411.87100888197301,812.54184674793305,400.67083786595902,3.6092684289605499,-8.0364753396181605,-11.645743768578701,1.97280660504264,2,shell3-shell3,1
shell3-shell3,2,227,1227,0,-1,2,3,3,366.90027901411298,723.33297728687296,356.432698272761,-41.3614614389002,-97.2453448006776,-55.8838833617774,1.9714702295417199,2,shell3-shell3,1
shell3-shell3,2,232,1232,0,-1,2,3,3,398.83478647499902,793.36700644620703,394.53221997120801,-9.4269539780138398,-27.211315641343401,-17.784361663329499,1.9892121583931599,2,shell3-shell3,1
shell3-shell3,2,233,1233,0,-1,2,3,3,378.60807587366997,746.94969556384501,368.341619690176,-29.653664579343101,-73.628626523705293,-43.9749619443622,1.97288368411106,2,shell3-shell3,1
shell3-shell3,2,236,1236,0,-1,2,7,7,414.98204841158099,839.57846284658797,424.59641443500601,6.7203079585685801,19.0001407590368,12.279832800468199,2.02316814922531,2,shell3-shell3,1
shell3-shell3,2,237,1237,0,-1,2,3,3,422.01119771017301,843.29924614971003,421.28804843953702,13.7494572571605,22.7209240621596,8.9714668049990696,1.9982864216054901,2,shell3-shell3,1
shell3-shell3,2,239,1239,0,-1,2,3,3,405.23822844574499,822.59478491424602,417.3565564685,-3.02351200726741,2.01646282669503,5.0399748339624502,2.02990420738249,2,shell3-shell3,1
shell3-shell3,2,241,1241,0,-1,2,4,4,411.98643866173097,908.70133348549098,496.71489482376001,3.7246982087178799,88.123011397940104,84.398313189222193,2.20565836205011,2,shell3-shell3,1
shell3-shell3,2,244,1244,0,-1,2,4,4,430.19226923963203,849.49214003684096,419.299870797209,21.930528786619199,28.913817949290301,6.9832891626711602,1.9746801622872601,2,shell3-shell3,1
shell3-shell3,2,245,1245,0,-1,2,4,4,390.94810956170801,797.50079465230601,406.552685090598,-17.3136308913043,-23.077527435244701,-5.7638965439404002,2.0399146974937001,2,shell3-shell3,1
shell3-shell3,2,247,1247,0,-1,2,6,6,393.18292677155,773.91662217712303,380.73369540557297,-15.0788136814631,-46.6616999104277,-31.5828862289646,1.96833730429702,2,shell3-shell3,1
shell3-shell3,2,248,1248,0,-1,2,3,3,369.17929490743899,775.59459643002299,406.415301522584,-39.0824455455733,-44.9837256575277,-5.9012801119543496,2.1008615789909899,2,shell3-shell3,1
shell3-shell3,2,250,1250,0,-1,2,2,2,394.54256035434202,780.05285860800996,385.510298253668,-13.719180098671099,-40.525463479540797,-26.806283380869701,1.9771070018591601,2,shell3-shell3,1
shell3-shell3,2,253,1253,0,-1,2,4,4,423.27845377314497,831.43153889361997,408.153085120475,15.016713320132499,10.853216806069399,-4.1634965140630102,1.96426615028986,2,shell3-shell3,1
shell3-shell3,2,257,1257,0,-1,2,3,3,392.83144091396099,774.88206103310995,382.05062011914998,-15.4302995390521,-45.696261054440399,-30.265961515388302,1.9725561152393301,2,shell3-shell3,1
shell3-shell3,2,258,1258,0,-1,2,4,4,382.86994641473302,759.84334615866101,376.97339974392798,-25.391794038279802,-60.734975928890201,-35.343181890610403,1.9845990871677901,2,shell3-shell3,1
shell3-shell3,2,260,1260,0,-1,2,6,6,437.533927919414,862.561983504517,425.02805558510403,29.272187466400801,41.983661416966498,12.711473950565701,1.97141736552002,2,shell3-shell3,1
shell3-shell3,2,262,1262,0,-1,2,11,11,422.964434577509,838.032198003198,415.06776342568799,14.702694124496601,17.453875915646801,2.7511817911501999,1.9813301769457099,2,shell3-shell3,1
shell3-shell3,2,266,1266,0,-1,2,5,5,393.57476149411502,778.01325488885198,384.43849339473701,-14.686978958897599,-42.565067198698301,-27.8780882398008,1.97678644823491,2,shell3-shell3,1
shell3-shell3,2,267,1267,0,-1,2,4,4,375.57479986622701,743.05476508938204,367.47996522315498,-32.686940586785603,-77.523556998168502,-44.836616411382899,1.97844681100554,2,shell3-shell3,1
shell3-shell3,2,269,1269,0,-1,2,13,13,417.8551739257,824.36397011272197,406.50879618702203,9.5934334726874795,3.7856480251709899,-5.8077854475164896,1.97284614754897,2,shell3-shell3,1
shell3-shell3,2,272,1272,0,-1,2,2,2,381.94794553563298,756.78227630830997,374.83433077267603,-26.313794917379301,-63.796045779240998,-37.4822508618618,1.98137543388804,2,shell3-shell3,1
shell3-shell3,2,275,1275,0,-1,2,6,6,405.9384749628,801.843253033221,395.90477807041998,-2.32326549021252,-18.735069054330101,-16.411803564117601,1.97528271521122,2,shell3-shell3,1
shell3-shell3,2,276,1276,0,-1,2,4,4,398.03307500015802,813.16128943309798,415.12821443294098,-10.228665452854999,-7.4170326544524396,2.8116327984025098,2.0429490424452199,2,shell3-shell3,1
shell3-shell3,2,277,1277,0,-1,2,6,6,429.62028269001797,848.56117814794504,418.94089545792701,21.358542237005199,27.982856060394401,6.6243138233891701,1.97514226478037,2,shell3-shell3,1
shell3-shell3,2,278,1278,0,-1,2,4,4,408.20810447124398,806.24179591858297,398.03369144733898,-0.053635981768479703,-14.336526168967801,-14.2828901871993,1.97507542620428,2,shell3-shell3,1
shell3-shell3,2,279,1279,0,-1,2,3,3,359.25796701946501,717.61666408629299,358.35869706682797,-49.003773433547501,-102.961658001258,-53.957884567710302,1.9974968684477701,2,shell3-shell3,1
shell3-shell3,2,280,1280,0,-1,2,5,5,375.02766132444202,743.33598862892904,368.30832730448702,-33.234079128571203,-77.242333458621701,-44.008254330050498,1.9820830975607899,2,shell3-shell3,1
shell3-shell3,2,281,1281,0,-1,2,7,7,419.45666485817401,848.60951104101798,429.15284618284397,11.194924405161499,28.031188953467101,16.8362645483056,2.0231160502073502,2,shell3-shell3,1
shell3-shell3,2,282,1282,0,-1,2,4,4,426.06713395731703,843.07261138047704,417.00547742315899,17.8053935043047,22.494289292925899,4.6888957886212701,1.97873185746576,2,shell3-shell3,1
shell3-shell3,2,283,1283,0,-1,2,2,2,388.42840702876703,768.89189893979005,380.46349191102303,-19.833333424246,-51.686423147760898,-31.853089723514898,1.9794945092232801,2,shell3-shell3,1
shell3-shell3,2,284,1284,0,-1,2,14,14,424.17711636077797,882.41199586614698,458.23487950536901,15.915375907765,61.833673778596101,45.918297870831097,2.0802913731810699,2,shell3-shell3,1
shell3-shell3,2,290,1290,0,-1,2,3,3,341.26008318750303,672.35130971678996,331.09122652928698,-67.001657265509607,-148.227012370761,-81.225355105251197,1.9702020331143499,2,shell3-shell3,1
shell3-shell3,2,291,1291,0,-1,2,7,7,422.24881675224799,841.90905055108794,419.66023379884001,13.987076299234801,21.330728463537,7.3436521643021102,1.9938695317767401,2,shell3-shell3,1
shell3-shell3,2,292,1292,0,-1,2,6,6,403.03160874538901,797.82000993485099,394.78840118946198,-5.2301317076237996,-22.7583121526993,-17.528180445075499,1.9795469948831399,2,shell3-shell3,1
shell3-shell3,2,293,1293,0,-1,2,2,2,374.424307619518,738.50666084629495,364.08235322677803,-33.8374328334952,-82.071661241255498,-48.234228407760298,1.9723790518342901,2,shell3-shell3,1
shell3-shell3,2,294,1294,0,-1,2,2,2,327.30867918657299,669.27108244300098,341.96240325642799,-80.953061266439406,-151.30723964454901,-70.354178378110106,2.0447703498308401,2,shell3-shell3,1
shell3-shell3,2,295,1295,0,-1,2,7,7,404.470104753768,802.23771662173601,397.76761186796801,-3.7916356992448601,-18.340605465814502,-14.5489697665697,1.9834289535690699,2,shell3-shell3,1
shell3-shell3,2,296,1296,0,-1,2,2,2,349.30609281905203,690.46233194110096,341.15623912204899,-58.955647633960801,-130.11599014645,-71.160342512488896,1.97666844677334,2,shell3-shell3,1
shell3-shell3,2,297,1297,0,-1,2,2,2,365.82255543373401,720.674375774905,354.85182034117099,-42.439185019278497,-99.9039463126458,-57.464761293367197,1.97001077454189,2,shell3-shell3,1
shell3-shell3,2,298,1298,0,-1,2,2,2,400.73999553554398,791.83180811157604,391.091812576032,-7.5217449174687703,-28.746513975975201,-21.2247690585064,1.97592408277936,2,shell3-shell3,1
shell3-shell3,2,300,1300,0,-1,2,4,4,414.27237865548898,824.77145011263497,410.49907145714599,6.0106382024761702,4.1931280250837499,-1.81751017739242,1.9908917239170301,2,shell3-shell3,1
shell3-shell3,2,303,1303,0,-1,2,5,5,416.36540666932899,865.14047564350096,448.775068974173,8.1036662163159008,44.562153555950502,36.458487339634601,2.0778394693356099,2,shell3-shell3,1
shell3-shell3,2,304,1304,0,-1,2,3,3,381.52028801147799,752.61258619457396,371.09229818309598,-26.741452441534499,-67.965735892976298,-41.224283451441799,1.9726672731279,2,shell3-shell3,1
shell3-shell3,2,308,1308,0,-1,2,5,5,420.41599794600501,834.13491065575397,413.71891270974902,12.1542574929924,13.556588568203299,1.4023310752109499,1.98407033683548,2,shell3-shell3,1
shell3-shell3,2,310,1310,0,-1,2,2,2,375.37188329187501,754.41273587732098,379.04085258544598,-32.889857161137897,-66.165586210230202,-33.275729049092298,2.0097742251268098,2,shell3-shell3,1
shell3-shell3,2,312,1312,0,-1,2,3,3,391.24338781614,774.08258564022401,382.83919782408498,-17.018352636872802,-46.495736447326301,-29.4773838104535,1.97851927916542,2,shell3-shell3,1
shell3-shell3,2,313,1313,0,-1,2,6,6,387.22439606939599,763.12680278287496,375.90240671347902,-21.0373443836164,-57.451519304675799,-36.414174921059399,1.9707611672434799,2,shell3-shell3,1
shell3-shell3,2,316,1316,0,-1,2,3,3,352.68583169794903,719.82362038618498,367.13778868823601,-55.575908755063402,-100.754701701366,-45.178792946302202,2.0409768572803402,2,shell3-shell3,1
shell3-shell3,2,319,1319,0,-1,2,4,4,404.39939281506201,837.90636792110297,433.50697510604101,-3.8623476379502799,17.3280458335527,21.190393471502901,2.0719773145265101,2,shell3-shell3,1
shell3-shell3,2,322,1322,0,-1,2,5,5,411.37913099660801,813.09681566907602,401.71768467246898,3.1173905435948699,-7.4815064184745097,-10.5988969620694,1.9765144957627501,2,shell3-shell3,1
shell3-shell3,2,323,1323,0,-1,2,7,7,411.33557892999602,812.06986224443494,400.73428331444001,3.0738384769827598,-8.5084598431157001,-11.5822983200985,1.9742271367744699,2,shell3-shell3,1
shell3-shell3,2,324,1324,0,-1,2,2,2,365.59541948939102,723.22311466018095,357.62769517078999,-42.666320963621999,-97.355207427370004,-54.688886463747998,1.9782061702804501,2,shell3-shell3,1
shell3-shell3,2,325,1325,0,-1,2,3,3,373.60000174307299,735.47257566440805,361.87257392133603,-34.661738709940202,-85.105746423142605,-50.444007713202403,1.9686096687178201,2,shell3-shell3,1
shell3-shell3,2,326,1326,0,-1,2,4,4,399.65619834662903,796.56614637672101,396.90994803009198,-8.6055421063838899,-24.012175710829499,-15.4066336044456,1.9931284680985899,2,shell3-shell3,1
shell3-shell3,2,328,1328,0,-1,2,3,3,346.85209516239303,696.296497943242,349.44440278084897,-61.4096452906198,-124.281824144309,-62.872178853689199,2.0074738127709502,2,shell3-shell3,1
shell3-shell3,2,329,1329,0,-1,2,3,3,416.34533235886198,820.40911349319197,404.06378113432902,8.0835919058496906,-0.16920859435924701,-8.2528005002089309,1.9705015277703499,2,shell3-shell3,1
shell3-shell3,2,330,1330,0,-1,2,3,3,399.531618771887,786.38769797430496,386.85607920241699,-8.7301216811254108,-34.190624113246301,-25.460502432120801,1.9682740014208799,2,shell3-shell3,1
shell3-shell3,2,331,1331,0,-1,2,9,9,417.102176725096,818.65416997145701,401.55199324636101,8.8404362720832008,-1.92415211609375,-10.7645883881769,1.96271852714645,2,shell3-shell3,1
shell3-shell3,2,333,1333,0,-1,2,3,3,388.87045249855601,769.26977383914902,380.39932134059302,-19.391287954456601,-51.308548248401301,-31.9172602939447,1.97821605857803,2,shell3-shell3,1
shell3-shell3,2,334,1334,0,-1,2,2,2,325.83422277101999,642.39528606768397,316.56106329666397,-82.427517681992896,-178.18303601986599,-95.755518337873596,1.97154025321376,2,shell3-shell3,1
shell3-shell3,2,335,1335,0,-1,2,5,5,404.87625692014399,799.872274406016,394.99601748587202,-3.3854835328692201,-20.706047681535001,-17.320564148665799,1.9755968909873101,2,shell3-shell3,1
shell3-shell3,2,337,1337,0,-1,2,4,4,418.391363737456,825.26874616838995,406.87738243093401,10.1296232844428,4.6904240808391897,-5.4391992036036099,1.97248035618215,2,shell3-shell3,1
shell3-shell3,2,339,1339,0,-1,2,3,3,376.40828599979397,747.56005286858306,371.15176686878903,-31.853454453218301,-73.018269218967504,-41.164814765749199,1.98603505999597,2,shell3-shell3,1
shell3-shell3,2,340,1340,0,-1,2,5,5,419.601158884168,830.12308888319001,410.52192999902201,11.3394184311549,9.5447667956392497,-1.7946516355156099,1.9783622406828201,2,shell3-shell3,1
shell3-shell3,2,343,1343,0,-1,2,2,2,373.10761085538599,737.752669950788,364.64505909540298,-35.154129597627197,-82.8256521367625,-47.671522539135303,1.9773187372388801,2,shell3-shell3,1
shell3-shell3,2,344,1344,0,-1,2,4,4,384.00985455139198,755.97525624851801,371.96540169712603,-24.251885901620501,-64.603065839032496,-40.351179937411999,1.96863504227427,2,shell3-shell3,1
shell3-shell3,2,347,1347,0,-1,2,3,3,401.15805452273997,792.48856826283804,391.33051374009898,-7.1036859302729498,-28.0897538247123,-20.986067894439302,1.9755020728816399,2,shell3-shell3,1
shell3-shell3,2,350,1350,0,-1,2,2,2,367.351059497954,765.89108826444897,398.54002876649503,-40.910680955058403,-54.687233823101799,-13.7765528680434,2.0849023528370001,2,shell3-shell3,1
shell3-shell3,2,353,1353,0,-1,2,6,6,417.531391572399,823.13074229508595,405.59935072268598,9.2696511193867099,2.5524202075350799,-6.7172309118516296,1.9714224101694999,2,shell3-shell3,1
shell3-shell3,2,354,1354,0,-1,2,3,3,360.28827398553102,712.101898985714,351.81362500018298,-47.973466467481998,-108.476423101837,-60.502956634354497,1.9764781437608301,2,shell3-shell3,1
shell3-shell3,2,355,1355,0,-1,2,6,6,442.447850576093,874.78035366767199,432.33250309157899,34.186110123080198,54.202031580120803,20.015921457040601,1.9771377633062399,2,shell3-shell3,1
shell3-shell3,2,357,1357,0,-1,2,2,2,387.25957137033703,762.30736577123503,375.04779440089902,-21.002169082675898,-58.270956316315299,-37.268787233639401,1.96846617134284,2,shell3-shell3,1
shell3-shell3,2,358,1358,0,-1,2,3,3,386.72922439956898,762.97279298214801,376.24356858257897,-21.532516053444098,-57.605529105402603,-36.073013051958597,1.97288631126011,2,shell3-shell3,1
shell3-shell3,2,359,1359,0,-1,2,2,2,369.54856711629202,729.42577710616297,359.87720998986998,-38.713173336720502,-91.152544981388203,-52.439371644667702,1.97382926633462,2,shell3-shell3,1
shell3-shell3,2,362,1362,0,-1,2,3,3,375.96397911358201,738.16013784860399,362.19615873502198,-32.297761339430998,-82.418184238946793,-50.120422899515802,1.96337994823063,2,shell3-shell3,1
shell3-shell3,2,364,1364,0,-1,2,4,4,402.92892531312998,810.427058206129,407.498132892998,-5.3328151398824799,-10.151263881422199,-4.8184487415397301,2.0113399840339499,2,shell3-shell3,1
shell3-shell3,2,366,1366,0,-1,2,4,4,397.21061775025601,792.95988988920499,395.74927213894898,-11.051122702757199,-27.618432198345999,-16.567309495588798,1.99632098049246,2,shell3-shell3,1
shell3-shell3,2,369,1369,0,-1,2,2,2,363.94320733950599,722.16625673290901,358.22304939340199,-44.318533113506497,-98.412065354642195,-54.093532241135698,1.9842828281150799,2,shell3-shell3,1
shell3-shell3,2,375,1375,0,-1,2,4,4,392.75182094789398,784.41924199277105,391.66742104487702,-15.5099195051184,-36.159080094779704,-20.6491605896613,1.99723896912712,2,shell3-shell3,1
shell3-shell3,2,376,1376,0,-1,2,4,4,384.38450964984298,756.29240188443498,371.90789223459097,-23.8772308031694,-64.285920203116106,-40.408689399946802,1.96754131058346,2,shell3-shell3,1
shell3-shell3,2,377,1377,0,-1,2,2,2,353.88367990835502,725.02154308820502,371.13786317985,-54.378060544658098,-95.556778999345994,-41.178718454687903,2.04875665155275,2,shell3-shell3,1
shell3-shell3,2,379,1379,0,-1,2,4,4,391.15076881759398,773.28396677277306,382.13319795517901,-17.1109716354188,-47.294355314778002,-30.183383679359299,1.9769460484772301,2,shell3-shell3,1
shell3-shell3,2,380,1380,0,-1,2,2,2,363.87508038283403,717.07663948446395,353.20155910162902,-44.386660070178401,-103.501682603087,-59.115022532908803,1.97066707269436,2,shell3-shell3,1
shell3-shell3,2,381,1381,0,-1,2,2,2,359.52673960466399,713.80700350352197,354.28026389885798,-48.735000848348399,-106.771318584029,-58.036317735680399,1.9854072725951499,2,shell3-shell3,1
shell3-shell3,2,382,1382,0,-1,2,5,5,384.11401543064397,763.42774522889397,379.31372979824999,-24.147725022369102,-57.150576858656997,-33.002851836287903,1.98750296672458,2,shell3-shell3,1
shell3-shell3,2,384,1384,0,-1,2,2,2,395.972146920998,785.37875520079103,389.406608279794,-12.2895935320152,-35.199566886759399,-22.909973354744199,1.98341919073789,2,shell3-shell3,1
shell3-shell3,2,385,1385,0,-1,2,2,2,369.63362933499099,726.42023307537897,356.78660374038799,-38.6281111180217,-94.158089012171999,-55.529977894150299,1.96524389402091,2,shell3-shell3,1
shell3-shell3,2,387,1387,0,-1,2,3,3,387.75672738875198,763.22302373996001,375.46629635120701,-20.505013064260499,-57.355298347591201,-36.850285283330699,1.9683037580796801,2,shell3-shell3,1
shell3-shell3,2,388,1388,0,-1,2,3,3,399.25838196416998,789.43749588206902,390.17911391789897,-9.0033584888427605,-31.140826205482199,-22.137467716639399,1.97725966828397,2,shell3-shell3,1
shell3-shell3,2,389,1389,0,-1,2,3,3,414.06148430204797,819.09690094056305,405.03541663851502,5.799743849035,-1.48142114698817,-7.2811649960231604,1.9782011416040099,2,shell3-shell3,1
shell3-shell3,2,390,1390,0,-1,2,2,2,363.92805662478202,717.35257600371403,353.42451937893202,-44.333683828230797,-103.225746083836,-58.892062255605502,1.9711384240520999,2,shell3-shell3,1
shell3-shell3,2,395,1395,0,-1,2,3,3,392.46462378312401,776.36164827786399,383.89702449473998,-15.7971166698884,-44.216673809686398,-28.419557139797998,1.97816975398751,2,shell3-shell3,1
shell3-shell3,2,397,1397,0,-1,2,2,2,384.35506688835198,758.41588859637704,374.06082170802398,-23.906673564660501,-62.162433491174198,-38.255759926513598,1.97321683498629,2,shell3-shell3,1
shell3-shell3,2,398,1398,0,-1,2,3,3,394.48971637944101,782.96712193420399,388.47740555476298,-13.772024073571499,-37.611200153346502,-23.839176079775001,1.9847592710911199,2,shell3-shell3,1
shell3-shell3,2,399,1399,0,-1,2,9,9,388.41978967659401,768.46707076614496,380.04728108955101,-19.841950776418599,-52.111251321405298,-32.269300544986699,1.9784446910029601,2,shell3-shell3,1
shell3-shell3,2,402,1402,0,-1,2,5,5,379.694914761505,749.04470607805104,369.34979131654597,-28.5668256915081,-71.533616009499596,-42.966790317991503,1.9727541164161899,2,shell3-shell3,1
shell3-shell3,2,403,1403,0,-1,2,3,3,376.39171761396398,742.81414504459201,366.42242743062798,-31.870022839049099,-77.764177042959204,-45.894154203910098,1.9735135240314701,2,shell3-shell3,1
shell3-shell3,2,404,1404,0,-1,2,2,2,329.24884570733002,657.87721088703404,328.62836517970402,-79.0128947456828,-162.701111200517,-83.688216454833906,1.9981154663540499,2,shell3-shell3,1
shell3-shell3,2,406,1406,0,-1,2,2,2,383.00416580280103,753.11171167488897,370.107545872088,-25.257574650212099,-67.466610412662007,-42.20903576245,1.96632772935072,2,shell3-shell3,1
shell3-shell3,2,412,1412,0,-1,2,5,5,403.01357665722298,822.12832291697703,419.11474625975399,-5.2481637957901599,1.55000082942615,6.7981646252163204,2.0399519285084202,2,shell3-shell3,1
shell3-shell3,2,414,1414,0,-1,2,3,3,359.69784299762898,708.52595841633297,348.82811541870399,-48.563897455384101,-112.052363671218,-63.488466215834002,1.96978094867531,2,shell3-shell3,1
shell3-shell3,2,415,1415,0,-1,2,4,4,371.11698400329698,731.41030324218696,360.29331923888998,-37.1447564497158,-89.168018845363903,-52.023262395648104,1.97083489780594,2,shell3-shell3,1
shell3-shell3,2,416,1416,0,-1,2,2,2,347.73833971148798,715.02778500663896,367.28944529515002,-60.523400741524597,-105.55053708091199,-45.027136339387503,2.0562236122708901,2,shell3-shell3,1
shell3-shell3,2,420,1420,0,-1,2,4,4,378.893165198622,746.779468318098,367.886303119476,-29.3685752543911,-73.798853769452805,-44.430278515061602,1.97094995874794,2,shell3-shell3,1
shell3-shell3,2,421,1421,0,-1,2,2,2,369.69113857414402,745.545574609661,375.85443603551698,-38.570601878869198,-75.032747477889899,-36.462145599020701,2.0166714773990702,2,shell3-shell3,1
shell3-shell3,2,422,1422,0,-1,2,3,3,383.87489856109698,755.42905432515499,371.55415576405801,-24.386841891915701,-65.149267762395993,-40.7624258704803,1.96790427599402,2,shell3-shell3,1
shell3-shell3,2,423,1423,0,-1,2,5,5,399.44753740432202,794.16499390174499,394.71745649742297,-8.8142030486908407,-26.413328185806101,-17.599125137115301,1.98815844268903,2,shell3-shell3,1
shell3-shell3,2,424,1424,0,-1,2,2,2,342.48121190244302,679.82318185803501,337.34196995559199,-65.7805285505694,-140.75514022951501,-74.974611678945806,1.98499409086325,2,shell3-shell3,1
shell3-shell3,2,425,1425,0,-1,2,2,2,371.18995480592997,731.25188387263802,360.06192906670702,-37.0717856470824,-89.326438214913196,-52.254652567830803,1.97002067110075,2,shell3-shell3,1
shell3-shell3,2,426,1426,0,-1,2,2,2,352.81956803426601,698.81807506969199,345.998507035427,-55.442172418746999,-121.76024701785801,-66.318074599111497,1.98066699917796,2,shell3-shell3,1
shell3-shell3,2,428,1428,0,-1,2,4,4,362.94489175241102,716.46328885814705,353.51839710573603,-45.316848700601298,-104.11503322940401,-58.798184528802402,1.97402775225417,2,shell3-shell3,1
shell3-shell3,2,430,1430,0,-1,2,7,7,403.37453070358902,794.55186970011403,391.17733899652598,-4.8872097494239597,-26.026452387436301,-21.139242638012298,1.96976211739054,2,shell3-shell3,1
shell3-shell3,2,432,1432,0,-1,2,3,3,353.68338917311002,711.39094424312395,357.707555070014,-54.578351279902598,-109.187377844427,-54.6090265645241,2.0113778764287198,2,shell3-shell3,1
shell3-shell3,2,436,1436,0,-1,2,2,2,370.13567261607602,727.29009577462796,357.15442315855199,-38.126067836936897,-93.288226312922802,-55.162158475985898,1.9649284021565001,2,shell3-shell3,1
shell3-shell3,2,437,1437,0,-1,2,2,2,376.56152763467298,941.12109392671903,564.55956629204502,-31.700212818339299,120.542771839168,152.24298465750701,2.4992491926571998,2,shell3-shell3,1
shell3-shell3,2,438,1438,0,-1,2,3,3,380.05301080174098,756.16419034730097,376.11117954555999,-28.208729651271401,-64.414131740249601,-36.205402088978097,1.9896282067391999,2,shell3-shell3,1
shell3-shell3,2,439,1439,0,-1,2,4,4,394.950581071182,1023.94552761196,628.99494654078205,-13.3111593818307,203.367205524414,216.67836490624401,2.5925915207791999,2,shell3-shell3,1
shell3-shell3,2,440,1440,0,-1,2,3,3,376.40892723988998,752.07075310993901,375.66182587004897,-31.852813213122701,-68.507568977611299,-36.654755764488598,1.99801518689974,2,shell3-shell3,1
shell3-shell3,2,443,1443,0,-1,2,2,2,365.28045546123201,718.63894773016898,353.35849226893703,-42.981284991780498,-101.939374357381,-58.958089365600799,1.96736216511436,2,shell3-shell3,1
shell3-shell3,2,446,1446,0,-1,2,4,4,404.84640540338802,798.27321786471896,393.42681246133202,-3.4153350496250101,-22.305104222831499,-18.8897691732064,1.97179277674288,2,shell3-shell3,1
shell3-shell3,2,447,1447,0,-1,2,3,3,364.85676671800201,717.18581341444303,352.32904669644199,-43.404973735011097,-103.392508673108,-59.987534938096502,1.9656640052636301,2,shell3-shell3,1
shell3-shell3,2,448,1448,0,-1,2,2,2,351.68694977003099,697.324956178359,345.63800640832801,-56.574790682982098,-123.253365909192,-66.67857522621,1.9828002052232601,2,shell3-shell3,1
shell3-shell3,2,449,1449,0,-1,2,5,5,390.29358449114699,767.88883055148403,377.59524606033699,-17.968155961865399,-52.689491536066598,-34.721335574201198,1.96746464985489,2,shell3-shell3,1
shell3-shell3,2,450,1450,0,-1,2,2,2,345.94612226349398,682.43435553075699,336.48823326726301,-62.315618189519199,-138.143966556794,-75.828348367274501,1.9726608035541799,2,shell3-shell3,1
shell3-shell3,2,456,1456,0,-1,2,2,2,333.12570373433601,655.38093191172504,322.25522817738801,-75.136036718676294,-165.197390175826,-90.061353457149707,1.9673682473760199,2,shell3-shell3,1
shell3-shell3,2,459,1459,0,-1,2,4,4,380.272461129406,755.64448207847602,375.37202094907002,-27.989279323606901,-64.933840009074601,-36.944560685467799,1.98711334455884,2,shell3-shell3,1
shell3-shell3,2,460,1460,0,-1,2,2,2,365.61601267868002,721.62888568180995,356.01287300312998,-42.645727774333203,-98.949436405740897,-56.303708631407702,1.97373435696869,2,shell3-shell3,1
shell3-shell3,2,461,1461,0,-1,2,3,3,379.76234464220801,756.51429367814103,376.75194903593302,-28.499395810804302,-64.064028409409403,-35.564632598605002,1.99207294865132,2,shell3-shell3,1
shell3-shell3,2,463,1463,0,-1,2,2,2,349.474617125642,689.34324845009598,339.86863132445302,-58.787123327370601,-131.235073637455,-72.447950310084494,1.97251306581234,2,shell3-shell3,1
shell3-shell3,2,466,1466,0,-1,2,2,2,357.50092028194501,705.12679775542301,347.62587747347902,-50.760820171067799,-115.45152433212699,-64.690704161059401,1.97237757373973,2,shell3-shell3,1
shell3-shell3,2,468,1468,0,-1,2,2,2,292.44844409419898,608.01361198127097,315.56516788707199,-115.81329635881301,-212.56471010627899,-96.751413747465804,2.0790454668496299,2,shell3-shell3,1
shell3-shell3,2,469,1469,0,-1,2,2,2,309.98540712708098,608.42027297745301,298.43486585037198,-98.276333325931404,-212.15804911009701,-113.881715784166,1.96273843538714,2,shell3-shell3,1
shell3-shell3,2,470,1470,0,-1,2,2,2,325.76327313707901,641.103353816653,315.34008067957399,-82.498467315933596,-179.47496827089799,-96.976500954963996,1.96800378275571,2,shell3-shell3,1
shell3-shell3,2,471,1471,0,-1,2,6,6,383.82318489316299,754.31788884151399,370.494703948351,-24.4385555598496,-66.260433246036399,-41.821877686186802,1.96527442460642,2,shell3-shell3,1
shell3-shell3,2,475,1475,0,-1,2,2,2,337.58191043791197,665.31057122837296,327.72866079046099,-70.679830015100293,-155.26775085917799,-84.587920844077303,1.97081227002161,2,shell3-shell3,1
shell3-shell3,2,478,1478,0,-1,2,4,4,387.07491572569103,760.97556849780801,373.90065277211602,-21.1868247273216,-59.602753589743202,-38.415928862421701,1.96596456546693,2,shell3-shell3,1
shell3-shell3,2,479,1479,0,-1,2,3,3,389.70905002827601,772.88515076491501,383.176100736639,-18.552690424736401,-47.693171322635401,-29.140480897899,1.98323634185256,2,shell3-shell3,1
shell3-shell3,2,482,1482,0,-1,2,2,2,375.83972966425603,748.14513431631701,372.30540465206099,-32.422010788756602,-72.433187771233307,-40.011176982476698,1.99059619105369,2,shell3-shell3,1
shell3-shell3,2,484,1484,0,-1,2,3,3,380.70619612005902,760.13202160273397,379.42582548267501,-27.555544332954099,-60.446300484816703,-32.890756151862597,1.9966368536933901,2,shell3-shell3,1
shell3-shell3,2,486,1486,0,-1,2,4,4,411.448945312614,821.33302085544801,409.88407554283299,3.1872048596014801,0.75469876789679802,-2.4325060917046799,1.99619668542693,2,shell3-shell3,1
shell3-shell3,2,487,1487,0,-1,2,2,2,365.90988735074501,719.161248458827,353.25136110808199,-42.351853102267803,-101.417073628724,-59.0652205264564,1.9654053451949201,2,shell3-shell3,1
shell3-shell3,2,490,1490,0,-1,2,2,2,360.024194902864,712.16635325911398,352.14215835624901,-48.237545550148397,-108.411968828437,-60.1744232782887,1.9781069254283301,2,shell3-shell3,1
shell3-shell3,2,492,1492,0,-1,2,2,2,364.65934981247602,718.34081689526204,353.68146708278601,-43.602390640536903,-102.23750519228901,-58.635114551752302,1.9698955127975299,2,shell3-shell3,1
shell3-shell3,2,494,1494,0,-1,2,2,2,359.36267707095499,707.98159914291205,348.618922071957,-48.899063382057903,-112.596722944639,-63.697659562581002,1.97010330876159,2,shell3-shell3,1
shell3-shell3,2,495,1495,0,-1,2,2,2,396.76043119524797,787.421293783593,390.66086258834503,-11.501309257764699,-33.157028303957901,-21.655719046193202,1.98462657027434,2,shell3-shell3,1
shell3-shell3,2,496,1496,0,-1,2,3,3,394.55417598105402,786.72454605403595,392.170370072982,-13.7075644719585,-33.853776033514897,-20.146211561556399,1.9939582291781699,2,shell3-shell3,1
shell3-shell3,2,497,1497,0,-1,2,2,2,368.53214159615601,727.50160911785702,358.96946752170197,-39.729598856856903,-93.076712969693403,-53.347114112836501,1.97405199439854,2,shell3-shell3,1
shell3-shell3,2,498,1498,0,-1,2,2,2,330.49301019722401,650.80180691526596,320.30879671804098,-77.768730255788398,-169.776515172285,-92.007784916496703,1.9691847840500301,2,shell3-shell3,1
shell3-shell3,2,500,1500,0,-1,2,3,3,362.15455943149902,718.44770638756097,356.293146956062,-46.107181021514201,-102.13061569999,-56.0234346784761,1.98381516310429,2,shell3-shell3,1
shell3-shell3,2,505,1505,0,-1,2,2,2,355.34294343792601,699.37708976922397,344.03414633129699,-52.918797015086298,-121.201232318327,-68.282435303241002,1.9681749776787001,2,shell3-shell3,1
shell3-shell3,2,506,1506,0,-1,2,3,3,401.10044498377101,789.19660844190696,388.096163458136,-7.1612954692419599,-31.3817136456436,-24.220418176401601,1.9675784914021699,2,shell3-shell3,1
shell3-shell3,2,507,1507,0,-1,2,2,2,362.40792546453798,716.89891056576801,354.49098510123002,-45.853814988475101,-103.679411521783,-57.825596533308001,1.97815461581542,2,shell3-shell3,1
shell3-shell3,2,509,1509,0,-1,2,2,2,393.79078954085497,779.89633322977204,386.10554368891701,-14.470950912157701,-40.681988857779103,-26.2110379456213,1.9804839370141201,2,shell3-shell3,1
shell3-shell3,2,512,1512,0,-1,2,2,2,334.36173900241801,660.96308210728796,326.60134310487001,-73.9000014505949,-159.615239980263,-85.715238529667701,1.97679041890169,2,shell3-shell3,1
shell3-shell3,2,513,1513,0,-1,2,4,4,338.05987332276902,668.718226427785,330.65835310501598,-70.201867130243997,-151.86009565976599,-81.658228529521494,1.9781058895129899,2,shell3-shell3,1
shell3-shell3,2,514,1514,0,-1,2,2,2,367.29485211708499,722.68796972207099,355.393117604986,-40.966888335927798,-97.8903523654797,-56.923464029551901,1.9675962392516599,2,shell3-shell3,1
shell3-shell3,2,518,1518,0,-1,2,6,6,388.49332391989202,765.14828448479398,376.65496056490201,-19.7684165331207,-55.430037602756798,-35.661621069636098,1.96952749860528,2,shell3-shell3,1
shell3-shell3,2,519,1519,0,-1,2,3,3,372.40877780921301,735.97580027522997,363.56702246601702,-35.852962643799302,-84.602521812320404,-48.749559168521202,1.9762579298071099,2,shell3-shell3,1
shell3-shell3,2,520,1520,0,-1,2,2,2,389.57217980111898,768.879371891505,379.30719209038602,-18.6895606518938,-51.698950196045899,-33.0093895441521,1.97365061407626,2,shell3-shell3,1
shell3-shell3,2,521,1521,0,-1,2,2,2,331.07880151853101,655.57167089666996,324.49286937814003,-77.182938934481896,-165.00665119088001,-87.823712256398395,1.98010765983752,2,shell3-shell3,1
shell3-shell3,2,522,1522,0,-1,2,2,2,348.29345422113403,690.39545387007195,342.10199964893701,-59.968286231878402,-130.18286821747901,-70.214581985600702,1.98222345410986,2,shell3-shell3,1
shell3-shell3,2,529,1529,0,-1,2,4,4,346.94694448144003,683.83996955983901,336.8930250784,-61.314795971572899,-136.73835252771099,-75.423556556138493,1.97102173815634,2,shell3-shell3,1
shell3-shell3,2,531,1531,0,-1,2,3,3,412.66363248495099,850.61067731461901,437.94704482966802,4.4018920319380204,30.0323552270679,25.630463195129899,2.0612688164267499,2,shell3-shell3,1
shell3-shell3,2,533,1533,0,-1,2,2,2,363.35408976249602,714.39063745366002,351.03654769116503,-44.907650690517002,-106.187684633891,-61.280033943373503,1.96610044466712,2,shell3-shell3,1
shell3-shell3,2,534,1534,0,-1,2,3,3,341.631428822212,676.79870553196997,335.16727670975803,-66.630311630800804,-143.77961655558099,-77.149304924779798,1.9810785789388901,2,shell3-shell3,1
shell3-shell3,2,535,1535,0,-1,2,2,2,345.08367407313199,682.87859475238895,337.79492067925702,-63.178066379880299,-137.69972733516201,-74.521660955281405,1.9788783012889499,2,shell3-shell3,1
shell3-shell3,2,536,1536,0,-1,2,2,2,358.31809542342501,704.00321857905999,345.68512315563498,-49.943645029587501,-116.575103508491,-66.631458478903198,1.9647436944180501,2,shell3-shell3,1
shell3-shell3,2,537,1537,0,-1,2,3,3,380.13535649708399,915.22291137351795,535.08755487643396,-28.126383955929199,94.644589285967101,122.770973241896,2.4076237469916602,2,shell3-shell3,1
shell3-shell3,2,538,1538,0,-1,2,4,4,389.71325339352597,769.42955566468902,379.71630227116401,-18.548487059487002,-51.148766422861399,-32.600279363374398,1.97434793136925,2,shell3-shell3,1
shell3-shell3,2,539,1539,0,-1,2,2,2,386.31332577674999,763.682180763833,377.36885498708301,-21.9484146762628,-56.896141323717998,-34.947726647455198,1.97684659007897,2,shell3-shell3,1
shell3-shell3,2,542,1542,0,-1,2,2,2,355.76837059746799,706.53747181057895,350.76910121311198,-52.493369855545097,-114.040850276971,-61.5474804214264,1.9859479655935699,2,shell3-shell3,1
shell3-shell3,2,543,1543,0,-1,2,2,2,366.22821545951302,720.70404591153499,354.47583045202299,-42.033524993499903,-99.8742761760153,-57.840751182515397,1.96790966803925,2,shell3-shell3,1
shell3-shell3,2,545,1545,0,-1,2,2,2,348.83914525487597,691.96791743655899,343.12877218168302,-59.422595198136896,-128.610404650992,-69.187809452854594,1.98363035470397,2,shell3-shell3,1
shell3-shell3,2,547,1547,0,-1,2,2,2,355.67012491918302,700.17763273131197,344.50750781212901,-52.591615533829398,-120.400689356238,-67.809073822409005,1.96861525237862,2,shell3-shell3,1
shell3-shell3,2,548,1548,0,-1,2,2,2,340.76512786628501,669.36585862830805,328.60073076202298,-67.496612586727593,-151.212463459242,-83.715850872514807,1.9643026938218999,2,shell3-shell3,1
shell3-shell3,2,550,1550,0,-1,2,2,2,390.31017236004197,796.92598676170905,406.61581440166702,-17.951568092970501,-23.652335325841499,-5.7007672328709296,2.0417761134510801,2,shell3-shell3,1
shell3-shell3,2,551,1551,0,-1,2,4,4,406.369657120927,806.49337962965797,400.12372250873102,-1.8920833320855199,-14.084942457892501,-12.192859125806899,1.9846299188368399,2,shell3-shell3,1
shell3-shell3,2,552,1552,0,-1,2,2,2,360.10205943295199,719.82923619396104,359.72717676100899,-48.159681020061001,-100.74908589359001,-52.589404873528999,1.9989589543794,2,shell3-shell3,1
shell3-shell3,2,553,1553,0,-1,2,3,3,357.91954037611299,705.58117364635496,347.66163327024202,-50.342200076899402,-114.997148441196,-64.654948364296203,1.97134018697305,2,shell3-shell3,1
shell3-shell3,2,554,1554,0,-1,2,3,3,345.32917037360801,685.22258635734397,339.89341598373602,-62.932570079404996,-135.35573573020699,-72.423165650802204,1.9842592087312201,2,shell3-shell3,1
shell3-shell3,2,555,1555,0,-1,2,3,3,403.05547612164401,793.92231692089797,390.86684079925402,-5.20626433136903,-26.656005166652701,-21.449740835283599,1.96975941019417,2,shell3-shell3,1
shell3-shell3,2,556,1556,0,-1,2,2,2,337.18526511606598,666.96206479739703,329.77679968132998,-71.076475336946501,-153.61625729015401,-82.539781953207694,1.97802850183211,2,shell3-shell3,1
shell3-shell3,2,557,1557,0,-1,2,2,2,378.64357666433102,749.47360735928999,370.83003069495902,-29.6181637886814,-71.104714728260404,-41.486550939578997,1.9793643773434499,2,shell3-shell3,1
shell3-shell3,2,560,1560,0,-1,2,2,2,392.41216326454798,772.70718601209899,380.295022747551,-15.849577188464901,-47.871136075452,-32.021558886987101,1.96912139415814,2,shell3-shell3,1
shell3-shell3,2,563,1563,0,-1,2,2,2,340.67341195396801,673.09633854015897,332.42292658619198,-67.588328499045204,-147.481983547391,-79.893655048346105,1.9757818336322299,2,shell3-shell3,1
shell3-shell3,2,565,1565,0,-1,2,3,3,379.51581802326399,759.130674225809,379.61485620254501,-28.745922429748799,-61.447647861741899,-32.701725431993097,2.0002609592922802,2,shell3-shell3,1
shell3-shell3,2,566,1566,0,-1,2,2,2,330.33761368662402,659.94836646844396,329.61075278181897,-77.924126766388298,-160.62995561910699,-82.705828852718696,1.9977996423213999,2,shell3-shell3,1
shell3-shell3,2,569,1569,0,-1,2,2,2,351.40671805267101,694.26612850577499,342.859410453105,-56.855022400342101,-126.31219358177501,-69.457171181433196,1.9756768804906999,2,shell3-shell3,1
shell3-shell3,2,573,1573,0,-1,2,2,2,365.07351599439602,718.86147692778195,353.78796093338599,-43.188224458617199,-101.71684515976899,-58.528620701151702,1.9690868973875899,2,shell3-shell3,1
shell3-shell3,2,574,1574,0,-1,2,2,2,371.49947696084899,752.01875057055599,380.51927360970802,-36.762263492164202,-68.559571516994495,-31.7973080248304,2.0242794329689202,2,shell3-shell3,1
shell3-shell3,2,575,1575,0,-1,2,2,2,391.12210050604398,772.28427723134996,381.16217672530701,-17.139639946969201,-48.2940448562005,-31.1544049092313,1.9745350013004901,2,shell3-shell3,1
shell3-shell3,2,577,1577,0,-1,2,3,3,363.34362190386599,715.82648306316003,352.48286115929398,-44.918118549146399,-104.751839024391,-59.833720475244398,1.9701088443835499,2,shell3-shell3,1
shell3-shell3,2,578,1578,0,-1,2,2,2,371.04925646427603,731.41424606505598,360.36498960078001,-37.212483988737098,-89.164076022495195,-51.951592033758203,1.9712052600096699,2,shell3-shell3,1
shell3-shell3,2,579,1579,0,-1,2,2,2,400.75063219387999,793.69485680387902,392.94422460999903,-7.5111082591329303,-26.883465283671701,-19.3723570245388,1.9805205358226301,2,shell3-shell3,1
shell3-shell3,2,582,1582,0,-1,2,3,3,331.86301654920499,653.71552182425103,321.85250527504598,-76.398723903807806,-166.86280026329999,-90.464076359491898,1.9698354116760299,2,shell3-shell3,1
shell3-shell3,2,583,1583,0,-1,2,3,3,368.243258659623,727.54857979479596,359.30532113517302,-40.018481793389398,-93.029742292754804,-53.011260499365399,1.9757281706745,2,shell3-shell3,1
shell3-shell3,2,584,1584,0,-1,2,2,2,354.90385015498401,706.47771524345001,351.57386508846599,-53.357890298029098,-114.10060684410099,-60.742716546072003,1.9906172191001501,2,shell3-shell3,1
shell3-shell3,2,587,1587,0,-1,2,3,3,392.73651546908002,778.80126260307895,386.06474713399899,-15.525224983932899,-41.777059484471998,-26.251834500539101,1.9830121008047501,2,shell3-shell3,1
shell3-shell3,2,588,1588,0,-1,2,2,2,374.17494456926198,736.10678827497497,361.93184370571402,-34.086795883750902,-84.471533812575402,-50.384737928824499,1.9672797416255601,2,shell3-shell3,1
shell3-shell3,2,589,1589,0,-1,2,2,2,351.43103479087199,692.60419182596797,341.17315703509598,-56.830705662140801,-127.974130261583,-71.143424599442,1.9708111215565201,2,shell3-shell3,1
shell3-shell3,2,591,1591,0,-1,2,2,2,310.66873823353097,609.59060513278905,298.92186689925802,-97.593002219481903,-210.98771695476199,-113.39471473528,1.9621884345329801,2,shell3-shell3,1
shell3-shell3,2,592,1592,0,-1,2,2,2,363.95148648281003,722.94945308292904,358.99796660011901,-44.310253970202297,-97.628869004621706,-53.318615034419402,1.98638961491664,2,shell3-shell3,1
shell3-shell3,2,594,1594,0,-1,2,5,5,370.712144778788,734.58074436403899,363.86859958525099,-37.549595674224598,-85.997577723511398,-48.4479820492868,1.98153946319288,2,shell3-shell3,1
shell3-shell3,2,595,1595,0,-1,2,2,2,367.15839637457799,721.32567117105395,354.16727479647602,-41.103344078434603,-99.252650916496705,-58.149306838062103,1.9646171197325699,2,shell3-shell3,1
shell3-shell3,2,596,1596,0,-1,2,3,3,352.22428550395,691.43417125790199,339.20988575395199,-56.037454949063097,-129.14415082964899,-73.106695880585605,1.96305081652341,2,shell3-shell3,1
shell3-shell3,2,597,1597,0,-1,2,3,3,391.30372397978698,774.89123260946303,383.58750862967599,-16.958016473225801,-45.687089478088197,-28.7290730048624,1.9802807515562799,2,shell3-shell3,1
shell3-shell3,2,598,1598,0,-1,2,3,3,404.45356179407497,797.71406493651898,393.26050314244401,-3.8081786589374902,-22.864257151031701,-19.056078492094201,1.97232547884612,2,shell3-shell3,1
shell3-shell3,2,599,1599,0,-1,2,2,2,364.73755323836298,719.17449187355703,354.436938635194,-43.524187214650098,-101.403830213994,-57.879642999343702,1.97175883176352,2,shell3-shell3,1
shell3-shell3,2,600,1600,0,-1,2,4,4,379.20201729449298,747.10987437596202,367.90785708147001,-29.0597231585201,-73.468447711588496,-44.408724553068502,1.97021598067013,2,shell3-shell3,1
shell3-shell3,2,605,1605,0,-1,2,3,3,349.97278020082598,691.07549183685296,341.10271163602698,-58.288960252186797,-129.502830250698,-71.213869998510901,1.9746549758535299,2,shell3-shell3,1
shell3-shell3,2,608,1608,0,-1,2,2,2,326.30142564887001,652.06387676484303,325.762451115972,-81.960314804142499,-168.51444532270801,-86.5541305185656,1.9983482311429499,2,shell3-shell3,1
shell3-shell3,2,611,1611,0,-1,2,3,3,332.73539807018398,657.71273211646201,324.97733404627797,-75.5263423828291,-162.86558997108901,-87.339247588259695,1.9766839835229399,2,shell3-shell3,1
shell3-shell3,2,612,1612,0,-1,2,3,3,380.49936963550903,748.96947413498197,368.470104499473,-27.762370817503701,-71.608847952568595,-43.846477135064802,1.96838558458702,2,shell3-shell3,1
shell3-shell3,2,613,1613,0,-1,2,2,2,368.05432686688499,728.214903634248,360.16057676736199,-40.207413586127501,-92.363418453303197,-52.156004867175703,1.9785527583204401,2,shell3-shell3,1
shell3-shell3,2,616,1616,0,-1,2,3,3,373.12466155071502,735.04633878654704,361.92167723583202,-35.137078902298001,-85.531983301004203,-50.394904398706203,1.96997522418292,2,shell3-shell3,1
shell3-shell3,2,617,1617,0,-1,2,2,2,360.23647389607601,717.94244185292996,357.70596795685401,-48.025266556936799,-102.63588023462,-54.610613677683503,1.9929754310776699,2,shell3-shell3,1
shell3-shell3,2,622,1622,0,-1,2,2,2,381.08222967915299,754.00221249513902,372.91998281598597,-27.179510773859501,-66.576109592411299,-39.396598818551801,1.9785814025754001,2,shell3-shell3,1
shell3-shell3,2,623,1623,0,-1,2,3,3,366.526100567897,725.08600827674002,358.55990770884301,-41.735639885115702,-95.4923138108106,-53.756673925694898,1.97826568736384,2,shell3-shell3,1
shell3-shell3,2,624,1624,0,-1,2,2,2,303.92863689624301,600.93489369971201,297.006256803469,-104.333103556769,-219.64342838783901,-115.310324831069,1.9772236661755,2,shell3-shell3,1
shell3-shell3,2,625,1625,0,-1,2,2,2,361.95498398797099,716.947056654275,354.99207266630401,-46.306756465041303,-103.631265433276,-57.324508968234497,1.9807630461529999,2,shell3-shell3,1
shell3-shell3,2,626,1626,0,-1,2,2,2,350.01980691792801,687.31124111254701,337.291434194619,-58.241933535084399,-133.26708097500401,-75.025147439919195,1.96363527871354,2,shell3-shell3,1
shell3-shell3,2,630,1630,0,-1,2,2,2,367.26494045810102,734.12374159257001,366.85880113446899,-40.996799994911399,-86.454580494980704,-45.457780500069397,1.9988941516630301,2,shell3-shell3,1
shell3-shell3,2,632,1632,0,-1,2,2,2,376.781409316902,742.084246432643,365.30283711573998,-31.4803311361105,-78.494075654908102,-47.013744518797601,1.9695351948972999,2,shell3-shell3,1
shell3-shell3,2,633,1633,0,-1,2,3,3,361.01347355495,711.26720771959799,350.25373416464799,-47.248266898062603,-109.311114367953,-62.062847469890002,1.97019574010812,2,shell3-shell3,1
shell3-shell3,2,634,1634,0,-1,2,2,2,347.49882366960998,881.95337559327902,534.45455192366899,-60.762916783402403,61.375053505728403,122.137970289131,2.5380039169047901,2,shell3-shell3,1
shell3-shell3,2,635,1635,0,-1,2,2,2,324.88150332763598,636.71472646869302,311.83322314105698,-83.380237125376894,-183.863595618858,-100.48335849348101,1.9598368018710499,2,shell3-shell3,1
shell3-shell3,2,636,1636,0,-1,2,2,2,308.75181186999203,610.759069780505,302.00725791051298,-99.509928583020297,-209.81925230704499,-110.30932372402501,1.97815541901234,2,shell3-shell3,1
shell3-shell3,2,637,1637,0,-1,2,2,2,366.99887936022702,721.99768227960703,354.99880291938001,-41.262861092786203,-98.580639807944195,-57.3177787151579,1.96730214418702,2,shell3-shell3,1
shell3-shell3,2,638,1638,0,-1,2,3,3,391.16006559848501,772.13980415196295,380.979738553478,-17.101674854527499,-48.438517935587399,-31.336843081059801,1.9739740123281,2,shell3-shell3,1
shell3-shell3,2,640,1640,0,-1,2,4,4,387.32965517149398,764.26508268867599,376.93542751718098,-20.932085281518301,-56.313239398875098,-35.3811541173568,1.9731643897761699,2,shell3-shell3,1
shell3-shell3,2,641,1641,0,-1,2,2,2,359.28201778411199,707.94134758167604,348.659329797564,-48.979722668901097,-112.636974505875,-63.657251836974098,1.9704335662217001,2,shell3-shell3,1
shell3-shell3,2,642,1642,0,-1,2,3,3,361.15144301684501,710.76240180153002,349.61095878468501,-47.110297436167301,-109.815920286021,-62.705622849853299,1.9680453049397799,2,shell3-shell3,1
shell3-shell3,2,644,1644,0,-1,2,2,2,315.89825398102198,624.37520520718101,308.47695122615897,-92.363486471990498,-196.20311688036901,-103.83963040837899,1.9765073004952101,2,shell3-shell3,1
shell3-shell3,2,645,1645,0,-1,2,4,4,383.03932483953702,767.64758873994595,384.60826390040899,-25.222415613476201,-52.9307333476048,-27.708317734128599,2.0040960260712901,2,shell3-shell3,1
shell3-shell3,2,646,1646,0,-1,2,2,2,395.63941762714802,778.923073380613,383.28365575346498,-12.622322825865099,-41.655248706937797,-29.0329258810726,1.96877014442144,2,shell3-shell3,1
shell3-shell3,2,647,1647,0,-1,2,2,2,375.405505945833,737.65989131051094,362.254385364678,-32.856234507179998,-82.918430777039603,-50.062196269859598,1.96496822669657,2,shell3-shell3,1
shell3-shell3,2,651,1651,0,-1,2,3,3,327.043766469258,643.73896135992402,316.69519489066602,-81.217973983755101,-176.839360727627,-95.621386743872094,1.96835722725948,2,shell3-shell3,1
shell3-shell3,2,652,1652,0,-1,2,2,2,322.53390117433202,647.43489076472497,324.90098959039301,-85.727839278681003,-173.14343132282599,-87.4155920441452,2.00733903756301,2,shell3-shell3,1
shell3-shell3,2,653,1653,0,-1,2,2,2,361.17837641281602,711.95938034609503,350.78100393327901,-47.083364040197097,-108.618941741456,-61.535577701258802,1.9712126385228199,2,shell3-shell3,1
shell3-shell3,2,654,1654,0,-1,2,2,2,378.31522345399799,745.79561984392296,367.48039638992498,-29.946516999014801,-74.782702243627497,-44.8361852446127,1.9713603196689999,2,shell3-shell3,1
shell3-shell3,2,655,1655,0,-1,2,2,2,353.89397293779098,700.33864296290005,346.44467002510902,-54.367767515221303,-120.23967912465,-65.871911609429105,1.97895046685638,2,shell3-shell3,1
shell3-shell3,2,658,1658,0,-1,2,4,4,348.11217184833902,686.62928966058701,338.51711781224799,-60.149568604674201,-133.94903242696401,-73.799463822289894,1.9724368901404801,2,shell3-shell3,1
shell3-shell3,2,659,1659,0,-1,2,2,2,344.52981418151501,684.17601403532501,339.64619985381,-63.731926271497898,-136.402308052226,-72.670381780727794,1.98582527802621,2,shell3-shell3,1
shell3-shell3,2,660,1660,0,-1,2,2,2,366.46371437846398,724.89778987644195,358.43407549797797,-41.798026074548503,-95.680532211108797,-53.882506136560302,1.9780888569169699,2,shell3-shell3,1
shell3-shell3,2,661,1661,0,-1,2,3,3,377.01210587379501,744.67398697380099,367.66188110000598,-31.249634579217702,-75.904335113749298,-44.654700534531599,1.9751991391573001,2,shell3-shell3,1
shell3-shell3,2,662,1662,0,-1,2,2,2,319.84723155746002,628.92861643104095,309.08138487358099,-88.414508895553197,-191.64970565651001,-103.235196760957,1.96634066009746,2,shell3-shell3,1
shell3-shell3,2,664,1664,0,-1,2,2,2,367.82211065511098,730.55809664008302,362.73598598497199,-40.439629797901397,-90.020225447467396,-49.580595649566,1.98617232482006,2,shell3-shell3,1
shell3-shell3,2,665,1665,0,-1,2,3,3,385.75918325314899,760.50493077707199,374.745747523923,-22.5025571998641,-60.073391310479103,-37.570834110615003,1.9714499713620599,2,shell3-shell3,1
shell3-shell3,2,666,1666,0,-1,2,2,2,339.92061709824299,666.58821381362804,326.667596715385,-68.341123354769707,-153.990108273922,-85.648984919152795,1.96101142526748,2,shell3-shell3,1
shell3-shell3,2,667,1667,0,-1,2,3,3,376.70216871565901,742.06997347348499,365.36780475782598,-31.559571737353298,-78.508348614065696,-46.948776876712401,1.96991160418195,2,shell3-shell3,1
shell3-shell3,2,669,1669,0,-1,2,3,3,400.32089285367101,804.005077989288,403.68418513561699,-7.9408475993421304,-16.5732440982631,-8.6323964989209703,2.0084014907590002,2,shell3-shell3,1
shell3-shell3,2,670,1670,0,-1,2,3,3,411.96646462268501,811.24264646552103,399.27618184283602,3.7047241696718598,-9.3356756220298394,-13.0403997917017,1.9691958354147301,2,shell3-shell3,1
shell3-shell3,2,671,1671,0,-1,2,4,4,377.36888913637898,754.90833707943295,377.53944794305397,-30.8928513166342,-65.669985008117905,-34.777133691483797,2.0004519683831501,2,shell3-shell3,1
shell3-shell3,2,675,1675,0,-1,2,3,3,343.07721762944402,680.09615785063704,337.01894022119302,-65.184522823569097,-140.482164236914,-75.297641413344707,1.9823413590383201,2,shell3-shell3,1
shell3-shell3,2,676,1676,0,-1,2,2,2,362.51805127454901,711.99613984944097,349.47808857489201,-45.743689178464102,-108.58218223810999,-62.8384930596457,1.9640294803146801,2,shell3-shell3,1
shell3-shell3,2,678,1678,0,-1,2,2,2,358.77810727265597,707.06069779594304,348.28259052328701,-49.483633180356897,-113.517624291608,-64.033991111250799,1.9707464961305701,2,shell3-shell3,1
shell3-shell3,2,679,1679,0,-1,2,2,2,367.02077663999302,722.699490860634,355.67871422064098,-41.240963813020201,-97.8788312269171,-56.637867413896899,1.96909694725409,2,shell3-shell3,1
shell3-shell3,2,681,1681,0,-1,2,3,3,389.33203004557703,764.86007273172197,375.52804268614398,-18.9297104074355,-55.718249355829101,-36.788538948393601,1.9645444343281599,2,shell3-shell3,1
shell3-shell3,2,682,1682,0,-1,2,4,4,393.34408853169799,777.09293019969402,383.74884166799598,-14.9176519213148,-43.485391887856501,-28.567739966541801,1.9756059716073999,2,shell3-shell3,1
shell3-shell3,2,684,1684,0,-1,2,2,2,340.85657964096799,671.92104611576099,331.06446647479299,-67.405160812044997,-148.65727597179,-81.252115159744903,1.97127204299096,2,shell3-shell3,1
shell3-shell3,2,688,1688,0,-1,2,2,2,328.74461360300597,682.336283936624,353.59167033361803,-79.517126850006804,-138.24203815092699,-58.724911300919999,2.07558163906715,2,shell3-shell3,1
shell3-shell3,2,692,1692,0,-1,2,3,3,371.745591979089,729.21663791724495,357.47104593815698,-36.516148473924098,-91.361684170305494,-54.845535696381397,1.96160130382465,2,shell3-shell3,1
shell3-shell3,2,693,1693,0,-1,2,4,4,365.89947068704703,725.54910761893996,359.64963693189401,-42.362269765966197,-95.029214468610704,-52.6669447026445,1.9829192599174399,2,shell3-shell3,1
shell3-shell3,2,694,1694,0,-1,2,2,2,339.47445105913999,667.84320197752697,328.36875091838698,-68.787289393872499,-152.73512011002299,-83.947830716150804,1.96728560836875,2,shell3-shell3,1
shell3-shell3,2,695,1695,0,-1,2,2,2,368.29203483938602,728.35936198157401,360.06732714218799,-39.969705613627198,-92.218960105977203,-52.249254492349998,1.9776679729150699,2,shell3-shell3,1
shell3-shell3,2,696,1696,0,-1,2,2,2,384.64075576309,764.55890788013403,379.91815211704301,-23.620984689922601,-56.019414207417199,-32.398429517494499,1.9877220404356899,2,shell3-shell3,1
shell3-shell3,2,698,1698,0,-1,2,4,4,365.08030374207402,719.75983818354996,354.67953444147599,-43.181436710938797,-100.818483904001,-57.637047193062401,1.9715110095121799,2,shell3-shell3,1
shell3-shell3,2,704,1704,0,1,2,3,3,322.66556633074703,2278.9904067853499,1956.3248404546,-85.596174122265793,1458.4120846978001,1544.0082588200601,7.0630108836877898,2,shell3-shell3,1
shell3-shell3,2,706,1706,0,-1,2,2,2,341.013058980251,676.22656787089795,335.21350889064797,-67.248681472762001,-144.35175421665201,-77.103072743890394,1.9829931730270201,2,shell3-shell3,1
shell3-shell3,2,708,1708,0,-1,2,2,2,372.16660473184101,750.10889542649795,377.942290694657,-36.0951357211719,-70.469426661052907,-34.374290939881,2.0155190871222302,2,shell3-shell3,1
shell3-shell3,2,710,1710,0,-1,2,2,2,326.52309544518403,658.15306920185799,331.62997375667402,-81.738645007828595,-162.425252885693,-80.686607877864304,2.0156401748688801,2,shell3-shell3,1
shell3-shell3,2,711,1711,0,-1,2,2,2,310.01690136236198,610.53108128847202,300.51417992611101,-98.244839090650999,-210.04724079907899,-111.80240170842799,1.9693477310608201,2,shell3-shell3,1
shell3-shell3,2,712,1712,0,-1,2,2,2,337.14550107635199,664.20386292677097,327.05836185041898,-71.116239376661198,-156.37445916077999,-85.258219784118893,1.9700807538770999,2,shell3-shell3,1
shell3-shell3,2,713,1713,0,-1,2,2,2,372.01867496859398,736.70404230669703,364.68536733810299,-36.2430654844188,-83.874279780854096,-47.631214296435203,1.98028779702764,2,shell3-shell3,1
shell3-shell3,2,714,1714,0,-1,2,2,2,321.57343696639498,632.94862626310999,311.37518929671501,-86.688303486617798,-187.629695824441,-100.941392337823,1.9682864114465199,2,shell3-shell3,1
shell3-shell3,2,715,1715,0,-1,2,3,3,365.17248316188801,720.05122971695005,354.87874655506198,-43.089257291124603,-100.527092370601,-57.437835079476002,1.97181130265431,2,shell3-shell3,1
shell3-shell3,2,716,1716,0,-1,2,2,2,345.65781501084001,683.03263972047796,337.37482470963897,-62.6039254421732,-137.545682367073,-74.941756924899494,1.9760370229125599,2,shell3-shell3,1
shell3-shell3,2,720,1720,0,-1,2,2,2,296.47727546244101,585.93655042011403,289.45927495767302,-111.784464990572,-234.64177166743701,-122.85730667686499,1.9763287068331901,2,shell3-shell3,1
shell3-shell3,2,721,1721,0,-1,2,2,2,348.03166340105997,685.66249534288102,337.63083194182099,-60.230077051953202,-134.91582674467,-74.685749692716698,1.97011527239333,2,shell3-shell3,1
shell3-shell3,2,722,1722,0,-1,2,4,4,381.646535416841,752.72593895840203,371.07940354156102,-26.615205036171599,-67.852383129148507,-41.237178092976897,1.9723117311578899,2,shell3-shell3,1
shell3-shell3,2,723,1723,0,-1,2,2,2,345.61557229840901,684.98704185515101,339.371469556742,-62.646168154603998,-135.59128023240001,-72.945112077795898,1.98193338714415,2,shell3-shell3,1
shell3-shell3,2,724,1724,0,-1,2,2,2,390.61145162835999,769.97109483521103,379.35964320685099,-17.650288824652598,-50.6072272523393,-32.956938427686602,1.97119437135137,2,shell3-shell3,1
shell3-shell3,2,729,1729,0,-1,2,3,3,375.76511928817803,744.47075618605004,368.70563689787201,-32.4966211648347,-76.107565901500607,-43.6109447366659,1.9812130449902301,2,shell3-shell3,1
shell3-shell3,2,730,1730,0,-1,2,2,2,330.99667969459603,650.70720643584104,319.71052674124599,-77.265060758417107,-169.871115651709,-92.606054893292097,1.9659025191317201,2,shell3-shell3,1
shell3-shell3,2,731,1731,0,-1,2,2,2,363.04075455355201,721.95072131205995,358.90996675850801,-45.220985899460402,-98.627600775490706,-53.406614876030297,1.98862169675654,2,shell3-shell3,1
shell3-shell3,2,734,1734,0,-1,2,3,3,367.854958914355,723.838997956649,355.984039042294,-40.406781538657597,-96.739324130901906,-56.332542592244202,1.9677293466232,2,shell3-shell3,1
shell3-shell3,2,739,1739,0,-1,2,2,2,386.98689818852898,806.707485144202,419.72058695567301,-21.274842264483699,-13.8708369433489,7.4040053211348296,2.0845860387531698,2,shell3-shell3,1
shell3-shell3,2,740,1740,0,-1,2,2,2,289.77919388692999,572.97068197741498,283.191488090485,-118.482546566083,-247.60764011013501,-129.12509354405299,1.97726646379238,2,shell3-shell3,1
shell3-shell3,2,742,1742,0,-1,2,2,2,384.86117726168101,758.43443628490002,373.57325902321998,-23.400563191332001,-62.143885802650402,-38.743322611318398,1.97067015613584,2,shell3-shell3,1
shell3-shell3,2,745,1745,0,-1,2,2,2,338.39166347906399,672.39923964419199,334.007576165128,-69.870076973948997,-148.17908244335899,-78.309005469409598,1.9870443400736799,2,shell3-shell3,1
shell3-shell3,2,746,1746,0,-1,2,3,3,300.923299350516,590.90452903011396,289.98122967959802,-107.33844110249601,-229.673793057437,-122.33535195493999,1.96363834340998,2,shell3-shell3,1
shell3-shell3,2,747,1747,0,-1,2,2,2,360.65157848198697,721.17235729526703,360.52077881328,-47.610161971025498,-99.405964792283498,-51.795802821258,1.9996373240087899,2,shell3-shell3,1
shell3-shell3,2,748,1748,0,-1,2,2,2,367.31077491529101,742.15442827152503,374.84365335623301,-40.950965537721302,-78.423893816026094,-37.4729282783047,2.0205081880396198,2,shell3-shell3,1
shell3-shell3,2,749,1749,0,-1,2,2,2,331.19411498179602,650.46492823004905,319.270813248254,-77.067625471217198,-170.11339385750199,-93.045768386284493,1.96399905314079,2,shell3-shell3,1
shell3-shell3,2,752,1752,0,-1,2,2,2,370.86822172551098,740.21006488684804,369.34184316133701,-37.3935187275018,-80.368257200702899,-42.9747384732011,1.9958843101814601,2,shell3-shell3,1
shell3-shell3,2,755,1755,0,-1,2,4,4,358.40264008052998,737.14001721604802,378.73737713551799,-49.859100372482402,-83.438304871502297,-33.579204499019902,2.05673712964396,2,shell3-shell3,1
shell3-shell3,2,756,1756,0,-1,2,2,2,369.79619016024202,732.02467832493801,362.22848816469701,-38.465550292770999,-88.553643762612396,-50.088093469841503,1.97953547873961,2,shell3-shell3,1
shell3-shell3,2,757,1757,0,-1,2,2,2,350.71796330798099,692.74124611836896,342.02328281038803,-57.543777145031797,-127.837075969182,-70.2932988241499,1.9752089102719901,2,shell3-shell3,1
shell3-shell3,2,758,1758,0,-1,2,2,2,386.66308531666101,767.00522284218698,380.34213752552603,-21.598655136351901,-53.573099245363402,-31.9744441090115,1.98365256981809,2,shell3-shell3,1
shell3-shell3,2,759,1759,0,-1,2,2,2,320.70252011508802,634.60388505809306,313.90136494300498,-87.559220337924998,-185.97443702945799,-98.415216691533104,1.97879294752769,2,shell3-shell3,1
shell3-shell3,2,760,1760,0,-1,2,2,2,366.96568902857501,740.94703094572105,373.98134191714598,-41.296051424438097,-79.631291141829706,-38.335239717391602,2.0191180077547402,2,shell3-shell3,1
shell3-shell3,2,761,1761,0,-1,2,3,3,381.23455003126901,760.35871576141199,379.124165730144,-27.027190421744201,-60.219606326138504,-33.192415904394402,1.9944643414376999,2,shell3-shell3,1
shell3-shell3,2,763,1763,0,-1,2,2,2,321.83572735100302,633.03448662883102,311.19875927782903,-86.426013102010003,-187.543835458719,-101.117822356709,1.9669490762858199,2,shell3-shell3,1
shell3-shell3,2,766,1766,0,-1,2,2,2,336.13795349599502,661.99759246293104,325.85963896693602,-72.123786957017501,-158.58072962462001,-86.456942667602107,1.96942233264004,2,shell3-shell3,1
shell3-shell3,2,769,1769,0,-1,2,3,3,391.15529492915499,773.02636360992904,381.87106868077399,-17.106445523857399,-47.551958477621703,-30.4455129537643,1.97626460291158,2,shell3-shell3,1
shell3-shell3,2,770,1770,0,-1,2,2,2,339.23279664408199,666.86005548848698,327.62725884440499,-69.028943808930293,-153.71826659906401,-84.689322790133204,1.9657888685454701,2,shell3-shell3,1
shell3-shell3,2,773,1773,0,-1,2,2,2,354.06046160206898,696.37744230396299,342.31698070189401,-54.201278850943901,-124.20087978358799,-69.999600932643901,1.9668319900871201,2,shell3-shell3,1
shell3-shell3,2,774,1774,0,-1,2,3,3,376.85371121509797,756.68561116785304,379.83189995275501,-31.408029237914999,-63.892710919697898,-32.484681681782902,2.0079027714177302,2,shell3-shell3,1
shell3-shell3,2,775,1775,0,-1,2,3,3,376.87015239320601,741.96263463330502,365.092482240099,-31.391588059806999,-78.615687454246,-47.224099394439001,1.9687487319483501,2,shell3-shell3,1
shell3-shell3,2,776,1776,0,-1,2,2,2,338.52485803069999,670.38251128924696,331.85765325854697,-69.736882422313201,-150.195810798304,-80.458928375990496,1.9803051249738699,2,shell3-shell3,1
shell3-shell3,2,777,1777,0,-1,2,4,4,347.812116855976,683.30022100464896,335.48810414867398,-60.449623597037203,-137.278101082901,-76.828477485864298,1.96456704033573,2,shell3-shell3,1
shell3-shell3,2,778,1778,0,-1,2,2,2,384.65756874669898,775.382888829433,390.72532008273402,-23.604171706314101,-45.195433258117902,-21.5912615518038,2.0157744233547898,2,shell3-shell3,1
shell3-shell3,2,779,1779,0,-1,2,2,2,399.64798342797002,792.267132190241,392.619148762272,-8.6137570250431299,-28.3111898973095,-19.6974328722664,1.98241243555039,2,shell3-shell3,1
shell3-shell3,2,781,1781,0,-1,2,2,2,349.99000425118902,694.61636335431103,344.62635910312298,-58.271736201823998,-125.961958733239,-67.690222531415301,1.98467486190201,2,shell3-shell3,1
shell3-shell3,2,783,1783,0,-1,2,2,2,367.996872338564,726.43657999949198,358.43970766092798,-40.264868114448497,-94.141742088058905,-53.876873973610401,1.9740292230830601,2,shell3-shell3,1
shell3-shell3,2,791,1791,0,-1,2,2,2,329.89268369763101,650.47298785599298,320.58030415836299,-78.369056755382204,-170.10533423155701,-91.736277476175204,1.9717714881249,2,shell3-shell3,1
shell3-shell3,2,792,1792,0,-1,2,2,2,373.50496852972901,746.12141671950701,372.616448189778,-34.7567719232838,-74.456905368043394,-39.700133444759601,1.99762112845929,2,shell3-shell3,1
shell3-shell3,2,793,1793,0,-1,2,2,2,323.47745995816098,635.17879333651001,311.70133337834898,-84.784280494851899,-185.399528751041,-100.61524825618901,1.96359521748027,2,shell3-shell3,1
shell3-shell3,2,794,1794,0,-1,2,2,2,345.53719306268601,742.48904808473401,396.95185502204799,-62.724547390326698,-78.089274002816595,-15.3647266124899,2.1487963177093801,2,shell3-shell3,1
shell3-shell3,2,795,1795,0,-1,2,3,3,376.57303385173998,743.536547576472,366.96351372473202,-31.688706601272699,-77.041774511078302,-45.353067909805603,1.9744816562441601,2,shell3-shell3,1
shell3-shell3,2,796,1796,0,-1,2,2,2,353.02807718027799,698.719715150551,345.69163797027301,-55.233663272734901,-121.858606937,-66.624943664265103,1.9792185390221599,2,shell3-shell3,1
shell3-shell3,2,797,1797,0,-1,2,2,2,328.46773910185902,645.82929818023001,317.36155907837201,-79.794001351154193,-174.749023907321,-94.955022556166398,1.9661879122319399,2,shell3-shell3,1
shell3-shell3,2,798,1798,0,-1,2,2,2,368.772440269507,731.91328798147094,363.140847711964,-39.489300183505499,-88.665034106079602,-49.175733922574103,1.9847288139172601,2,shell3-shell3,1
shell3-shell3,2,800,1800,0,-1,2,3,3,367.366829414096,736.92955238121203,369.56272296711597,-40.894911038916703,-83.648769706339195,-42.753858667422399,2.0059773865716801,2,shell3-shell3,1
shell3-shell3,2,801,1801,0,-1,2,2,2,316.73400446808398,625.96674598954303,309.23274152145899,-91.527735984929194,-194.61157609800799,-103.08384011307901,1.97631683734362,2,shell3-shell3,1
shell3-shell3,2,803,1803,0,-1,2,2,2,353.69895683682,698.96200172458896,345.26304488776901,-54.562783616192597,-121.616320362962,-67.053536746768899,1.97614945765039,2,shell3-shell3,1
shell3-shell3,2,809,1809,0,-1,2,3,3,340.43206004931398,674.46561096564403,334.03355091633,-67.829680403698603,-146.11271112190701,-78.283030718208195,1.9812047398471899,2,shell3-shell3,1
shell3-shell3,2,810,1810,0,-1,2,2,2,376.81023313365603,742.12624210186095,365.31600896820498,-31.451507319356399,-78.452079985689494,-47.000572666332999,1.9694959872244899,2,shell3-shell3,1
shell3-shell3,2,811,1811,0,-1,2,2,2,338.388948016482,677.50065101044402,339.11170299396298,-69.872792436531199,-143.077671077106,-73.204878640575103,2.0021358705173999,2,shell3-shell3,1
shell3-shell3,2,812,1812,0,-1,2,2,2,353.88367990835502,725.021543088204,371.13786317985,-54.378060544658098,-95.556778999346307,-41.178718454688202,2.04875665155275,2,shell3-shell3,1
shell3-shell3,2,814,1814,0,-1,2,2,2,336.30021825366498,662.73889202679698,326.43867377313302,-71.961522199348096,-157.83943006075401,-85.877907861405404,1.9706763661000799,2,shell3-shell3,1
shell3-shell3,2,815,1815,0,-1,2,2,2,345.08220715137702,679.73067924550799,334.64847209413102,-63.179533301635999,-140.847642842043,-77.668109540406604,1.96976449425378,2,shell3-shell3,1
shell3-shell3,2,816,1816,0,-1,2,2,2,350.11711516067299,690.55138746140301,340.43427230073002,-58.144625292339498,-130.02693462614801,-71.882309333808493,1.9723439887950101,2,shell3-shell3,1
shell3-shell3,2,817,1817,0,-1,2,2,2,360.37568810204198,737.49318640580304,377.11749830376198,-47.886052350971198,-83.085135681747701,-35.199083330776503,2.04645654730454,2,shell3-shell3,1
shell3-shell3,2,818,1818,0,-1,2,3,3,359.64289332396902,707.29696132269999,347.65406799873102,-48.6188471290438,-113.281360764851,-64.662513635806803,1.96666463998654,2,shell3-shell3,1
shell3-shell3,2,819,1819,0,-1,2,2,2,352.53181618727803,692.74113087770797,340.20931469043001,-55.729924265735001,-127.837191209843,-72.107266944108204,1.9650457038739999,2,shell3-shell3,1
shell3-shell3,2,821,1821,0,-1,2,2,2,358.58276162955502,730.07411110559804,371.49134947604301,-49.678978823457904,-90.504210981952596,-40.8252321584947,2.0359989080005598,2,shell3-shell3,1
shell3-shell3,2,822,1822,0,-1,2,3,3,384.31170377210498,759.97781402383703,375.66611025173199,-23.950036680907399,-60.600508063713299,-36.650471382805897,1.97750369443471,2,shell3-shell3,1
shell3-shell3,2,823,1823,0,-1,2,2,2,363.91793042297002,718.20064337485201,354.28271295188199,-44.343810030042597,-102.37767871269899,-58.033868682655999,1.9735236528194999,2,shell3-shell3,1
shell3-shell3,2,824,1824,0,-1,2,2,2,342.84739128390601,678.06034519900504,335.21295391509898,-65.4143491691066,-142.51797688854501,-77.103627719438904,1.9777322576665499,2,shell3-shell3,1
shell3-shell3,2,826,1826,0,-1,2,2,2,363.10100434440102,720.74299246050202,357.64198811609998,-45.160736108611303,-99.835329627049106,-54.674593518437703,1.9849655711138601,2,shell3-shell3,1
shell3-shell3,2,828,1828,0,-1,2,2,2,366.654227723237,720.79502469361796,354.14079697038102,-41.6075127297756,-99.783297393932699,-58.175784664157099,1.9658713037878801,2,shell3-shell3,1
shell3-shell3,2,830,1830,0,-1,2,2,2,341.674185740349,685.32231349496601,343.64812775461598,-66.587554712663504,-135.256008592585,-68.668453879921699,2.0057772641207601,2,shell3-shell3,1
shell3-shell3,2,832,1832,0,-1,2,2,2,362.523274290713,712.25098523783799,349.72771094712499,-45.7384661623,-108.32733684971301,-62.588870687412701,1.96470416039185,2,shell3-shell3,1
shell3-shell3,2,833,1833,0,-1,2,2,2,346.34433162880202,694.383232666651,348.03890103784897,-61.917408824210398,-126.195089420899,-64.277680596688995,2.0048927303099702,2,shell3-shell3,1
shell3-shell3,2,835,1835,0,-1,2,2,2,360.86069895462401,716.18679118354999,355.32609222892597,-47.4010414983887,-104.391530904001,-56.9904894056125,1.98466276116592,2,shell3-shell3,1
shell3-shell3,2,838,1838,0,-1,2,2,2,380.688983324547,752.90266300063695,372.21367967609098,-27.572757128466002,-67.675659086913399,-40.102901958447298,1.9777369348215901,2,shell3-shell3,1
shell3-shell3,2,841,1841,0,-1,2,2,2,333.415572128549,728.41993585928105,395.004363730732,-74.846168324463406,-92.158386228269606,-17.3122179038062,2.1847208011581301,2,shell3-shell3,1
shell3-shell3,2,842,1842,0,-1,2,2,2,376.85959476013898,743.51060688043697,366.65101212029799,-31.402145692873901,-77.067715207114205,-45.665569514240403,1.9729114429305199,2,shell3-shell3,1
shell3-shell3,2,844,1844,0,-1,2,3,3,353.74462699148398,699.78143827043004,346.03681127894703,-54.517113461528801,-120.79688381712,-66.279770355591495,1.9782107907105499,2,shell3-shell3,1
shell3-shell3,2,848,1848,0,-1,2,3,3,375.67240614050701,741.71062609507806,366.03821995457099,-32.5893343125054,-78.867695992472406,-46.278361679966999,1.97435482077347,2,shell3-shell3,1
shell3-shell3,2,851,1851,0,-1,2,3,3,364.215968866038,715.03549233815397,350.81952347211597,-44.045771586975,-105.542829749397,-61.497058162421602,1.9632184018849299,2,shell3-shell3,1
shell3-shell3,2,852,1852,0,-1,2,2,2,373.95435539722098,801.45653349954796,427.502178102328,-34.307385055792203,-19.121788588002602,15.185596467789701,2.1431934724980701,2,shell3-shell3,1
shell3-shell3,2,854,1854,0,-1,2,2,2,352.88318972701097,701.72106249402202,348.83787276701202,-55.378550726002203,-118.85725959352899,-63.478708867526301,1.9885363851898701,2,shell3-shell3,1
shell3-shell3,2,857,1857,0,-1,2,2,2,371.84865794734702,734.39153551498202,362.54287756763603,-36.413082505666203,-86.186786572568593,-49.773704066902397,1.97497428004425,2,shell3-shell3,1
shell3-shell3,2,865,1865,0,-1,2,2,2,340.19787790294902,671.83901156820002,331.64113366524998,-68.063862550063305,-148.73931051935099,-80.675447969287703,1.9748477436412999,2,shell3-shell3,1
shell3-shell3,2,867,1867,0,-1,2,2,2,294.48535541613097,577.02140259150303,282.536047175372,-113.776385036882,-243.55691949604699,-129.78053445916601,1.9594230815862701,2,shell3-shell3,1
shell3-shell3,2,869,1869,0,-1,2,2,2,317.87995046948902,622.59501413680402,304.71506366731501,-90.381789983523603,-197.983307950746,-107.601517967223,1.95858535027852,2,shell3-shell3,1
shell3-shell3,2,873,1873,0,-1,2,2,2,345.68390769645902,679.25108974822194,333.56718205176298,-62.577832756553804,-141.32723233932899,-78.749399582775396,1.9649485400537201,2,shell3-shell3,1
shell3-shell3,2,874,1874,0,-1,2,2,2,368.62916343295399,731.11750613351603,362.48834270056301,-39.632577020059202,-89.460815954034402,-49.8282389339752,1.9833414679533099,2,shell3-shell3,1
shell3-shell3,2,875,1875,0,-1,2,2,2,373.67119617523599,735.36896602225397,361.697769847019,-34.590544277777099,-85.209356065296603,-50.618811787519498,1.96795732063169,2,shell3-shell3,1
shell3-shell3,2,876,1876,0,-1,2,2,2,364.41185915672298,720.74416090260502,356.33230174588198,-43.849881296289297,-99.834161184945401,-55.984279888656097,1.9778285003415099,2,shell3-shell3,1
shell3-shell3,2,878,1878,0,-1,2,2,2,364.91501128657097,721.62509179871199,356.71008051214102,-43.346729166441797,-98.953230288838796,-55.606501122396899,1.9775155021836399,2,shell3-shell3,1
shell3-shell3,2,881,1881,0,-1,2,3,3,389.68632876747398,768.936926537114,379.25059776964002,-18.575411685538601,-51.641395550436997,-33.065983864898399,1.97322017677438,2,shell3-shell3,1
shell3-shell3,2,882,1882,0,-1,2,2,2,360.105048146917,711.22984424772994,351.124796100813,-48.156692306095998,-109.348477839821,-61.191785533724797,1.97506213230746,2,shell3-shell3,1
shell3-shell3,2,887,1887,0,-1,2,2,2,368.46643760821598,727.31950012305697,358.85306251484201,-39.795302844797199,-93.258821964493393,-53.463519119696201,1.9739097673161901,2,shell3-shell3,1
shell3-shell3,2,888,1888,0,-1,2,2,2,392.667825567124,793.01213477080205,400.34430920367703,-15.5939148858886,-27.5661873167492,-11.9722724308605,2.0195495610710301,2,shell3-shell3,1
shell3-shell3,2,893,1893,0,-1,2,2,2,348.88820662591701,686.19842691179997,337.31022028588302,-59.3735338270955,-134.37989517575099,-75.006361348655403,1.9668146239392701,2,shell3-shell3,1
shell3-shell3,2,897,1897,0,-1,2,2,2,368.90633335859502,732.54411396595106,363.63778060735501,-39.3554070944176,-88.034208121600201,-48.678801027182601,1.98571845404964,2,shell3-shell3,1
shell3-shell3,2,902,1902,0,-1,2,2,2,342.30776817374198,673.645017499039,331.33724932529702,-65.953972279271198,-146.93330458851199,-80.979332309240803,1.96795130035473,2,shell3-shell3,1
shell3-shell3,2,903,1903,0,-1,2,2,2,301.86767273314302,597.25374989316799,295.38607716002502,-106.39406771986999,-223.32457219438299,-116.930504474513,1.97852835477733,2,shell3-shell3,1
shell3-shell3,2,904,1904,0,-1,2,2,2,373.50977302473899,735.73777335248599,362.228000327747,-34.751967428273701,-84.8405487350649,-50.088581306791198,1.96979524095011,2,shell3-shell3,1
shell3-shell3,2,905,1905,0,-1,2,2,2,381.85274758819401,755.96114714754106,374.10839955934699,-26.408992864819002,-64.617174940010202,-38.208182075191203,1.9797190197589001,2,shell3-shell3,1
shell3-shell3,2,906,1906,0,-1,2,2,2,371.34357027978302,736.62207397330906,365.27850369352598,-36.918170173230003,-83.956248114241603,-47.038077941011601,1.98366723683492,2,shell3-shell3,1
shell3-shell3,2,907,1907,0,-1,2,2,2,377.010775131949,746.37245881823196,369.36168368628199,-31.2509653210636,-74.205863269319295,-42.954897948255599,1.9797112126490599,2,shell3-shell3,1
shell3-shell3,2,909,1909,0,1,2,3,3,344.80614406597402,2328.1635674181298,1983.3574233521599,-63.455596387039101,1507.5852453305799,1571.04084171762,6.7520942056434796,2,shell3-shell3,1
shell3-shell3,2,910,1910,0,-1,2,2,2,356.75304229609799,709.36301105396296,352.60996875786498,-51.508698156915003,-111.21531103358799,-59.706612876672899,1.98838671841012,2,shell3-shell3,1
shell3-shell3,2,912,1912,0,-1,2,2,2,319.81503665663598,631.37103051379199,311.55599385715601,-88.446703796376596,-189.20729157375899,-100.760587777382,1.9741755644580701,2,shell3-shell3,1
shell3-shell3,2,914,1914,0,-1,2,2,2,357.51081098532597,700.94547754090001,343.43466655557398,-50.750929467686298,-119.632844546651,-68.881915078964497,1.96062736007631,2,shell3-shell3,1
shell3-shell3,2,915,1915,0,-1,2,2,2,349.21734390504503,689.23531251505506,340.01796861000997,-59.044396547967303,-131.34300957249499,-72.298613024528194,1.9736571637818301,2,shell3-shell3,1
shell3-shell3,2,916,1916,0,-1,2,2,2,378.968548318545,745.39430469766899,366.42575637912398,-29.293192134467301,-75.184017389881305,-45.890825255414001,1.96690281556326,2,shell3-shell3,1
shell3-shell3,2,919,1919,0,-1,2,2,2,340.371209500845,675.74449253511705,335.37328303427199,-67.890530952167794,-144.833829552434,-76.943298600266203,1.98531624788741,2,shell3-shell3,1
shell3-shell3,2,920,1920,0,-1,2,2,2,307.07064403149298,608.27365506999899,301.203011038505,-101.19109642152,-212.30466701755199,-111.113570596033,1.9808915860013401,2,shell3-shell3,1
shell3-shell3,2,922,1922,0,-1,2,2,2,373.91303815787302,743.71802671767398,369.80498855980102,-34.348702295139603,-76.860295369876397,-42.511593074736901,1.98901335556976,2,shell3-shell3,1
shell3-shell3,2,928,1928,0,-1,2,2,2,294.303051358804,593.28551948637596,298.98246812757202,-113.95868909420901,-227.292802601174,-113.33411350696601,2.0158999940611002,2,shell3-shell3,1
shell3-shell3,2,930,1930,0,-1,2,2,2,323.01128938054899,635.42272367743794,312.41143429688901,-85.250451072463605,-185.15559841011199,-99.905147337648799,1.9671842581601799,2,shell3-shell3,1
shell3-shell3,2,932,1932,0,-1,2,2,2,320.09558772754798,633.54839128004596,313.45280355249702,-88.1661527254644,-187.029930807505,-98.863778082040895,1.9792474984669099,2,shell3-shell3,1
shell3-shell3,2,937,1937,0,-1,2,2,2,285.82647808853699,563.44217604912001,277.61569796058399,-122.435262364476,-257.13614603843001,-134.700883673954,1.9712735496625,2,shell3-shell3,1
shell3-shell3,2,938,1938,0,-1,2,2,2,289.81572874493497,568.38227850879798,278.56654976386199,-118.44601170807699,-252.19604357875301,-133.750031870676,1.9611850639377399,2,shell3-shell3,1
shell3-shell3,2,939,1939,0,-1,2,2,2,305.12715287811102,601.12004510613303,295.99289222802298,-103.134587574902,-219.45827698141699,-116.323689406515,1.9700640845499,2,shell3-shell3,1
shell3-shell3,2,940,1940,0,-1,2,2,2,302.78128658393598,593.96422891152099,291.18294232758501,-105.480453869077,-226.61409317603,-121.133639306953,1.9616939858232101,2,shell3-shell3,1
shell3-shell3,2,943,1943,0,-1,2,3,3,326.29573563734499,644.337299165025,318.04156352768001,-81.9660048156682,-176.24102292252601,-94.275018106858099,1.9747034018279701,2,shell3-shell3,1
shell3-shell3,2,945,1945,0,-1,2,2,2,383.87886026324998,757.05366198832303,373.174801725073,-24.382880189762801,-63.524660099227503,-39.141779909464702,1.97211605106143,2,shell3-shell3,1
shell3-shell3,2,946,1946,0,-1,2,2,2,314.69507518074499,619.20867518806199,304.51360000731802,-93.566665272268096,-201.369646899489,-107.80298162722001,1.9676465379460399,2,shell3-shell3,1
shell3-shell3,2,948,1948,0,-1,2,2,2,352.105374712784,696.62301214947797,344.51763743669397,-56.1563657402288,-123.95530993807201,-67.798944197843596,1.9784503792869399,2,shell3-shell3,1
shell3-shell3,2,953,1953,0,-1,2,2,2,345.020468439105,685.25239815365205,340.23192971454699,-63.241272013907597,-135.325923933898,-72.084651919990705,1.9861210010344601,2,shell3-shell3,1
shell3-shell3,2,954,1954,0,-1,2,2,2,356.808251602474,710.72514590641504,353.91689430394001,-51.453488850538299,-109.85317618113601,-58.399687330597502,1.9918966075320601,2,shell3-shell3,1
shell3-shell3,2,955,1955,0,-1,2,2,2,334.26705727420801,661.59545883837495,327.32840156416802,-73.994683178805104,-158.98286324917501,-84.988180070370305,1.9792421790929,2,shell3-shell3,1
shell3-shell3,2,957,1957,0,-1,2,2,2,385.69565270007701,764.16955105413501,378.47389835405801,-22.566087752935399,-56.408771033415903,-33.8426832804805,1.9812760286628499,2,shell3-shell3,1
shell3-shell3,2,958,1958,0,-1,2,2,2,317.97898365672398,629.67144751187595,311.69246385515203,-90.282756796289206,-190.906874575675,-100.624117779386,1.9802297632086301,2,shell3-shell3,1
shell3-shell3,2,959,1959,0,-1,2,2,2,335.06157107111,779.76509735799596,444.70352628688602,-73.200169381902597,-40.813224729555003,32.386944652347601,2.3272292756978299,2,shell3-shell3,1
shell3-shell3,2,960,1960,0,-1,2,2,2,367.134058782247,724.80751463266199,357.673455850415,-41.127681670765803,-95.770807454888697,-54.643125784122901,1.9742312032743199,2,shell3-shell3,1
shell3-shell3,2,961,1961,0,-1,2,2,2,338.19980950694497,674.91722444412198,336.71741493717701,-70.061930946067804,-145.66109764342801,-75.599166697360602,1.9956168083834001,2,shell3-shell3,1
shell3-shell3,2,963,1963,0,-1,2,2,2,343.72384350072201,682.45566334472801,338.731819844006,-64.537896952290893,-138.12265874282301,-73.584761790531999,1.98547664425641,2,shell3-shell3,1
shell3-shell3,2,965,1965,0,-1,2,2,2,374.74168856456203,742.57391247841701,367.83222391385499,-33.520051888450702,-78.004409609133702,-44.4843577206831,1.98156206031634,2,shell3-shell3,1
shell3-shell3,2,966,1966,0,-1,2,3,3,421.73764751803998,836.44601690446598,414.70836938642498,13.4759070650276,15.867694816915,2.3917877518873598,1.98333258087585,2,shell3-shell3,1
shell3-shell3,2,969,1969,0,-1,2,2,2,341.71262949591397,673.67143608323397,331.95880658732,-66.549110957098705,-146.90688600431699,-80.357775047218396,1.9714560655162701,2,shell3-shell3,1
shell3-shell3,2,970,1970,0,-1,2,2,2,345.567521287891,680.06600963694598,334.49848834905498,-62.694219165121801,-140.51231245060401,-77.818093285482703,1.9679685379645,2,shell3-shell3,1
shell3-shell3,2,972,1972,0,-1,2,3,3,357.75250776781598,717.67513100431097,359.92262323649402,-50.509232685196302,-102.90319108324,-52.393958398043999,2.0060659685720101,2,shell3-shell3,1
shell3-shell3,2,974,1974,0,-1,2,2,2,325.54394106515201,652.63492833035798,327.09098726520602,-82.717799387860893,-167.94339375719301,-85.225594369331901,2.0047521885831801,2,shell3-shell3,1
shell3-shell3,2,975,1975,0,-1,2,3,3,383.51326003810902,753.704544972588,370.19128493448,-24.748480414904201,-66.873777114962607,-42.125296700058499,1.9652633259608701,2,shell3-shell3,1
shell3-shell3,2,977,1977,0,-1,2,2,2,381.48463573591198,750.83235410821101,369.34771837229903,-26.777104717100698,-69.745967979339596,-42.968863262238997,1.9681850427863199,2,shell3-shell3,1
shell3-shell3,2,979,1979,0,-1,2,2,2,317.19196821069499,623.72143678437396,306.52946857367903,-91.069772242317597,-196.856885303176,-105.787113060859,1.96638471113514,2,shell3-shell3,1
shell3-shell3,2,981,1981,0,-1,2,2,2,316.83738059163699,625.17496967581496,308.33758908417798,-91.424359861375294,-195.40335241173599,-103.97899255036,1.97317301547062,2,shell3-shell3,1
shell3-shell3,2,983,1983,0,-1,2,2,2,335.51474831799197,662.35400122735302,326.83925290936099,-72.746992135020506,-158.224320860197,-85.477328725176903,1.97414273008229,2,shell3-shell3,1
shell3-shell3,2,987,1987,0,-1,2,3,3,335.97256618348399,660.61918879478696,324.64662261130297,-72.289174269529198,-159.95913329276399,-87.669959023234497,1.96628908216871,2,shell3-shell3,1
shell3-shell3,2,988,1988,0,-1,2,2,2,339.243128025354,671.174468309129,331.931340283775,-69.018612427658994,-149.40385377842199,-80.385241350762996,1.97844676240271,2,shell3-shell3,1
shell3-shell3,2,989,1989,0,-1,2,2,2,369.23299442778301,743.715699218998,374.48270479121499,-39.0287460252298,-76.862622868552805,-37.833876843322997,2.0142178798825099,2,shell3-shell3,1
shell3-shell3,2,992,1992,0,-1,2,2,2,343.54256183235799,682.79264980041398,339.25008796805599,-64.719178620654404,-137.78567228713601,-73.066493666482003,1.9875052632739101,2,shell3-shell3,1
shell3-shell3,2,993,1993,0,-1,2,2,2,294.48535541613097,577.02140259150303,282.536047175372,-113.776385036882,-243.55691949604699,-129.78053445916601,1.9594230815862701,2,shell3-shell3,1
shell3-shell3,2,994,1994,0,-1,2,2,2,249.95399744402599,490.66539765267601,240.71140020864999,-158.30774300898599,-329.91292443487498,-171.60518142588799,1.96302280687691,2,shell3-shell3,1
shell3-shell3,2,995,1995,0,-1,2,2,2,287.375789511856,564.90695496780495,277.53116545594798,-120.88595094115701,-255.67136711974601,-134.78541617859,1.9657430291096201,2,shell3-shell3,1
shell3-shell3,2,996,1996,0,-1,2,2,2,304.66873109624203,601.29200269741705,296.62327160117502,-103.59300935677101,-219.286319390134,-115.69331003336301,1.97359276265038,2,shell3-shell3,1
shell3-shell3,1,104,104,0,-1,3,5,5,456.46988777583402,910.71116293487398,454.24127515904001,48.208147322820899,90.132840847322896,41.924693524501897,1.99511772260016,3,shell3-shell3,1
shell3-shell3,1,113,113,0,-1,3,6,6,433.85417723212498,855.29905205714999,421.44487482502399,25.5924367791125,34.7207299695988,9.1282931904862608,1.9713975269610899,3,shell3-shell3,1
shell3-shell3,1,161,161,0,-1,3,2,2,338.03183146952699,666.53192264162897,328.50009117210197,-70.229908983485601,-154.04639944592199,-83.816490462436306,1.9718022404695199,3,shell3-shell3,1
shell3-shell3,1,174,174,0,-1,3,4,4,385.39636431273601,756.46971381449998,371.07334950176403,-22.865376140276901,-64.108608273050393,-41.243232132773599,1.96283562550852,3,shell3-shell3,1
shell3-shell3,1,186,186,0,-1,3,6,6,436.52883623975202,858.16213647194502,421.63330023219299,28.267095786739599,37.583814384394302,9.3167185976547007,1.9658773149195199,3,shell3-shell3,1
shell3-shell3,1,215,215,0,-1,3,4,4,378.04773893879798,743.26579255593094,365.21805361713302,-30.2140015142149,-77.312529531620001,-47.098528017405101,1.96606331952235,3,shell3-shell3,1
shell3-shell3,1,231,231,0,-1,3,5,5,405.12723975157797,796.83857863405694,391.71133888247903,-3.1345007014347201,-23.739743453494,-20.605242752059301,1.9668847227421,3,shell3-shell3,1
shell3-shell3,1,246,246,0,-1,3,9,9,377.49312485311299,794.52301644811996,417.02989159500697,-30.768615599899601,-26.0553056394305,4.7133099604691902,2.1047350643995899,3,shell3-shell3,1
shell3-shell3,1,251,251,0,-1,3,2,2,361.14082019878998,720.32075494487196,359.17993474608102,-47.120920254222398,-100.25756714267899,-53.136646888456802,1.9945703023778101,3,shell3-shell3,1
shell3-shell3,1,270,270,0,-1,3,4,4,430.55861578912101,876.51208519571901,445.953469406598,22.296875336107998,55.9337631081683,33.636887772060298,2.0357555349096002,3,shell3-shell3,1
shell3-shell3,1,273,273,0,-1,3,4,4,389.30571442225499,773.64080576254401,384.33509134028901,-18.956026030757599,-46.937516325007003,-27.981490294249401,1.98723208291627,3,shell3-shell3,1
shell3-shell3,1,274,274,0,-1,3,5,5,362.65754087515199,715.64049909540597,352.98295822025398,-45.604199577860697,-104.937822992145,-59.333623414284197,1.97332308979002,3,shell3-shell3,1
shell3-shell3,1,285,285,0,-1,3,4,4,404.53691850266699,832.73582419222203,428.19890568955401,-3.7248219503453002,12.157502104670799,15.882324055016101,2.0584915395965999,3,shell3-shell3,1
shell3-shell3,1,286,286,0,-1,3,3,3,416.49491343726902,825.08077227126205,408.58585883399297,8.2331729842563792,4.5024501837110602,-3.7307228005453199,1.9810104413088601,3,shell3-shell3,1
shell3-shell3,1,288,288,0,-1,3,8,8,393.49536854852897,773.20516644904501,379.709797900517,-14.766371904484201,-47.373155638505601,-32.606783734021498,1.96496637127176,3,shell3-shell3,1
shell3-shell3,1,299,299,0,-1,3,3,3,398.53954379142601,786.14129403438903,387.60175024296302,-9.7221966615870201,-34.437028053161796,-24.714831391574801,1.97255531171535,3,shell3-shell3,1
shell3-shell3,1,302,302,0,-1,3,2,2,337.64140992016002,680.59941431354798,342.95800439338802,-70.620330532852293,-139.97890777400301,-69.3585772411503,2.0157462749444299,3,shell3-shell3,1
shell3-shell3,1,309,309,0,-1,3,6,6,406.96987760411298,800.89608576052103,393.92620815640902,-1.29186284890017,-19.682236327029401,-18.390373478129199,1.9679493000207,3,shell3-shell3,1
shell3-shell3,1,311,311,0,-1,3,3,3,400.87085241527001,790.13038617212601,389.259533756856,-7.3908880377424602,-30.447935915424299,-23.0570478776818,1.9710347644672701,3,shell3-shell3,1
shell3-shell3,1,317,317,0,-1,3,3,3,358.753190054306,711.65168392536305,352.89849387105698,-49.508550398707001,-108.926638162188,-59.418087763480798,1.9836804345004899,3,shell3-shell3,1
shell3-shell3,1,338,338,0,-1,3,8,8,378.81525615389103,755.69456187963306,376.87930572574197,-29.446484299121501,-64.883760207917902,-35.437275908796401,1.99488946024032,3,shell3-shell3,1
shell3-shell3,1,342,342,0,-1,3,2,2,383.05563755082801,760.11270911440795,377.05707156357897,-25.206102902184298,-60.465612973142903,-35.259510070958598,1.98434022267469,3,shell3-shell3,1
shell3-shell3,1,345,345,0,-1,3,2,2,322.99416899925802,639.23715533895802,316.2429863397,-85.2675714537544,-181.341166748592,-96.073595294837901,1.97909812836413,3,shell3-shell3,1
shell3-shell3,1,348,348,0,-1,3,2,2,307.41015103102598,609.34441885284195,301.934267821817,-100.851589421987,-211.23390323470801,-110.38231381272099,1.9821870449273,3,shell3-shell3,1
shell3-shell3,1,356,356,0,-1,3,2,2,350.94206699587698,691.449715206973,340.50764821109499,-57.319673457135401,-129.12860688057799,-71.808933423442795,1.97026740375099,3,shell3-shell3,1
shell3-shell3,1,361,361,0,-1,3,2,2,351.99220331080801,891.49928886308601,539.507085552278,-56.2695371422043,70.920966775535504,127.19050391774,2.5327245333212498,3,shell3-shell3,1
shell3-shell3,1,365,365,0,-1,3,3,3,368.96632335594597,728.54210018695096,359.57577683100499,-39.295417097066696,-92.036221900600097,-52.7408048035335,1.9745490416590601,3,shell3-shell3,1
shell3-shell3,1,370,370,0,-1,3,5,5,391.25194741285299,781.59621369799504,390.344266285142,-17.009793040159899,-38.982108389555897,-21.972315349396101,1.9976800597831801,3,shell3-shell3,1
shell3-shell3,1,374,374,0,-1,3,3,3,366.14324816524999,722.62951279337301,356.48626462812302,-42.118492287762997,-97.948809294177906,-55.830317006414901,1.9736251219010099,3,shell3-shell3,1
shell3-shell3,1,383,383,0,-1,3,2,2,366.80667277528499,722.41046585559604,355.60379308031099,-41.455067677727897,-98.167856231955099,-56.712788554227103,1.9694583536057,3,shell3-shell3,1
shell3-shell3,1,392,392,0,-1,3,5,5,392.20106059335802,774.48988219441696,382.288821601059,-16.060679859654702,-46.088439893133597,-30.027760033478899,1.9747266389914799,3,shell3-shell3,1
shell3-shell3,1,401,401,0,-1,3,4,4,401.67072634859301,788.872677582346,387.20195123375299,-6.5910141044195703,-31.705644505204901,-25.114630400785298,1.9639785173135,3,shell3-shell3,1
shell3-shell3,1,405,405,0,-1,3,3,3,365.44467620683099,721.09253810237703,355.64786189554599,-42.817064246181502,-99.485783985173597,-56.668719738992102,1.97319207270175,3,shell3-shell3,1
shell3-shell3,1,409,409,0,-1,3,2,2,317.353086517056,630.72698703003005,313.37390051297399,-90.908653935956707,-189.851335057521,-98.942681121564107,1.98746132880649,3,shell3-shell3,1
shell3-shell3,1,410,410,0,-1,3,3,3,364.220593808974,716.78089951833294,352.560305709359,-44.041146644039003,-103.797422569218,-59.756275925178798,1.9679856430475999,3,shell3-shell3,1
shell3-shell3,1,411,411,0,-1,3,3,3,412.24450603792002,811.38919305255297,399.14468701463301,3.9827655849074999,-9.1891290349978991,-13.1718946199054,1.96822318106992,3,shell3-shell3,1
shell3-shell3,1,429,429,0,-1,3,2,2,347.15218972247402,685.02567792582897,337.87348820335598,-61.109550730539198,-135.55264416172099,-74.443093431182206,1.9732719487480801,3,shell3-shell3,1
shell3-shell3,1,433,433,0,-1,3,2,2,380.48742535470302,760.09418089523297,379.60675554053,-27.7743150983096,-60.4841411923179,-32.709826094008299,1.99768541676942,3,shell3-shell3,1
shell3-shell3,1,435,435,0,-1,3,2,2,356.55525184247102,700.84801916090601,344.29276731843498,-51.706488610542202,-119.730302926645,-68.023814316103,1.9656084591078899,3,shell3-shell3,1
shell3-shell3,1,442,442,0,-1,3,3,3,348.31854812526501,686.02365259608598,337.70510447082199,-59.9431923277481,-134.55466949146401,-74.611477163716401,1.9695294904289,3,shell3-shell3,1
shell3-shell3,1,444,444,0,-1,3,2,2,357.71757010053398,705.75962494927296,348.04205484873899,-50.544170352478403,-114.818697138278,-64.274526785799296,1.9729520827029099,3,shell3-shell3,1
shell3-shell3,1,445,445,0,-1,3,3,3,374.45058206829401,737.11276989798398,362.66218782969003,-33.811158384719199,-83.465552189567205,-49.654393804847999,1.9685181575269799,3,shell3-shell3,1
shell3-shell3,1,451,451,0,-1,3,3,3,320.56096192496699,630.69410593650696,310.13314401154003,-87.700778528045305,-189.884216151044,-102.183437622998,1.96747009414119,3,shell3-shell3,1
shell3-shell3,1,453,453,0,-1,3,3,3,398.07053247112702,1074.0326088724,675.96207640127295,-10.191207981886199,253.45428678484799,263.645494766735,2.69809624491685,3,shell3-shell3,1
shell3-shell3,1,457,457,0,-1,3,3,3,372.270296275644,757.07180913561501,384.80151285997101,-35.991444177368599,-63.506512951936003,-27.5150687745673,2.03366160746558,3,shell3-shell3,1
shell3-shell3,1,458,458,0,-1,3,3,3,385.68193428764999,758.11996630470799,372.43803201705799,-22.579806165362498,-62.458355782842297,-39.878549617479798,1.9656610769310401,3,shell3-shell3,1
shell3-shell3,1,462,462,0,-1,3,2,2,338.68476616174399,668.32821040114095,329.64344423939701,-69.576974291269096,-152.25011168641001,-82.673137395140699,1.9733046099923199,3,shell3-shell3,1
shell3-shell3,1,467,467,0,-1,3,3,3,371.75345798745502,733.95039615106498,362.19693816361001,-36.508282465557301,-86.627925936485298,-50.119643470927997,1.9742933935958999,3,shell3-shell3,1
shell3-shell3,1,474,474,0,-1,3,2,2,351.19189584670897,690.848726450404,339.65683060369503,-57.069844606303597,-129.72959563714701,-72.659751030842898,1.9671545232693799,3,shell3-shell3,1
shell3-shell3,1,476,476,0,-1,3,2,2,357.78419900828999,725.42705524580299,367.64285623751198,-50.477541444722398,-95.151266841748097,-44.673725397025699,2.02755475858506,3,shell3-shell3,1
shell3-shell3,1,477,477,0,-1,3,2,2,341.979235258117,671.84493927263395,329.86570401451797,-66.282505194896203,-148.73338281491601,-82.450877620020293,1.9645781673426601,3,shell3-shell3,1
shell3-shell3,1,483,483,0,-1,3,2,2,347.09388688512502,692.08275925317901,344.98887236805399,-61.167853567887697,-128.49556283437201,-67.327709266484405,1.99393531664887,3,shell3-shell3,1
shell3-shell3,1,485,485,0,-1,3,2,2,370.07241365470099,729.60408329155598,359.53166963685499,-38.189326798312202,-90.974238795995007,-52.784911997682798,1.9715170771207999,3,shell3-shell3,1
shell3-shell3,1,488,488,0,-1,3,3,3,374.74160668535501,739.53795686432397,364.79635017896902,-33.520133767657903,-81.0403652232269,-47.520231455568997,1.9734610293360499,3,shell3-shell3,1
shell3-shell3,1,493,493,0,-1,3,3,3,383.04428370001801,761.81406002782398,378.76977632780603,-25.2174567529946,-58.764262059726398,-33.546805306731898,1.98884069661366,3,shell3-shell3,1
shell3-shell3,1,503,503,0,-1,3,3,3,394.71076338257399,783.535645245409,388.82488186283399,-13.5509770704383,-37.0426768421422,-23.4916997717039,1.98508811497994,3,shell3-shell3,1
shell3-shell3,1,508,508,0,-1,3,2,2,337.79300002099598,663.03327139138605,325.24027137039002,-70.468740432016901,-157.545050696164,-87.076310264147494,1.96283899118743,3,shell3-shell3,1
shell3-shell3,1,510,510,0,-1,3,3,3,370.037118841199,728.697043692742,358.659924851543,-38.224621611813703,-91.8812783948092,-53.656656782995498,1.96925391153924,3,shell3-shell3,1
shell3-shell3,1,516,516,0,-1,3,3,3,340.169798576044,671.49324961813397,331.32345104209003,-68.091941876968903,-149.08507246941701,-80.993130592447997,1.9739943182170101,3,shell3-shell3,1
shell3-shell3,1,524,524,0,-1,3,2,2,361.37088316145798,729.61127953500204,368.240396373544,-46.890857291554902,-90.967042552548506,-44.076185260993597,2.0190095924497,3,shell3-shell3,1
shell3-shell3,1,525,525,0,-1,3,4,4,409.60034350066502,812.75908264790496,403.15873914724,1.3386030476521,-7.8192394396455702,-9.1578424872976694,1.9842734400602,3,shell3-shell3,1
shell3-shell3,1,527,527,0,-1,3,2,2,337.289720527322,664.09762356802605,326.80790304070501,-70.9720199256911,-156.480698519524,-85.508678593833295,1.96892340071844,3,shell3-shell3,1
shell3-shell3,1,530,530,0,-1,3,2,2,350.678853643195,688.56444327698296,337.88558963378802,-57.582886809817701,-132.013878810568,-74.430992000750294,1.9635185758237199,3,shell3-shell3,1
shell3-shell3,1,532,532,0,-1,3,2,2,332.80076183449199,658.01669279451801,325.21593096002601,-75.460978618520599,-162.56162929303201,-87.100650674511698,1.9772090940157201,3,shell3-shell3,1
shell3-shell3,1,540,540,0,-1,3,4,4,425.61776258731902,855.22552854035303,429.607765953034,17.356022134306201,34.647206452801903,17.291184318495802,2.0093746166547599,3,shell3-shell3,1
shell3-shell3,1,546,546,0,-1,3,3,3,362.52907182857803,712.479174949342,349.95010312076403,-45.732668624434801,-108.099147138208,-62.3664785137736,1.9653021793690499,3,shell3-shell3,1
shell3-shell3,1,558,558,0,-1,3,2,2,327.03324642853698,654.30201554376697,327.26876911522999,-81.228494024475296,-166.27630654378299,-85.047812519308096,2.00072017964309,3,shell3-shell3,1
shell3-shell3,1,567,567,0,-1,3,2,2,327.460350663356,641.747280955213,314.286930291857,-80.801389789656596,-178.83104113233699,-98.029651342680694,1.9597709452615799,3,shell3-shell3,1
shell3-shell3,1,571,571,0,-1,3,3,3,357.50354138009402,707.79193529407098,350.28839391397702,-50.758199072919098,-112.78638679348001,-62.028187720561199,1.9798179692479001,3,shell3-shell3,1
shell3-shell3,1,572,572,0,-1,3,4,4,368.65038419445199,867.47423008093199,498.82384588648,-39.611356258560797,46.8959079933813,86.507264251942104,2.3531081677196002,3,shell3-shell3,1
shell3-shell3,1,576,576,0,-1,3,2,2,350.94630206577102,692.48476845213997,341.53846638636901,-57.315438387241301,-128.09355363540999,-70.778115248169101,1.9731929482543999,3,shell3-shell3,1
shell3-shell3,1,581,581,0,-1,3,3,3,338.77152151900998,685.14227309609703,346.37075157708699,-69.490218934003096,-135.43604899145399,-65.945830057450806,2.0224317263269498,3,shell3-shell3,1
shell3-shell3,1,585,585,0,-1,3,3,3,357.996852681402,722.65048126579597,364.65362858439403,-50.264887771610603,-97.9278408217547,-47.662953050144097,2.0185945095693798,3,shell3-shell3,1
shell3-shell3,1,586,586,0,-1,3,4,4,363.15162741127699,718.20503424308595,355.05340683180901,-45.110113041735801,-102.373287844464,-57.263174802728599,1.97770016718032,3,shell3-shell3,1
shell3-shell3,1,601,601,0,-1,3,2,2,317.73502077559999,627.54254033624102,309.80751956064199,-90.526719677413098,-193.035781751309,-102.509062073896,1.9750499608270899,3,shell3-shell3,1
shell3-shell3,1,602,602,0,-1,3,2,2,385.44140629530699,760.96529886340397,375.52389256809698,-22.820334157705901,-59.613023224146701,-36.792689066440701,1.9742697241001399,3,shell3-shell3,1
shell3-shell3,1,606,606,0,-1,3,2,2,349.22195967237701,697.09384783420296,347.87188816182601,-59.039780780635702,-123.484474253348,-64.444693472712103,1.9961340589468699,3,shell3-shell3,1
shell3-shell3,1,610,610,0,2,3,4,4,352.938389969995,1342.96615009886,990.02776012886295,-55.323350483017698,522.38782801130696,577.71117849432505,3.80510080020774,3,shell3-shell3,1
shell3-shell3,1,629,629,0,-1,3,2,2,294.10910413414899,577.77836088403899,283.66925674989,-114.152636318864,-242.799961203512,-128.64732488464799,1.9645034878638199,3,shell3-shell3,1
shell3-shell3,1,631,631,0,-1,3,2,2,363.32749842793402,726.79080375258502,363.46330532464998,-44.934242025078397,-93.787518334965995,-48.853276309887498,2.00037378645245,3,shell3-shell3,1
shell3-shell3,1,643,643,0,-1,3,3,3,375.93105884575198,756.07072899967898,380.139670153927,-32.330681607260502,-64.5075930878713,-32.176911480610798,2.01119516786162,3,shell3-shell3,1
shell3-shell3,1,648,648,0,-1,3,2,2,344.80225994989098,679.56146482956603,334.759204879675,-63.459480503121902,-141.01685725798501,-77.557376754863199,1.9708730010305699,3,shell3-shell3,1
shell3-shell3,1,649,649,0,-1,3,2,2,346.94457983641001,698.75182816024596,351.80724832383498,-61.3171606166025,-121.82649392730499,-60.509333310702601,2.0140156923325301,3,shell3-shell3,1
shell3-shell3,1,650,650,0,-1,3,2,2,312.680615800449,616.107942979835,303.427327179386,-95.581124652563702,-204.47037910771499,-108.889254455152,1.9704065805378601,3,shell3-shell3,1
shell3-shell3,1,656,656,0,-1,3,3,3,349.29459260373102,691.64926984158706,342.354677237857,-58.967147849282199,-128.92905224596299,-69.961904396681305,1.98013162667609,3,shell3-shell3,1
shell3-shell3,1,657,657,0,-1,3,2,2,357.86083897491699,730.61663906142599,372.755800086509,-50.400901478096003,-89.961683026124803,-39.5607815480288,2.04162221592689,3,shell3-shell3,1
shell3-shell3,1,663,663,0,-1,3,2,2,339.34158054845102,671.72191771142604,332.38033716297502,-68.920159904561501,-148.856404376125,-79.936244471563398,1.9794860288732501,3,shell3-shell3,1
shell3-shell3,1,668,668,0,-1,3,2,2,295.52611169077397,581.19869619312203,285.67258450234903,-112.735628762239,-239.37962589442901,-126.643997132189,1.96665767660241,3,shell3-shell3,1
shell3-shell3,1,674,674,0,-1,3,2,2,372.21186776201199,730.73598469090996,358.52411692889802,-36.049872691000601,-89.842337396641099,-53.792464705640498,1.96322591508053,3,shell3-shell3,1
shell3-shell3,1,677,677,0,-1,3,3,3,332.02068539376802,658.957950095039,326.93726470127098,-76.241055059244701,-161.62037199251199,-85.379316933267305,1.9846894458203199,3,shell3-shell3,1
shell3-shell3,1,680,680,0,-1,3,3,3,370.81453806168599,729.42948188016703,358.61494381848098,-37.447202391326996,-91.148840207383998,-53.701637816056902,1.9671005502994201,3,shell3-shell3,1
shell3-shell3,1,686,686,0,-1,3,3,3,359.85819420473302,713.79321361884899,353.93501941411603,-48.403546248279703,-106.785108468701,-58.3815622204216,1.98354025311635,3,shell3-shell3,1
shell3-shell3,1,687,687,0,-1,3,3,3,341.85449021484197,678.38071026164505,336.52622004680302,-66.407250238170903,-142.19761182590599,-75.790361587735006,1.9844136311777301,3,shell3-shell3,1
shell3-shell3,1,699,699,0,-1,3,2,2,341.88931412124299,672.56367960105194,330.67436547980901,-66.372426331769404,-148.01464248649901,-81.642216154729496,1.9671971360957501,3,shell3-shell3,1
shell3-shell3,1,702,702,0,-1,3,2,2,354.93862336238197,701.34955798882595,346.41093462644398,-53.323117090630603,-119.22876409872499,-65.905647008094306,1.9759741877196799,3,shell3-shell3,1
shell3-shell3,1,705,705,0,-1,3,4,4,341.98786974480799,670.45688114896996,328.46901140416202,-66.273870708204498,-150.12144093858001,-83.847570230375894,1.9604697723614199,3,shell3-shell3,1
shell3-shell3,1,709,709,0,-1,3,2,2,346.93961912615703,689.26210246061601,342.32248333445898,-61.322121326855502,-131.31621962693501,-69.994098300079301,1.9866918174311501,3,shell3-shell3,1
shell3-shell3,1,718,718,0,-1,3,2,2,355.05600846089499,721.89526251795803,366.83925405706299,-53.205731992117599,-98.6830595695928,-45.477327577475201,2.03318700519179,3,shell3-shell3,1
shell3-shell3,1,719,719,0,-1,3,2,2,370.96423196514297,734.83398154508404,363.86974957994101,-37.297508487869798,-85.744340542466503,-48.446832054596698,1.9808755621866301,3,shell3-shell3,1
shell3-shell3,1,726,726,0,-1,3,2,2,335.52978579990702,661.09700041591998,325.56721461601302,-72.7319546531062,-159.48132167163101,-86.749367018524893,1.9703079380563999,3,shell3-shell3,1
shell3-shell3,1,727,727,0,-1,3,2,2,358.69589369447402,704.72190419045398,346.02601049598002,-49.565846758538598,-115.856417897097,-66.290571138558306,1.96467792516943,3,shell3-shell3,1
shell3-shell3,1,728,728,0,-1,3,2,2,304.904054672342,606.51161266900294,301.607557996661,-103.35768578067101,-214.06670941854799,-110.709023637877,1.9891884131248301,3,shell3-shell3,1
shell3-shell3,1,732,732,0,-1,3,2,2,320.29964200049898,630.12149636616698,309.821854365668,-87.962098452513501,-190.45682572138401,-102.49472726886999,1.9672875449707301,3,shell3-shell3,1
shell3-shell3,1,733,733,0,-1,3,2,2,325.85027224658398,641.51131862866202,315.66104638207798,-82.411468206428793,-179.067003458888,-96.6555352524596,1.9687303441723201,3,shell3-shell3,1
shell3-shell3,1,735,735,0,-1,3,2,2,338.01440437369899,665.19890307415506,327.18449870045703,-70.247336079314195,-155.37941901339499,-85.132082934081197,1.9679602243776899,3,shell3-shell3,1
shell3-shell3,1,736,736,0,-1,3,2,2,329.53418772415898,650.27111532245601,320.73692759829697,-78.727552728853496,-170.307206765095,-91.579654036240996,1.97330395311449,3,shell3-shell3,1
shell3-shell3,1,737,737,0,-1,3,2,2,367.40672974268,751.80700618692799,384.40027644424902,-40.855010710333197,-68.771315900622497,-27.9163051902893,2.0462526821799698,3,shell3-shell3,1
shell3-shell3,1,743,743,0,-1,3,2,2,275.96716803317003,543.84532008131305,267.87815204814302,-132.29457241984301,-276.733002006238,-144.43842958639499,1.9706884842763099,3,shell3-shell3,1
shell3-shell3,1,744,744,0,-1,3,2,2,325.48004899864702,666.59042669031805,341.11037769167098,-82.781691454366197,-153.98789539723299,-71.206203942866793,2.0480223864446101,3,shell3-shell3,1
shell3-shell3,1,751,751,0,-1,3,2,2,366.00260903093698,719.103518819491,353.10090978855402,-42.259131422075903,-101.47480326806,-59.215671845983799,1.9647497069036099,3,shell3-shell3,1
shell3-shell3,1,753,753,0,-1,3,2,2,291.43875056678201,571.96956395272105,280.53081338593898,-116.82298988623,-248.60875813483,-131.785768248599,1.9625721110880801,3,shell3-shell3,1
shell3-shell3,1,762,762,0,-1,3,2,2,369.44126607991097,748.02706595955306,378.58579987964299,-38.820474373102002,-72.551256127997405,-33.730781754895403,2.02475233450979,3,shell3-shell3,1
shell3-shell3,1,765,765,0,-1,3,2,2,312.107161361941,618.40947183506705,306.30231047312702,-96.154579091072193,-202.168850252483,-106.014271161411,1.9814010967788001,3,shell3-shell3,1
shell3-shell3,1,768,768,0,-1,3,2,2,315.736151465604,620.24247063483301,304.50631916922998,-92.525588987409094,-200.33585145271701,-107.810262465308,1.9644328587516899,3,shell3-shell3,1
shell3-shell3,1,772,772,0,-1,3,2,2,362.66535875918998,712.66476008314805,349.99940132395801,-45.596381693822899,-107.913562004403,-62.317180310579701,1.9650753590622301,3,shell3-shell3,1
shell3-shell3,1,782,782,0,-1,3,2,2,318.39628657161899,629.26381184391698,310.867525272298,-89.865453881393904,-191.314510243634,-101.44905636224,1.9763541171274699,3,shell3-shell3,1
shell3-shell3,1,784,784,0,-1,3,2,2,329.64828477603498,652.80733273379303,323.15904795775799,-78.613455676978006,-167.77098935375801,-89.157533676779593,1.9803146653024899,3,shell3-shell3,1
shell3-shell3,1,786,786,0,-1,3,2,2,300.21703128700398,923.86238952204098,623.64535823503695,-108.044709166009,103.28406743449,211.328776600499,3.0773150529186299,3,shell3-shell3,1
shell3-shell3,1,789,789,0,-1,3,2,2,348.79883619938801,700.59317076855302,351.79433456916502,-59.4629042536246,-119.98515131899801,-60.522247065373001,2.0085880400359599,3,shell3-shell3,1
shell3-shell3,1,790,790,0,-1,3,2,2,370.57557634178397,728.81722886305101,358.24165252126602,-37.686164111228301,-91.761093224500001,-54.0749291132717,1.9667168464196301,3,shell3-shell3,1
shell3-shell3,1,802,802,0,-1,3,2,2,350.42782705544198,689.43393537060001,339.00610831515797,-57.833913397570903,-131.144386716951,-73.310473319379895,1.96740635914603,3,shell3-shell3,1
shell3-shell3,1,804,804,0,-1,3,2,2,311.27005335327198,612.26275217659895,300.99269882332698,-96.991687099740403,-208.31556991095201,-111.32388281121101,1.9669825143176201,3,shell3-shell3,1
shell3-shell3,1,806,806,0,-1,3,3,3,328.81645308427301,655.07479020734297,326.258337123069,-79.445287368739301,-165.50353188020799,-86.0582445114688,1.99222023126517,3,shell3-shell3,1
shell3-shell3,1,808,808,0,-1,3,2,2,321.68605548323598,635.52901334828402,313.84295786504799,-86.575684969776802,-185.04930873926699,-98.473623769489706,1.9756187827091101,3,shell3-shell3,1
shell3-shell3,1,813,813,0,-1,3,2,2,358.26807571335502,707.09556548680098,348.82748977344698,-49.993664739658101,-113.48275660074999,-63.489091861091403,1.97364937994793,3,shell3-shell3,1
shell3-shell3,1,820,820,0,-1,3,2,2,316.07313984925798,626.319380057888,310.24624020863001,-92.188600603754693,-194.25894202966299,-102.070341425908,1.98156471111906,3,shell3-shell3,1
shell3-shell3,1,825,825,0,-1,3,2,2,308.68134865798203,679.51524664458202,370.83389798659999,-99.580391795031105,-141.06307544296899,-41.482683647937797,2.20134857385725,3,shell3-shell3,1
shell3-shell3,1,827,827,0,-1,3,2,2,362.41785159125999,713.18271810821795,350.76486651695899,-45.8438888617532,-107.395603979333,-61.551715117579398,1.96784654778142,3,shell3-shell3,1
shell3-shell3,1,829,829,0,-1,3,2,2,326.982058545558,644.55315617210204,317.57109762654397,-81.279681907455199,-176.02516591544901,-94.745484007993994,1.9712187238624801,3,shell3-shell3,1
shell3-shell3,1,831,831,0,-1,3,2,2,356.934814286137,724.19901214875995,367.26419786262397,-51.326926166876198,-96.379309938790598,-45.0523837719144,2.0289391316370899,3,shell3-shell3,1
shell3-shell3,1,836,836,0,-1,3,2,2,353.896345548515,696.28353249514498,342.38718694662998,-54.3653949044973,-124.294789592406,-69.929394687908299,1.9674787300104899,3,shell3-shell3,1
shell3-shell3,1,837,837,0,-1,3,2,2,326.12975175777899,641.09034071261397,314.960588954836,-82.131988695234099,-179.487981374936,-97.355992679702396,1.9657523953495699,3,shell3-shell3,1
shell3-shell3,1,840,840,0,-1,3,2,2,359.99593607980802,725.21478303991398,365.21884696010699,-48.265804373205,-95.363539047636294,-47.0977346744314,2.01450824955741,3,shell3-shell3,1
shell3-shell3,1,843,843,0,-1,3,2,2,336.18799904665099,661.98648862356004,325.79848957691001,-72.073741406362203,-158.59183346399001,-86.518092057628095,1.9690961322260101,3,shell3-shell3,1
shell3-shell3,1,846,846,0,-1,3,2,2,337.19220469752503,670.82310254410595,333.63089784658098,-71.069535755488104,-149.75521954344501,-78.685683787956705,1.9894383476209401,3,shell3-shell3,1
shell3-shell3,1,855,855,0,-1,3,2,2,294.995636440189,579.64924783281299,284.65361139262399,-113.26610401282301,-240.929074254737,-127.662970241914,1.96494176940254,3,shell3-shell3,1
shell3-shell3,1,859,859,0,-1,3,2,2,309.64442021229303,610.41735923042404,300.77293901813101,-98.617320240719593,-210.16096285712601,-111.543642616407,1.9713494556495501,3,shell3-shell3,1
shell3-shell3,1,861,861,0,-1,3,2,2,343.82229753180002,676.69697030093596,332.874672769136,-64.439442921212901,-143.881351786614,-79.441908865401601,1.96815906111601,3,shell3-shell3,1
shell3-shell3,1,864,864,0,-1,3,2,2,391.31499099396802,771.40464480566004,380.08965381169202,-16.9467494590447,-49.173677281891102,-32.226927822846399,1.97131380744253,3,shell3-shell3,1
shell3-shell3,1,866,866,0,-1,3,2,2,316.69502061642697,620.39811880307104,303.70309818664498,-91.566719836585904,-200.18020328447901,-108.613483447893,1.95897654972758,3,shell3-shell3,1
shell3-shell3,1,870,870,0,-1,3,2,2,338.23631572049101,674.53993534232404,336.30361962183201,-70.025424732521302,-146.038386745227,-76.012962012705799,1.9942859592278199,3,shell3-shell3,1
shell3-shell3,1,871,871,0,-1,3,2,2,361.61649923675998,712.17662572901997,350.56012649226,-46.645241216252501,-108.40169635853,-61.7564551422779,1.9694251430235199,3,shell3-shell3,1
shell3-shell3,1,872,872,0,-1,3,2,2,314.50515898536901,630.353117031544,315.84795804617499,-93.756581467643599,-190.22520505600701,-96.4686235883634,2.0042695613170101,3,shell3-shell3,1
shell3-shell3,1,877,877,0,-1,3,2,2,369.58417686267802,748.94723862026501,379.36306175758699,-38.677563590334501,-71.631083467285904,-32.953519876951397,2.0264591546583999,3,shell3-shell3,1
shell3-shell3,1,880,880,0,-1,3,2,2,296.42148820296899,591.03613795998103,294.61464975701199,-111.84025225004299,-229.54218412756899,-117.70193187752599,1.99390449573372,3,shell3-shell3,1
shell3-shell3,1,885,885,0,-1,3,2,2,319.46232331242601,643.98329346995399,324.52097015752798,-88.799417140586996,-176.59502861759699,-87.795611477010098,2.0158348777804198,3,shell3-shell3,1
shell3-shell3,1,886,886,0,-1,3,2,2,291.38109223454302,570.93533455635702,279.55424232181502,-116.88064821847,-249.642987531193,-132.76233931272299,1.95941105916643,3,shell3-shell3,1
shell3-shell3,1,889,889,0,-1,3,3,3,364.55433633196299,726.328509721258,361.77417338929502,-43.707404121049699,-94.249812366292403,-50.542408245242697,1.9923738036676799,3,shell3-shell3,1
shell3-shell3,1,890,890,0,-1,3,2,2,337.868083860014,665.09977362325901,327.23168976324502,-70.393656592998596,-155.478548464292,-85.084891871293095,1.9685190919034099,3,shell3-shell3,1
shell3-shell3,1,891,891,0,-1,3,2,2,351.81828731056601,692.364167503001,340.54588019243403,-56.443453142446501,-128.21415458454999,-71.7707014421037,1.96795957593819,3,shell3-shell3,1
shell3-shell3,1,892,892,0,-1,3,2,2,328.43602480413603,648.33888948888398,319.90286468474801,-79.825715648876695,-172.23943259866701,-92.413716949789801,1.97401880587102,3,shell3-shell3,1
shell3-shell3,1,895,895,0,-1,3,2,2,369.74171379348701,727.173348361639,357.43163456815199,-38.520026659525499,-93.404973725911901,-54.884947066386403,1.96670627422847,3,shell3-shell3,1
shell3-shell3,1,898,898,0,-1,3,2,2,340.97662218805601,674.96627192096696,333.989649732911,-67.285118264956594,-145.612050166584,-78.326931901627106,1.97950893990823,3,shell3-shell3,1
shell3-shell3,1,901,901,0,-1,3,3,3,355.57959857887698,701.31349733244099,345.73389875356401,-52.6821418741361,-119.26482475511,-66.582682880973607,1.9723108416099699,3,shell3-shell3,1
shell3-shell3,1,908,908,0,-1,3,2,2,343.93082268744701,679.24904827846501,335.31822559101801,-64.330917765566099,-141.329273809086,-76.998356043519607,1.97495834473593,3,shell3-shell3,1
shell3-shell3,1,911,911,0,-1,3,2,2,306.56705489773401,604.57741357985003,298.01035868211602,-101.69468555527899,-216.00090850770101,-114.306222952422,1.9720886635438599,3,shell3-shell3,1
shell3-shell3,1,913,913,0,-1,3,2,2,353.98245379748897,701.39964278817297,347.417188990684,-54.2792866555234,-119.178679299377,-64.899392643854,1.9814531349326101,3,shell3-shell3,1
shell3-shell3,1,917,917,0,-1,3,2,2,342.498095183489,677.83521319919396,335.33711801570502,-65.763645269523295,-142.743108888357,-76.979463618833293,1.97909192118587,3,shell3-shell3,1
shell3-shell3,1,918,918,0,-1,3,2,2,336.18883638256699,667.93658080030195,331.74774441773502,-72.072904070445603,-152.641741287249,-80.568837216803203,1.98678988864527,3,shell3-shell3,1
shell3-shell3,1,925,925,1,0,3,2,3,275.30490373010599,3620.78351928658,3345.4786155564698,-132.95683672290701,2800.2051971990199,2933.1620339219298,13.1519034722178,3,shell3-shell3,1
shell3-shell3,1,926,926,0,-1,3,2,2,331.01851468894199,653.14782499147805,322.129310302536,-77.2432257640709,-167.430497096073,-90.187271332001799,1.9731458997247999,3,shell3-shell3,1
shell3-shell3,1,929,929,0,-1,3,2,2,365.54164055990401,721.44268784410804,355.90104728420499,-42.720099893108902,-99.135634243442396,-56.415534350333502,1.97362655247448,3,shell3-shell3,1
shell3-shell3,1,931,931,0,-1,3,2,2,294.165890148519,597.89513946421505,303.72924931569599,-114.095850304493,-222.68318262333599,-108.587332318842,2.0325100886521801,3,shell3-shell3,1
shell3-shell3,1,935,935,0,-1,3,2,2,335.44082237429097,664.75395258811398,329.313130213823,-72.820918078721803,-155.82436949943701,-83.003451420715393,1.9817324196944901,3,shell3-shell3,1
shell3-shell3,1,941,941,0,-1,3,2,2,371.47012308117399,739.66903165974804,368.19890857857399,-36.791617371838498,-80.909290427802702,-44.117673055964197,1.99119386917185,3,shell3-shell3,1
shell3-shell3,1,942,942,0,-1,3,2,2,299.40256298586201,587.62494711498903,288.22238412912702,-108.859177467151,-232.95337497256199,-124.094197505411,1.96265837291024,3,shell3-shell3,1
shell3-shell3,1,944,944,0,-1,3,2,2,355.36365463455002,700.16867896533699,344.80502433078698,-52.898085818462803,-120.40964312221401,-67.511557303751403,1.9702878159708801,3,shell3-shell3,1
shell3-shell3,1,951,951,0,-1,3,2,2,311.34767382536501,624.735400706527,313.38772688116097,-96.914066627647301,-195.84292138102401,-98.928854753376598,2.00655233113108,3,shell3-shell3,1
shell3-shell3,1,956,956,0,-1,3,2,2,326.82217927508998,645.53837712031304,318.71619784522301,-81.4395611779223,-175.03994496723701,-93.600383789315202,1.97519757854914,3,shell3-shell3,1
shell3-shell3,1,964,964,0,-1,3,2,2,300.47093963427,592.21784253859801,291.74690290432801,-107.79080081874299,-228.36047954895301,-120.56967873021,1.9709654559587,3,shell3-shell3,1
shell3-shell3,1,967,967,0,-1,3,2,2,321.69976554760001,643.21707236705902,321.51730681945901,-86.561974905412896,-177.361249720492,-90.799274815078704,1.9994328291541299,3,shell3-shell3,1
shell3-shell3,1,971,971,0,-1,3,2,2,334.82316000845799,659.31700258401099,324.493842575553,-73.4385804445551,-161.26131950353999,-87.822739058984695,1.9691499314663801,3,shell3-shell3,1
shell3-shell3,1,973,973,0,-1,3,2,2,386.91275468525902,762.63057269746605,375.71781801220601,-21.348985767753501,-57.9477493900851,-36.598763622331496,1.97106599217139,3,shell3-shell3,1
shell3-shell3,1,976,976,0,-1,3,2,2,353.54003102340602,701.20350619434601,347.66347517094101,-54.721709429607102,-119.374815893205,-64.653106463597396,1.983377961937,3,shell3-shell3,1
shell3-shell3,1,978,978,0,-1,3,2,2,327.32356039147402,643.05056138115697,315.72700098968301,-80.938180061538603,-177.52776070639399,-96.589580644855303,1.96457157135917,3,shell3-shell3,1
shell3-shell3,1,982,982,0,-1,3,2,2,336.46958300773503,663.75054850349204,327.28096549575702,-71.792157445277795,-156.827773584059,-85.035616138780796,1.9726910901430099,3,shell3-shell3,1
shell3-shell3,1,985,985,0,-1,3,2,2,343.73304453709,677.17334699267997,333.44030245558997,-64.528695915922796,-143.40497509487099,-78.876279178947897,1.9700560005938299,3,shell3-shell3,1
shell3-shell3,1,986,986,0,-1,3,2,2,364.89002372470401,720.55351391624401,355.66349019154001,-43.371716728308499,-100.024808171307,-56.653091442998097,1.9747142072041799,3,shell3-shell3,1
shell3-shell3,1,990,990,0,-1,3,2,2,354.04514511014497,699.58404636322098,345.53890125307697,-54.216595342868096,-120.99427572433,-66.777680381461394,1.97597412653569,3,shell3-shell3,1
shell3-shell3,1,991,991,0,-1,3,2,2,332.89319599748899,658.57309602747398,325.67990002998403,-75.368544455523306,-162.00522606007701,-86.636681604553601,1.9783315007508899,3,shell3-shell3,1
shell3-shell3,1,997,997,0,-1,3,2,2,307.06644858626203,609.947944281746,302.88149569548398,-101.19529186675,-210.63037780580501,-109.43508593905401,1.98637118151447,3,shell3-shell3,1
shell3-shell3,1,999,999,0,-1,3,2,2,279.703934946993,549.92966646029299,270.22573151330101,-128.55780550602,-270.64865562725703,-142.090850121237,1.9661134426461,3,shell3-shell3,1
shell3-shell3,2,104,1104,0,-1,3,5,5,456.46988777583402,910.71116293487296,454.24127515904001,48.208147322820899,90.132840847322697,41.924693524501699,1.99511772260016,3,shell3-shell3,1
shell3-shell3,2,113,1113,0,-1,3,6,6,433.85417723212498,855.29905205714999,421.44487482502399,25.5924367791125,34.720729969598899,9.1282931904863691,1.9713975269610899,3,shell3-shell3,1
shell3-shell3,2,161,1161,0,-1,3,2,2,338.03183146952699,666.53192264162897,328.50009117210197,-70.229908983485601,-154.04639944592199,-83.816490462436306,1.9718022404695199,3,shell3-shell3,1
shell3-shell3,2,174,1174,0,-1,3,4,4,385.39636431273601,756.46971381449998,371.07334950176403,-22.865376140276901,-64.108608273050507,-41.243232132773699,1.96283562550852,3,shell3-shell3,1
shell3-shell3,2,186,1186,0,-1,3,6,6,436.52883623975202,858.16213647194502,421.63330023219299,28.267095786739599,37.583814384394401,9.3167185976548108,1.9658773149195199,3,shell3-shell3,1
shell3-shell3,2,215,1215,0,-1,3,4,4,378.04773893879798,743.26579255593094,365.21805361713302,-30.2140015142149,-77.312529531620001,-47.098528017405101,1.96606331952235,3,shell3-shell3,1
shell3-shell3,2,231,1231,0,-1,3,5,5,405.12723975157797,796.83857863405694,391.71133888247903,-3.1345007014347201,-23.739743453494199,-20.6052427520594,1.9668847227421,3,shell3-shell3,1
shell3-shell3,2,246,1246,0,-1,3,9,9,377.49312485311299,794.52301644811996,417.02989159500697,-30.768615599899601,-26.0553056394306,4.71330996046908,2.1047350643995899,3,shell3-shell3,1
shell3-shell3,2,251,1251,0,-1,3,2,2,361.14082019878998,720.32075494487196,359.17993474608102,-47.120920254222398,-100.25756714267899,-53.136646888456497,1.9945703023778101,3,shell3-shell3,1
shell3-shell3,2,270,1270,0,-1,3,4,4,430.55861578912101,876.51208519571901,445.953469406598,22.296875336107998,55.933763108168101,33.636887772060199,2.0357555349096002,3,shell3-shell3,1
shell3-shell3,2,273,1273,0,-1,3,4,4,389.30571442225499,773.64080576254401,384.33509134028799,-18.956026030757599,-46.937516325007202,-27.9814902942496,1.98723208291627,3,shell3-shell3,1
shell3-shell3,2,274,1274,0,-1,3,5,5,362.65754087515199,715.64049909540597,352.98295822025398,-45.604199577860697,-104.937822992145,-59.333623414284197,1.97332308979002,3,shell3-shell3,1
shell3-shell3,2,285,1285,0,-1,3,4,4,404.53691850266699,832.73582419222203,428.19890568955401,-3.7248219503453002,12.157502104670799,15.882324055016101,2.0584915395965999,3,shell3-shell3,1
shell3-shell3,2,286,1286,0,-1,3,3,3,416.49491343726902,825.08077227126205,408.58585883399297,8.2331729842563792,4.5024501837110602,-3.7307228005453199,1.9810104413088601,3,shell3-shell3,1
shell3-shell3,2,288,1288,0,-1,3,8,8,393.49536854852897,773.20516644904501,379.709797900517,-14.766371904484201,-47.373155638505601,-32.606783734021498,1.96496637127176,3,shell3-shell3,1
shell3-shell3,2,299,1299,0,-1,3,3,3,398.53954379142601,786.14129403438903,387.60175024296302,-9.7221966615870201,-34.437028053162003,-24.714831391574901,1.97255531171535,3,shell3-shell3,1
shell3-shell3,2,302,1302,0,-1,3,2,2,337.64140992016002,680.59941431354798,342.95800439338802,-70.620330532852293,-139.97890777400301,-69.3585772411503,2.0157462749444299,3,shell3-shell3,1
shell3-shell3,2,309,1309,0,-1,3,6,6,406.96987760411298,800.89608576052103,393.92620815640902,-1.29186284890017,-19.682236327029401,-18.390373478129199,1.9679493000207,3,shell3-shell3,1
shell3-shell3,2,311,1311,0,-1,3,3,3,400.87085241527001,790.13038617212601,389.259533756856,-7.3908880377424602,-30.447935915424399,-23.057047877681999,1.9710347644672701,3,shell3-shell3,1
shell3-shell3,2,317,1317,0,-1,3,3,3,358.753190054306,711.65168392536305,352.89849387105698,-49.508550398707001,-108.926638162188,-59.418087763480997,1.9836804345004899,3,shell3-shell3,1
shell3-shell3,2,338,1338,0,-1,3,8,8,378.81525615389103,755.69456187963306,376.87930572574197,-29.446484299121501,-64.883760207917703,-35.437275908796202,1.99488946024032,3,shell3-shell3,1
shell3-shell3,2,342,1342,0,-1,3,2,2,383.05563755082801,760.11270911440795,377.05707156357897,-25.206102902184298,-60.465612973142903,-35.259510070958598,1.98434022267469,3,shell3-shell3,1
shell3-shell3,2,345,1345,0,-1,3,2,2,322.99416899925802,639.23715533895802,316.2429863397,-85.2675714537544,-181.341166748592,-96.073595294837901,1.97909812836413,3,shell3-shell3,1
shell3-shell3,2,348,1348,0,-1,3,2,2,307.41015103102598,609.34441885284298,301.934267821817,-100.851589421987,-211.23390323470801,-110.38231381272099,1.9821870449273,3,shell3-shell3,1
shell3-shell3,2,356,1356,0,-1,3,2,2,350.94206699587698,691.449715206973,340.50764821109499,-57.319673457135401,-129.12860688057799,-71.808933423442596,1.97026740375099,3,shell3-shell3,1
shell3-shell3,2,361,1361,0,-1,3,2,2,351.99220331080801,891.49928886308703,539.507085552278,-56.2695371422043,70.920966775535803,127.19050391774,2.5327245333212498,3,shell3-shell3,1
shell3-shell3,2,365,1365,0,-1,3,3,3,368.96632335594597,728.54210018695096,359.57577683100499,-39.295417097066696,-92.036221900600097,-52.7408048035335,1.9745490416590601,3,shell3-shell3,1
shell3-shell3,2,370,1370,0,-1,3,5,5,391.25194741285299,781.59621369799504,390.344266285142,-17.009793040159899,-38.982108389556103,-21.972315349396201,1.9976800597831801,3,shell3-shell3,1
shell3-shell3,2,374,1374,0,-1,3,3,3,366.14324816524999,722.62951279337301,356.48626462812302,-42.118492287762997,-97.948809294177593,-55.830317006414603,1.9736251219010099,3,shell3-shell3,1
shell3-shell3,2,383,1383,0,-1,3,2,2,366.80667277528499,722.41046585559502,355.60379308031099,-41.455067677727897,-98.167856231955298,-56.712788554227402,1.9694583536057,3,shell3-shell3,1
shell3-shell3,2,392,1392,0,-1,3,5,5,392.20106059335802,774.48988219441696,382.288821601059,-16.060679859654702,-46.088439893133597,-30.027760033478899,1.9747266389914799,3,shell3-shell3,1
shell3-shell3,2,401,1401,0,-1,3,4,4,401.67072634859301,788.872677582346,387.20195123375299,-6.5910141044195703,-31.705644505204599,-25.114630400785099,1.9639785173135,3,shell3-shell3,1
shell3-shell3,2,405,1405,0,-1,3,3,3,365.44467620683099,721.09253810237703,355.64786189554599,-42.817064246181502,-99.485783985173597,-56.668719738992102,1.97319207270175,3,shell3-shell3,1
shell3-shell3,2,409,1409,0,-1,3,2,2,317.353086517056,630.72698703003005,313.37390051297399,-90.908653935956707,-189.851335057521,-98.942681121564405,1.98746132880649,3,shell3-shell3,1
shell3-shell3,2,410,1410,0,-1,3,3,3,364.220593808974,716.78089951833294,352.560305709359,-44.041146644039003,-103.797422569218,-59.756275925178699,1.9679856430475999,3,shell3-shell3,1
shell3-shell3,2,411,1411,0,-1,3,3,3,412.24450603792002,811.38919305255297,399.14468701463198,3.9827655849074999,-9.1891290349981301,-13.171894619905601,1.96822318106992,3,shell3-shell3,1
shell3-shell3,2,429,1429,0,-1,3,2,2,347.15218972247402,685.02567792582897,337.87348820335598,-61.109550730539198,-135.55264416172199,-74.443093431182405,1.9732719487480801,3,shell3-shell3,1
shell3-shell3,2,433,1433,0,-1,3,2,2,380.48742535470302,760.09418089523297,379.60675554053,-27.7743150983096,-60.484141192317999,-32.709826094008498,1.99768541676942,3,shell3-shell3,1
shell3-shell3,2,435,1435,0,-1,3,2,2,356.55525184247102,700.84801916090601,344.29276731843498,-51.706488610542202,-119.730302926645,-68.023814316102701,1.9656084591078899,3,shell3-shell3,1
shell3-shell3,2,442,1442,0,-1,3,3,3,348.31854812526501,686.02365259608598,337.70510447082199,-59.9431923277481,-134.55466949146401,-74.611477163716202,1.9695294904289,3,shell3-shell3,1
shell3-shell3,2,444,1444,0,-1,3,2,2,357.71757010053398,705.75962494927296,348.04205484873899,-50.544170352478403,-114.818697138278,-64.274526785799296,1.9729520827029099,3,shell3-shell3,1
shell3-shell3,2,445,1445,0,-1,3,3,3,374.45058206829401,737.11276989798296,362.66218782969003,-33.811158384719199,-83.465552189567305,-49.654393804848198,1.9685181575269799,3,shell3-shell3,1
shell3-shell3,2,451,1451,0,-1,3,3,3,320.56096192496699,630.69410593650696,310.13314401154003,-87.700778528045305,-189.884216151044,-102.183437622998,1.96747009414119,3,shell3-shell3,1
shell3-shell3,2,453,1453,0,-1,3,3,3,398.07053247112702,1074.0326088724,675.96207640127295,-10.191207981886199,253.45428678484799,263.645494766735,2.69809624491685,3,shell3-shell3,1
shell3-shell3,2,457,1457,0,-1,3,3,3,372.270296275644,757.07180913561501,384.80151285997101,-35.991444177368599,-63.506512951936102,-27.515068774567499,2.03366160746558,3,shell3-shell3,1
shell3-shell3,2,458,1458,0,-1,3,3,3,385.68193428764999,758.11996630470901,372.43803201705799,-22.579806165362498,-62.458355782842197,-39.878549617479699,1.9656610769310401,3,shell3-shell3,1
shell3-shell3,2,462,1462,0,-1,3,2,2,338.68476616174399,668.32821040114095,329.64344423939701,-69.576974291269096,-152.25011168641001,-82.673137395140799,1.9733046099923199,3,shell3-shell3,1
shell3-shell3,2,467,1467,0,-1,3,3,3,371.75345798745502,733.95039615106498,362.19693816361001,-36.508282465557301,-86.627925936485397,-50.119643470928096,1.9742933935958999,3,shell3-shell3,1
shell3-shell3,2,474,1474,0,-1,3,2,2,351.19189584670897,690.848726450404,339.65683060369503,-57.069844606303597,-129.72959563714701,-72.659751030842997,1.9671545232693799,3,shell3-shell3,1
shell3-shell3,2,476,1476,0,-1,3,2,2,357.78419900828999,725.42705524580299,367.64285623751198,-50.477541444722398,-95.151266841748196,-44.673725397025798,2.02755475858506,3,shell3-shell3,1
shell3-shell3,2,477,1477,0,-1,3,2,2,341.979235258117,671.84493927263395,329.86570401451797,-66.282505194896203,-148.73338281491701,-82.450877620020407,1.9645781673426601,3,shell3-shell3,1
shell3-shell3,2,483,1483,0,-1,3,2,2,347.09388688512502,692.08275925317901,344.98887236805399,-61.167853567887697,-128.49556283437201,-67.327709266484405,1.99393531664887,3,shell3-shell3,1
shell3-shell3,2,485,1485,0,-1,3,2,2,370.07241365470099,729.60408329155598,359.53166963685499,-38.189326798312202,-90.974238795995205,-52.784911997682997,1.9715170771207999,3,shell3-shell3,1
shell3-shell3,2,488,1488,0,-1,3,3,3,374.74160668535501,739.53795686432397,364.79635017896902,-33.520133767657903,-81.040365223226999,-47.520231455569103,1.9734610293360499,3,shell3-shell3,1
shell3-shell3,2,493,1493,0,-1,3,3,3,383.04428370001801,761.81406002782398,378.76977632780603,-25.2174567529946,-58.764262059726299,-33.546805306731798,1.98884069661366,3,shell3-shell3,1
shell3-shell3,2,503,1503,0,-1,3,3,3,394.71076338257399,783.535645245409,388.82488186283399,-13.5509770704383,-37.0426768421421,-23.4916997717038,1.98508811497994,3,shell3-shell3,1
shell3-shell3,2,508,1508,0,-1,3,2,2,337.79300002099598,663.03327139138605,325.24027137039002,-70.468740432016901,-157.545050696164,-87.076310264147494,1.96283899118743,3,shell3-shell3,1
shell3-shell3,2,510,1510,0,-1,3,3,3,370.037118841199,728.69704369274098,358.65992485154197,-38.224621611813703,-91.881278394809399,-53.656656782995697,1.96925391153924,3,shell3-shell3,1
shell3-shell3,2,516,1516,0,-1,3,3,3,340.169798576044,671.49324961813397,331.32345104209003,-68.091941876968903,-149.08507246941701,-80.993130592447997,1.9739943182170101,3,shell3-shell3,1
shell3-shell3,2,524,1524,0,-1,3,2,2,361.37088316145798,729.61127953500204,368.240396373544,-46.890857291554902,-90.967042552548506,-44.076185260993597,2.0190095924497,3,shell3-shell3,1
shell3-shell3,2,525,1525,0,-1,3,4,4,409.60034350066502,812.75908264790496,403.15873914724102,1.3386030476521,-7.8192394396453402,-9.1578424872974402,1.9842734400602,3,shell3-shell3,1
shell3-shell3,2,527,1527,0,-1,3,2,2,337.289720527322,664.09762356802696,326.80790304070501,-70.9720199256911,-156.480698519524,-85.508678593833096,1.96892340071844,3,shell3-shell3,1
shell3-shell3,2,530,1530,0,-1,3,2,2,350.678853643195,688.56444327698296,337.88558963378802,-57.582886809817701,-132.013878810568,-74.430992000750294,1.9635185758237199,3,shell3-shell3,1
shell3-shell3,2,532,1532,0,-1,3,2,2,332.80076183449199,658.01669279451903,325.21593096002601,-75.460978618520599,-162.56162929303201,-87.100650674511598,1.9772090940157201,3,shell3-shell3,1
shell3-shell3,2,540,1540,0,-1,3,4,4,425.61776258731902,855.22552854035303,429.607765953034,17.356022134306201,34.647206452801903,17.291184318495802,2.0093746166547599,3,shell3-shell3,1
shell3-shell3,2,546,1546,0,-1,3,3,3,362.52907182857803,712.479174949342,349.95010312076403,-45.732668624434801,-108.09914713820901,-62.366478513773799,1.9653021793690499,3,shell3-shell3,1
shell3-shell3,2,558,1558,0,-1,3,2,2,327.03324642853698,654.30201554376697,327.26876911522999,-81.228494024475296,-166.27630654378299,-85.047812519308195,2.00072017964309,3,shell3-shell3,1
shell3-shell3,2,567,1567,0,-1,3,2,2,327.460350663356,641.747280955213,314.286930291857,-80.801389789656596,-178.83104113233799,-98.029651342680907,1.9597709452615799,3,shell3-shell3,1
shell3-shell3,2,571,1571,0,-1,3,3,3,357.50354138009402,707.79193529407098,350.28839391397702,-50.758199072919098,-112.78638679348001,-62.028187720561199,1.9798179692479001,3,shell3-shell3,1
shell3-shell3,2,572,1572,0,-1,3,4,4,368.65038419445199,867.47423008093199,498.82384588648,-39.611356258560797,46.8959079933813,86.507264251942104,2.3531081677196002,3,shell3-shell3,1
shell3-shell3,2,576,1576,0,-1,3,2,2,350.94630206577102,692.48476845213997,341.53846638636901,-57.315438387241301,-128.09355363540999,-70.778115248169101,1.9731929482543999,3,shell3-shell3,1
shell3-shell3,2,581,1581,0,-1,3,3,3,338.77152151900998,685.14227309609703,346.37075157708699,-69.490218934003096,-135.43604899145399,-65.945830057450806,2.0224317263269498,3,shell3-shell3,1
shell3-shell3,2,585,1585,0,-1,3,3,3,357.996852681402,722.65048126579597,364.65362858439403,-50.264887771610603,-97.9278408217547,-47.662953050144097,2.0185945095693798,3,shell3-shell3,1
shell3-shell3,2,586,1586,0,-1,3,4,4,363.15162741127699,718.20503424308595,355.05340683180901,-45.110113041735801,-102.373287844464,-57.263174802728699,1.97770016718032,3,shell3-shell3,1
shell3-shell3,2,601,1601,0,-1,3,2,2,317.73502077559999,627.54254033624102,309.80751956064199,-90.526719677413098,-193.03578175131,-102.509062073896,1.9750499608270899,3,shell3-shell3,1
shell3-shell3,2,602,1602,0,-1,3,2,2,385.44140629530699,760.96529886340397,375.52389256809698,-22.820334157705901,-59.613023224146403,-36.792689066440502,1.9742697241001399,3,shell3-shell3,1
shell3-shell3,2,606,1606,0,-1,3,2,2,349.22195967237701,697.09384783420296,347.87188816182601,-59.039780780635702,-123.484474253348,-64.444693472712103,1.9961340589468699,3,shell3-shell3,1
shell3-shell3,2,610,1610,0,2,3,4,4,352.938389969995,1342.96615009886,990.02776012886295,-55.323350483017698,522.38782801130696,577.71117849432505,3.80510080020774,3,shell3-shell3,1
shell3-shell3,2,629,1629,0,-1,3,2,2,294.10910413414899,577.77836088403899,283.66925674989,-114.152636318864,-242.799961203512,-128.64732488464799,1.9645034878638199,3,shell3-shell3,1
shell3-shell3,2,631,1631,0,-1,3,2,2,363.32749842793402,726.79080375258502,363.463305324651,-44.934242025078397,-93.787518334965597,-48.8532763098872,2.00037378645245,3,shell3-shell3,1
shell3-shell3,2,643,1643,0,-1,3,3,3,375.93105884575198,756.07072899967898,380.139670153927,-32.330681607260502,-64.507593087871598,-32.176911480610997,2.01119516786162,3,shell3-shell3,1
shell3-shell3,2,648,1648,0,-1,3,2,2,344.80225994989098,679.56146482956603,334.759204879675,-63.459480503121902,-141.01685725798501,-77.557376754863199,1.9708730010305699,3,shell3-shell3,1
shell3-shell3,2,649,1649,0,-1,3,2,2,346.94457983641001,698.75182816024596,351.80724832383601,-61.3171606166025,-121.82649392730499,-60.509333310702303,2.0140156923325301,3,shell3-shell3,1
shell3-shell3,2,650,1650,0,-1,3,2,2,312.680615800449,616.107942979835,303.427327179386,-95.581124652563702,-204.47037910771601,-108.889254455152,1.9704065805378601,3,shell3-shell3,1
shell3-shell3,2,656,1656,0,-1,3,3,3,349.29459260373102,691.64926984158706,342.35467723785598,-58.967147849282199,-128.92905224596399,-69.961904396681504,1.98013162667609,3,shell3-shell3,1
shell3-shell3,2,657,1657,0,-1,3,2,2,357.86083897491699,730.61663906142599,372.755800086509,-50.400901478096003,-89.961683026124803,-39.5607815480288,2.04162221592689,3,shell3-shell3,1
shell3-shell3,2,663,1663,0,-1,3,2,2,339.34158054845102,671.72191771142604,332.380337162974,-68.920159904561501,-148.856404376125,-79.936244471563597,1.9794860288732501,3,shell3-shell3,1
shell3-shell3,2,668,1668,0,-1,3,2,2,295.52611169077397,581.19869619312203,285.67258450234903,-112.735628762239,-239.37962589442901,-126.643997132189,1.96665767660241,3,shell3-shell3,1
shell3-shell3,2,674,1674,0,-1,3,2,2,372.21186776201199,730.73598469090996,358.52411692889802,-36.049872691000601,-89.8423373966409,-53.792464705640299,1.96322591508053,3,shell3-shell3,1
shell3-shell3,2,677,1677,0,-1,3,3,3,332.02068539376802,658.957950095039,326.93726470127098,-76.241055059244701,-161.62037199251199,-85.379316933267305,1.9846894458203199,3,shell3-shell3,1
shell3-shell3,2,680,1680,0,-1,3,3,3,370.81453806168599,729.42948188016703,358.61494381848098,-37.447202391326996,-91.148840207384197,-53.701637816057101,1.9671005502994201,3,shell3-shell3,1
shell3-shell3,2,686,1686,0,-1,3,3,3,359.85819420473302,713.79321361884899,353.93501941411603,-48.403546248279703,-106.78510846870201,-58.381562220421898,1.98354025311635,3,shell3-shell3,1
shell3-shell3,2,687,1687,0,-1,3,3,3,341.85449021484197,678.38071026164505,336.52622004680302,-66.407250238170903,-142.19761182590599,-75.790361587735205,1.9844136311777301,3,shell3-shell3,1
shell3-shell3,2,699,1699,0,-1,3,2,2,341.88931412124299,672.56367960105194,330.67436547980901,-66.372426331769404,-148.01464248649799,-81.642216154728999,1.9671971360957601,3,shell3-shell3,1
shell3-shell3,2,702,1702,0,-1,3,2,2,354.93862336238197,701.34955798882595,346.41093462644398,-53.323117090630603,-119.22876409872499,-65.905647008094306,1.9759741877196799,3,shell3-shell3,1
shell3-shell3,2,705,1705,0,-1,3,4,4,341.98786974480799,670.45688114897098,328.46901140416202,-66.273870708204498,-150.12144093858001,-83.847570230375695,1.9604697723614199,3,shell3-shell3,1
shell3-shell3,2,709,1709,0,-1,3,2,2,346.93961912615703,689.26210246061601,342.32248333445898,-61.322121326855502,-131.31621962693501,-69.994098300079003,1.9866918174311501,3,shell3-shell3,1
shell3-shell3,2,718,1718,0,-1,3,2,2,355.05600846089499,721.89526251795803,366.83925405706299,-53.205731992117599,-98.683059569592501,-45.477327577474902,2.03318700519179,3,shell3-shell3,1
shell3-shell3,2,719,1719,0,-1,3,2,2,370.96423196514297,734.83398154508404,363.86974957994101,-37.297508487869798,-85.744340542466603,-48.446832054596797,1.9808755621866301,3,shell3-shell3,1
shell3-shell3,2,726,1726,0,-1,3,2,2,335.52978579990702,661.09700041591896,325.56721461601302,-72.7319546531062,-159.48132167163101,-86.749367018525206,1.9703079380563999,3,shell3-shell3,1
shell3-shell3,2,727,1727,0,-1,3,2,2,358.69589369447402,704.72190419045398,346.02601049598002,-49.565846758538598,-115.85641789709599,-66.290571138557894,1.96467792516943,3,shell3-shell3,1
shell3-shell3,2,728,1728,0,-1,3,2,2,304.904054672342,606.51161266900294,301.607557996661,-103.35768578067101,-214.06670941854799,-110.709023637877,1.9891884131248301,3,shell3-shell3,1
shell3-shell3,2,732,1732,0,-1,3,2,2,320.29964200049898,630.12149636616698,309.821854365668,-87.962098452513501,-190.45682572138401,-102.49472726886999,1.9672875449707301,3,shell3-shell3,1
shell3-shell3,2,733,1733,0,-1,3,2,2,325.85027224658398,641.51131862866202,315.66104638207798,-82.411468206428793,-179.06700345888899,-96.655535252459998,1.9687303441723201,3,shell3-shell3,1
shell3-shell3,2,735,1735,0,-1,3,2,2,338.01440437369899,665.19890307415596,327.18449870045703,-70.247336079314195,-155.37941901339499,-85.132082934080898,1.9679602243776899,3,shell3-shell3,1
shell3-shell3,2,736,1736,0,-1,3,2,2,329.53418772415898,650.27111532245601,320.73692759829697,-78.727552728853496,-170.307206765095,-91.579654036241294,1.97330395311449,3,shell3-shell3,1
shell3-shell3,2,737,1737,0,-1,3,2,2,367.40672974268,751.80700618692799,384.40027644424902,-40.855010710333197,-68.771315900622497,-27.9163051902893,2.0462526821799698,3,shell3-shell3,1
shell3-shell3,2,743,1743,0,-1,3,2,2,275.96716803317003,543.84532008131202,267.87815204814302,-132.29457241984301,-276.733002006238,-144.43842958639499,1.9706884842763099,3,shell3-shell3,1
shell3-shell3,2,744,1744,0,-1,3,2,2,325.48004899864702,666.59042669031805,341.11037769167098,-82.781691454366197,-153.98789539723299,-71.206203942866907,2.0480223864446101,3,shell3-shell3,1
shell3-shell3,2,751,1751,0,-1,3,2,2,366.00260903093698,719.103518819491,353.10090978855402,-42.259131422075903,-101.47480326806,-59.215671845983799,1.9647497069036099,3,shell3-shell3,1
shell3-shell3,2,753,1753,0,-1,3,2,2,291.43875056678201,571.96956395272105,280.53081338593802,-116.82298988623,-248.60875813483,-131.78576824859999,1.9625721110880701,3,shell3-shell3,1
shell3-shell3,2,762,1762,0,-1,3,2,2,369.44126607991097,748.02706595955397,378.58579987964299,-38.820474373102002,-72.551256127997107,-33.730781754895098,2.02475233450979,3,shell3-shell3,1
shell3-shell3,2,765,1765,0,-1,3,2,2,312.107161361941,618.40947183506705,306.30231047312702,-96.154579091072193,-202.16885025248399,-106.014271161412,1.9814010967788001,3,shell3-shell3,1
shell3-shell3,2,768,1768,0,-1,3,2,2,315.736151465604,620.24247063483301,304.50631916922902,-92.525588987409094,-200.335851452718,-107.81026246530899,1.9644328587516899,3,shell3-shell3,1
shell3-shell3,2,772,1772,0,-1,3,2,2,362.66535875918998,712.66476008314805,349.99940132395898,-45.596381693822899,-107.913562004402,-62.317180310579403,1.9650753590622301,3,shell3-shell3,1
shell3-shell3,2,782,1782,0,-1,3,2,2,318.39628657161899,629.26381184391698,310.867525272298,-89.865453881393904,-191.314510243634,-101.44905636224,1.9763541171274699,3,shell3-shell3,1
shell3-shell3,2,784,1784,0,-1,3,2,2,329.64828477603498,652.80733273379303,323.15904795775901,-78.613455676978006,-167.77098935375699,-89.157533676779494,1.9803146653024899,3,shell3-shell3,1
shell3-shell3,2,786,1786,0,-1,3,2,2,300.21703128700398,923.86238952204098,623.64535823503695,-108.044709166009,103.28406743449,211.328776600499,3.0773150529186299,3,shell3-shell3,1
shell3-shell3,2,789,1789,0,-1,3,2,2,348.79883619938801,700.59317076855302,351.79433456916502,-59.4629042536246,-119.98515131899801,-60.5222470653732,2.0085880400359599,3,shell3-shell3,1
shell3-shell3,2,790,1790,0,-1,3,2,2,370.57557634178397,728.81722886305101,358.24165252126602,-37.686164111228301,-91.761093224500001,-54.0749291132717,1.9667168464196301,3,shell3-shell3,1
shell3-shell3,2,802,1802,0,-1,3,2,2,350.42782705544198,689.43393537060001,339.00610831515797,-57.833913397570903,-131.144386716951,-73.310473319379895,1.96740635914603,3,shell3-shell3,1
shell3-shell3,2,804,1804,0,-1,3,2,2,311.27005335327198,612.26275217659895,300.99269882332698,-96.991687099740403,-208.31556991095101,-111.32388281121101,1.9669825143176201,3,shell3-shell3,1
shell3-shell3,2,806,1806,0,-1,3,3,3,328.81645308427301,655.07479020734297,326.258337123069,-79.445287368739301,-165.50353188020799,-86.058244511468999,1.99222023126516,3,shell3-shell3,1
shell3-shell3,2,808,1808,0,-1,3,2,2,321.68605548323598,635.52901334828402,313.84295786504799,-86.575684969776802,-185.04930873926699,-98.473623769489706,1.9756187827091101,3,shell3-shell3,1
shell3-shell3,2,813,1813,0,-1,3,2,2,358.26807571335502,707.09556548680098,348.82748977344698,-49.993664739658101,-113.48275660074999,-63.489091861091403,1.97364937994793,3,shell3-shell3,1
shell3-shell3,2,820,1820,0,-1,3,2,2,316.07313984925798,626.319380057888,310.24624020863001,-92.188600603754693,-194.25894202966299,-102.070341425908,1.98156471111906,3,shell3-shell3,1
shell3-shell3,2,825,1825,0,-1,3,2,2,308.68134865798203,679.51524664458202,370.83389798659999,-99.580391795031105,-141.06307544296899,-41.482683647937598,2.2013485738572598,3,shell3-shell3,1
shell3-shell3,2,827,1827,0,-1,3,2,2,362.41785159125999,713.18271810821898,350.76486651695899,-45.8438888617532,-107.39560397933199,-61.5517151175791,1.96784654778142,3,shell3-shell3,1
shell3-shell3,2,829,1829,0,-1,3,2,2,326.982058545558,644.55315617210101,317.57109762654397,-81.279681907455199,-176.02516591544901,-94.745484007994094,1.9712187238624801,3,shell3-shell3,1
shell3-shell3,2,831,1831,0,-1,3,2,2,356.934814286137,724.19901214875995,367.26419786262397,-51.326926166876198,-96.379309938790499,-45.0523837719143,2.0289391316370899,3,shell3-shell3,1
shell3-shell3,2,836,1836,0,-1,3,2,2,353.896345548515,696.28353249514498,342.38718694662998,-54.3653949044973,-124.294789592405,-69.929394687908001,1.9674787300104899,3,shell3-shell3,1
shell3-shell3,2,837,1837,0,-1,3,2,2,326.12975175777899,641.09034071261397,314.960588954836,-82.131988695234099,-179.487981374936,-97.355992679702197,1.9657523953495699,3,shell3-shell3,1
shell3-shell3,2,840,1840,0,-1,3,2,2,359.99593607980802,725.21478303991398,365.21884696010602,-48.265804373205,-95.363539047636607,-47.097734674431599,2.01450824955741,3,shell3-shell3,1
shell3-shell3,2,843,1843,0,-1,3,2,2,336.18799904665099,661.98648862356004,325.79848957691001,-72.073741406362203,-158.59183346399001,-86.518092057628095,1.9690961322260101,3,shell3-shell3,1
shell3-shell3,2,846,1846,0,-1,3,2,2,337.19220469752503,670.82310254410595,333.630897846582,-71.069535755488104,-149.75521954344501,-78.685683787956506,1.9894383476209401,3,shell3-shell3,1
shell3-shell3,2,855,1855,0,-1,3,2,2,294.995636440189,579.64924783281299,284.65361139262399,-113.26610401282301,-240.929074254738,-127.662970241914,1.96494176940254,3,shell3-shell3,1
shell3-shell3,2,859,1859,0,-1,3,2,2,309.64442021229303,610.41735923042404,300.77293901813101,-98.617320240719593,-210.16096285712601,-111.543642616407,1.9713494556495501,3,shell3-shell3,1
shell3-shell3,2,861,1861,0,-1,3,2,2,343.82229753180002,676.69697030093596,332.874672769136,-64.439442921212901,-143.881351786614,-79.441908865401601,1.96815906111601,3,shell3-shell3,1
shell3-shell3,2,864,1864,0,-1,3,2,2,391.31499099396802,771.40464480566004,380.08965381169202,-16.9467494590447,-49.173677281891202,-32.226927822846498,1.97131380744253,3,shell3-shell3,1
shell3-shell3,2,866,1866,0,-1,3,2,2,316.69502061642697,620.39811880307104,303.70309818664401,-91.566719836585904,-200.18020328448,-108.613483447894,1.95897654972758,3,shell3-shell3,1
shell3-shell3,2,870,1870,0,-1,3,2,2,338.23631572049101,674.53993534232404,336.30361962183201,-70.025424732521302,-146.038386745227,-76.012962012705799,1.9942859592278199,3,shell3-shell3,1
shell3-shell3,2,871,1871,0,-1,3,2,2,361.61649923675998,712.17662572901997,350.56012649226,-46.645241216252501,-108.40169635853,-61.7564551422779,1.9694251430235199,3,shell3-shell3,1
shell3-shell3,2,872,1872,0,-1,3,2,2,314.50515898536901,630.35311703154298,315.84795804617403,-93.756581467643599,-190.22520505600701,-96.468623588363698,2.0042695613170101,3,shell3-shell3,1
shell3-shell3,2,877,1877,0,-1,3,2,2,369.58417686267802,748.94723862026501,379.36306175758699,-38.677563590334501,-71.631083467285904,-32.953519876951397,2.0264591546583999,3,shell3-shell3,1
shell3-shell3,2,880,1880,0,-1,3,2,2,296.42148820296899,591.03613795998103,294.61464975701199,-111.84025225004299,-229.54218412757001,-117.70193187752599,1.99390449573372,3,shell3-shell3,1
shell3-shell3,2,885,1885,0,-1,3,2,2,319.46232331242601,643.98329346995399,324.52097015752798,-88.799417140586996,-176.59502861759699,-87.795611477009999,2.0158348777804198,3,shell3-shell3,1
shell3-shell3,2,886,1886,0,-1,3,2,2,291.38109223454302,570.93533455635702,279.55424232181502,-116.88064821847,-249.642987531193,-132.76233931272299,1.95941105916643,3,shell3-shell3,1
shell3-shell3,2,889,1889,0,-1,3,3,3,364.55433633196299,726.328509721258,361.77417338929502,-43.707404121049699,-94.249812366292304,-50.542408245242598,1.9923738036676799,3,shell3-shell3,1
shell3-shell3,2,890,1890,0,-1,3,2,2,337.868083860014,665.09977362325901,327.23168976324502,-70.393656592998596,-155.478548464292,-85.084891871292896,1.9685190919034099,3,shell3-shell3,1
shell3-shell3,2,891,1891,0,-1,3,2,2,351.81828731056601,692.364167503001,340.54588019243403,-56.443453142446501,-128.21415458454999,-71.7707014421037,1.96795957593819,3,shell3-shell3,1
shell3-shell3,2,892,1892,0,-1,3,2,2,328.43602480413603,648.33888948888398,319.90286468474801,-79.825715648876695,-172.23943259866701,-92.4137169497901,1.97401880587102,3,shell3-shell3,1
shell3-shell3,2,895,1895,0,-1,3,2,2,369.74171379348701,727.173348361639,357.43163456815103,-38.520026659525499,-93.4049737259121,-54.884947066386601,1.96670627422847,3,shell3-shell3,1
shell3-shell3,2,898,1898,0,-1,3,2,2,340.97662218805601,674.96627192096696,333.989649732911,-67.285118264956594,-145.612050166584,-78.326931901627205,1.97950893990823,3,shell3-shell3,1
shell3-shell3,2,901,1901,0,-1,3,3,3,355.57959857887698,701.31349733244099,345.73389875356497,-52.6821418741361,-119.264824755109,-66.582682880973294,1.9723108416099799,3,shell3-shell3,1
shell3-shell3,2,908,1908,0,-1,3,2,2,343.93082268744701,679.24904827846501,335.31822559101801,-64.330917765566099,-141.329273809086,-76.998356043519706,1.97495834473593,3,shell3-shell3,1
shell3-shell3,2,911,1911,0,-1,3,2,2,306.56705489773401,604.57741357984901,298.01035868211602,-101.69468555527899,-216.00090850770101,-114.306222952422,1.9720886635438599,3,shell3-shell3,1
shell3-shell3,2,913,1913,0,-1,3,2,2,353.98245379748897,701.39964278817297,347.417188990684,-54.2792866555234,-119.178679299377,-64.899392643854,1.9814531349326101,3,shell3-shell3,1
shell3-shell3,2,917,1917,0,-1,3,2,2,342.498095183489,677.83521319919396,335.33711801570502,-65.763645269523295,-142.743108888357,-76.979463618833293,1.97909192118587,3,shell3-shell3,1
shell3-shell3,2,918,1918,0,-1,3,2,2,336.18883638256699,667.93658080030195,331.74774441773502,-72.072904070445603,-152.641741287249,-80.568837216803004,1.98678988864527,3,shell3-shell3,1
shell3-shell3,2,925,1925,1,0,3,2,3,275.30490373010599,3620.78351928658,3345.4786155564698,-132.95683672290701,2800.20519719903,2933.1620339219298,13.1519034722178,3,shell3-shell3,1
shell3-shell3,2,926,1926,0,-1,3,2,2,331.01851468894199,653.14782499147702,322.12931030253498,-77.2432257640709,-167.430497096073,-90.187271332002496,1.9731458997247899,3,shell3-shell3,1
shell3-shell3,2,929,1929,0,-1,3,2,2,365.54164055990401,721.44268784410804,355.90104728420499,-42.720099893108902,-99.135634243442396,-56.415534350333502,1.97362655247448,3,shell3-shell3,1
shell3-shell3,2,931,1931,0,-1,3,2,2,294.165890148519,597.89513946421505,303.72924931569599,-114.095850304493,-222.68318262333599,-108.587332318842,2.0325100886521801,3,shell3-shell3,1
shell3-shell3,2,935,1935,0,-1,3,2,2,335.44082237429097,664.75395258811398,329.313130213823,-72.820918078721803,-155.82436949943701,-83.003451420715507,1.9817324196944901,3,shell3-shell3,1
shell3-shell3,2,941,1941,0,-1,3,2,2,371.47012308117399,739.66903165974804,368.19890857857399,-36.791617371838498,-80.909290427802503,-44.117673055963998,1.99119386917185,3,shell3-shell3,1
shell3-shell3,2,942,1942,0,-1,3,2,2,299.40256298586201,587.62494711498903,288.22238412912702,-108.859177467151,-232.95337497256199,-124.094197505411,1.96265837291024,3,shell3-shell3,1
shell3-shell3,2,944,1944,0,-1,3,2,2,355.36365463455002,700.16867896533597,344.80502433078601,-52.898085818462803,-120.40964312221401,-67.511557303751601,1.9702878159708801,3,shell3-shell3,1
shell3-shell3,2,951,1951,0,-1,3,2,2,311.34767382536501,624.735400706527,313.38772688116097,-96.914066627647301,-195.84292138102401,-98.928854753376797,2.00655233113108,3,shell3-shell3,1
shell3-shell3,2,956,1956,0,-1,3,2,2,326.82217927508998,645.53837712031304,318.71619784522301,-81.4395611779223,-175.03994496723701,-93.600383789315003,1.97519757854915,3,shell3-shell3,1
shell3-shell3,2,964,1964,0,-1,3,2,2,300.47093963427,592.21784253859801,291.74690290432801,-107.79080081874299,-228.36047954895301,-120.56967873021,1.9709654559587,3,shell3-shell3,1
shell3-shell3,2,967,1967,0,-1,3,2,2,321.69976554760001,643.21707236705902,321.51730681945901,-86.561974905412896,-177.361249720492,-90.799274815078704,1.9994328291541299,3,shell3-shell3,1
shell3-shell3,2,971,1971,0,-1,3,2,2,334.82316000845799,659.31700258401099,324.49384257555403,-73.4385804445551,-161.26131950353999,-87.822739058984396,1.9691499314663801,3,shell3-shell3,1
shell3-shell3,2,973,1973,0,-1,3,2,2,386.91275468525902,762.63057269746605,375.71781801220698,-21.348985767753501,-57.947749390084901,-36.598763622331397,1.97106599217139,3,shell3-shell3,1
shell3-shell3,2,976,1976,0,-1,3,2,2,353.54003102340602,701.20350619434601,347.66347517094101,-54.721709429607102,-119.374815893205,-64.653106463597496,1.983377961937,3,shell3-shell3,1
shell3-shell3,2,978,1978,0,-1,3,2,2,327.32356039147402,643.05056138115697,315.72700098968301,-80.938180061538603,-177.52776070639399,-96.589580644855204,1.96457157135917,3,shell3-shell3,1
shell3-shell3,2,982,1982,0,-1,3,2,2,336.46958300773503,663.75054850349204,327.28096549575702,-71.792157445277795,-156.827773584059,-85.035616138780796,1.9726910901430099,3,shell3-shell3,1
shell3-shell3,2,985,1985,0,-1,3,2,2,343.73304453709,677.17334699267997,333.44030245558997,-64.528695915922796,-143.40497509487099,-78.876279178947897,1.9700560005938299,3,shell3-shell3,1
shell3-shell3,2,986,1986,0,-1,3,2,2,364.89002372470401,720.55351391624401,355.66349019154001,-43.371716728308499,-100.024808171307,-56.653091442998203,1.9747142072041799,3,shell3-shell3,1
shell3-shell3,2,990,1990,0,-1,3,2,2,354.04514511014497,699.58404636322098,345.53890125307697,-54.216595342868096,-120.99427572433,-66.777680381461394,1.97597412653569,3,shell3-shell3,1
shell3-shell3,2,991,1991,0,-1,3,2,2,332.89319599748899,658.57309602747398,325.67990002998403,-75.368544455523306,-162.00522606007701,-86.636681604553701,1.9783315007508899,3,shell3-shell3,1
shell3-shell3,2,997,1997,0,-1,3,2,2,307.06644858626203,609.947944281746,302.88149569548398,-101.19529186675,-210.63037780580501,-109.43508593905401,1.98637118151447,3,shell3-shell3,1
shell3-shell3,2,999,1999,0,-1,3,2,2,279.703934946993,549.92966646029402,270.22573151330101,-128.55780550602,-270.64865562725703,-142.090850121237,1.9661134426461,3,shell3-shell3,1
